ticker,asset_name,asset_class,scenario_code,scenario_name,scenario_name_ko,lens,scenario_beta,conditional_return_hit,downside_capture,direction,magnitude,sensitivity_level,confidence,method,sensitivity_version,method_priority,sample_count,sample_count_actual,direct_metric_count,source_quality,beta_stability,event_or_seed_dependent,window_start,window_end,active_hit_count,scenario_context_weight,scenario_trade_gate_weight,evidence_quality,gate_eligible,gate_reason,context_reason,scenario_return_beta,scenario_downside_beta,scenario_conditional_return,recommended_role,notes
000270.KS,000270.KS,kr_stock,higher_for_longer_long_rate_shock,Higher-for-Longer / Long-Rate Shock,장기금리 부담장,us_global,0.031916,-0.004996,0.107497,neutral,0.031916,low,84.792857,rolling_beta,v3,1,4621,4621,3,market,pass,N,,2026-05-19,1,0.957691,0.957691,high,Y,trade-gated adverse scenario with medium/high evidence,active market context,0.058029,0.107497,-0.004996,rate_sensitive,장기금리와 달러 강세 부담이 채권·성장주·신용자산을 압박하는 장세입니다. 고밸류 성장주와 반도체 factor 민감도를 점검합니다.
000270.KS,000270.KS,kr_stock,usd_strength_krw_weakness,USD Strength / KRW Weakness,달러강세/원화약세장,fx_krw,0.666702,-0.004996,1.106029,positive,0.666702,medium,55.911083,rolling_beta,v3,1,4195,4195,4,market,pass,N,,2026-05-19,1,0.741605,0.0,high,N,below ACTIVE confidence/coverage trade-gate threshold,active market context,-0.318803,1.106029,-0.004996,krw_weakness_vulnerable,달러가 강하고 원화가 약해져 KRW 기준 투자자의 환율 리스크가 커지는 장세입니다. 한국 자산과 USD 노출의 역할을 분리해 봅니다.
000270.KS,000270.KS,kr_stock,stagflation_reinflation_energy_shock,Stagflation / Reinflation / Energy Shock,물가·에너지 재상승장,us_global,0.145219,-0.004996,0.058029,positive,0.145219,low,72.569021,rolling_beta,v3,1,4621,4621,2,market,pass,N,,2026-05-19,1,0.74313,0.74313,high,Y,trade-gated adverse scenario with medium/high evidence,active market context,0.019123,,-0.004996,stagflation_vulnerable,성장 부담이 있는데 유가·원자재·인플레이션 압력이 다시 커지는 장세입니다. 에너지/원자재 수혜와 장기채 부담을 함께 봅니다.
000270.KS,000270.KS,kr_stock,china_trade_fragmentation_shock,China / Trade Fragmentation Shock,중국·무역분절 충격장,china_asia,0.598271,-0.004996,1.106029,positive,0.598271,medium,46.541871,rolling_beta,v3,1,1185,1185,5,market,pass,N,,2026-05-19,1,0.691684,0.0,medium,N,below ACTIVE confidence/coverage trade-gate threshold,active market context,0.969393,1.106029,-0.004996,china_asia_shock_vulnerable,중국 경기·무역갈등·공급망 충격이 한국/아시아와 반도체 자산에 번지는 장세입니다. 한국 반도체 factor와 원화 약세를 함께 확인합니다.
000270.KS,000270.KS,kr_stock,acute_global_stress_liquidity_crunch,Acute Global Stress / Liquidity Crunch,급성 리스크오프/유동성 경색장,us_global,0.256753,-0.004996,0.107497,positive,0.256753,low,59.880692,rolling_beta,v3,1,4621,4621,3,market,pass,N,,2026-05-19,1,0.405911,0.0,high,N,context only: WATCH state,context only: WATCH state,0.058029,0.107497,-0.004996,liquidity_stress_vulnerable,변동성이 튀고 위험자산이 동반 약세를 보이는 단기 스트레스 장세입니다. 상관관계 상승과 유동성 악화를 우선 점검합니다.
000270.KS,000270.KS,kr_stock,geopolitical_escalation_supply_shock,Geopolitical Escalation / Supply Shock,지정학 확전·공급충격장,geopolitical,0.343307,-0.004996,0.058029,positive,0.343307,medium,68.226901,rolling_beta,v3,1,4195,4195,3,manual,pass,Y,,2026-05-19,1,0.401425,0.0,medium,N,context only: source_quality=manual,context only: source_quality=manual,0.019123,,-0.004996,geopolitical_supply_shock_vulnerable,"전쟁, 제재, 해상로 차질, 대만·중동·한반도 긴장처럼 유가·금·방산·변동성이 동시에 움직이는 이벤트성 충격 장세입니다. 뉴스 overlay는 가격 신호를 보강하는 용도로만 해석합니다."
000270.KS,000270.KS,kr_stock,soft_landing_goldilocks,Soft Landing / Goldilocks,우호적 위험선호장,us_global,0.058029,-0.004996,0.107497,positive,0.058029,low,52.393619,rolling_beta,v3,1,4621,4621,3,market,pass,N,,2026-05-19,1,0.385976,0.0,high,N,non-adverse scenario,context only: WATCH state,0.058029,0.107497,-0.004996,neutral_or_defensive,우호적 위험선호장 참여 민감도
000270.KS,000270.KS,kr_stock,semiconductor_ai_cycle_shock,Semiconductor / AI Cycle Shock,AI·반도체 사이클 충격장,korea_semiconductor,0.348592,-0.004996,0.130221,positive,0.348592,medium,35.914571,rolling_beta,v3,1,1185,1185,6,market,pass,N,,2026-05-19,0,0.0,0.0,medium,N,scenario inactive,inactive scenario,0.037153,0.130221,-0.004996,semiconductor_ai_shock_vulnerable,"AI capex 기대와 반도체 모멘텀이 꺾이면서 미국 성장주와 한국 반도체 대형주가 동시에 압박받는 장세입니다. SOXX, AI leader basket, 한국 반도체 basket의 동반 약세와 원화 압력을 함께 봅니다."
000270.KS,000270.KS,kr_stock,korea_domestic_financial_stress,Korea Domestic Financial Stress,한국 내수 금융스트레스장,korea_market,0.743423,-0.004996,1.106029,positive,0.743423,medium,24.490447,rolling_beta,v3,1,4195,4195,5,seed,pass,Y,,2026-05-19,0,0.0,0.0,low,N,scenario inactive,inactive scenario,0.969393,1.106029,-0.004996,korea_financial_stress_vulnerable,"가계부채, 부동산 PF, 비은행권, 금융주와 건설주 스트레스가 한국 자산 전반으로 번지는 장세입니다. 금융/건설 basket, 신용 spread, 단기자금 spread, 원화 약세를 함께 점검합니다."
000270.KS,000270.KS,kr_stock,slowdown_recession_deflation_risk,Slowdown / Recession / Deflation Risk,경기둔화/침체 우려장,us_global,0.212592,-0.004996,0.107497,positive,0.212592,low,62.915468,rolling_beta,v3,1,4621,4621,3,market,pass,N,,2026-05-19,0,0.0,0.0,high,N,scenario inactive,inactive scenario,0.058029,0.107497,-0.004996,slowdown_vulnerable,수요 둔화와 침체/디플레이션 압력이 커지는 방어적 장세입니다. 주식 beta와 신용위험을 보수적으로 봅니다.
000660.KS,000660.KS,kr_stock,higher_for_longer_long_rate_shock,Higher-for-Longer / Long-Rate Shock,장기금리 부담장,us_global,0.317358,-0.01021,0.255832,positive,0.317358,medium,84.792857,rolling_beta,v3,1,4621,4621,3,market,pass,N,,2026-05-19,1,0.957691,0.957691,high,Y,trade-gated adverse scenario with medium/high evidence,active market context,0.122468,0.255832,-0.01021,rate_sensitive,장기금리와 달러 강세 부담이 채권·성장주·신용자산을 압박하는 장세입니다. 고밸류 성장주와 반도체 factor 민감도를 점검합니다.
000660.KS,000660.KS,kr_stock,usd_strength_krw_weakness,USD Strength / KRW Weakness,달러강세/원화약세장,fx_krw,0.714647,-0.01021,1.245427,positive,0.714647,medium,55.911083,rolling_beta,v3,1,4195,4195,4,market,pass,N,,2026-05-19,1,0.741605,0.0,high,N,below ACTIVE confidence/coverage trade-gate threshold,active market context,-0.412673,1.245427,-0.01021,krw_weakness_vulnerable,달러가 강하고 원화가 약해져 KRW 기준 투자자의 환율 리스크가 커지는 장세입니다. 한국 자산과 USD 노출의 역할을 분리해 봅니다.
000660.KS,000660.KS,kr_stock,stagflation_reinflation_energy_shock,Stagflation / Reinflation / Energy Shock,물가·에너지 재상승장,us_global,0.298119,-0.01021,0.122468,positive,0.298119,low,72.569021,rolling_beta,v3,1,4621,4621,2,market,pass,N,,2026-05-19,1,0.74313,0.74313,high,Y,trade-gated adverse scenario with medium/high evidence,active market context,0.015815,,-0.01021,stagflation_vulnerable,성장 부담이 있는데 유가·원자재·인플레이션 압력이 다시 커지는 장세입니다. 에너지/원자재 수혜와 장기채 부담을 함께 봅니다.
000660.KS,000660.KS,kr_stock,china_trade_fragmentation_shock,China / Trade Fragmentation Shock,중국·무역분절 충격장,china_asia,1.116973,-0.01021,1.245427,positive,1.116973,high,46.541871,rolling_beta,v3,1,1185,1185,5,market,pass,N,,2026-05-19,1,0.691684,0.0,medium,N,below ACTIVE confidence/coverage trade-gate threshold,active market context,1.320845,1.245427,-0.01021,china_asia_shock_vulnerable,중국 경기·무역갈등·공급망 충격이 한국/아시아와 반도체 자산에 번지는 장세입니다. 한국 반도체 factor와 원화 약세를 함께 확인합니다.
000660.KS,000660.KS,kr_stock,acute_global_stress_liquidity_crunch,Acute Global Stress / Liquidity Crunch,급성 리스크오프/유동성 경색장,us_global,0.526816,-0.01021,0.255832,positive,0.526816,medium,59.880692,rolling_beta,v3,1,4621,4621,3,market,pass,N,,2026-05-19,1,0.405911,0.0,high,N,context only: WATCH state,context only: WATCH state,0.122468,0.255832,-0.01021,liquidity_stress_vulnerable,변동성이 튀고 위험자산이 동반 약세를 보이는 단기 스트레스 장세입니다. 상관관계 상승과 유동성 악화를 우선 점검합니다.
000660.KS,000660.KS,kr_stock,geopolitical_escalation_supply_shock,Geopolitical Escalation / Supply Shock,지정학 확전·공급충격장,geopolitical,0.496537,-0.01021,0.122468,positive,0.496537,medium,68.226901,rolling_beta,v3,1,4195,4195,3,manual,pass,Y,,2026-05-19,1,0.401425,0.0,medium,N,context only: source_quality=manual,context only: source_quality=manual,0.015815,,-0.01021,geopolitical_supply_shock_vulnerable,"전쟁, 제재, 해상로 차질, 대만·중동·한반도 긴장처럼 유가·금·방산·변동성이 동시에 움직이는 이벤트성 충격 장세입니다. 뉴스 overlay는 가격 신호를 보강하는 용도로만 해석합니다."
000660.KS,000660.KS,kr_stock,soft_landing_goldilocks,Soft Landing / Goldilocks,우호적 위험선호장,us_global,0.122468,-0.01021,0.255832,positive,0.122468,low,52.393619,rolling_beta,v3,1,4621,4621,3,market,pass,N,,2026-05-19,1,0.385976,0.0,high,N,non-adverse scenario,context only: WATCH state,0.122468,0.255832,-0.01021,neutral_or_defensive,우호적 위험선호장 참여 민감도
000660.KS,000660.KS,kr_stock,semiconductor_ai_cycle_shock,Semiconductor / AI Cycle Shock,AI·반도체 사이클 충격장,korea_semiconductor,1.003999,-0.01021,0.136832,positive,1.003999,high,35.914571,rolling_beta,v3,1,1185,1185,6,market,pass,N,,2026-05-19,0,0.0,0.0,medium,N,scenario inactive,inactive scenario,0.143288,0.136832,-0.01021,semiconductor_ai_shock_vulnerable,"AI capex 기대와 반도체 모멘텀이 꺾이면서 미국 성장주와 한국 반도체 대형주가 동시에 압박받는 장세입니다. SOXX, AI leader basket, 한국 반도체 basket의 동반 약세와 원화 압력을 함께 봅니다."
000660.KS,000660.KS,kr_stock,korea_domestic_financial_stress,Korea Domestic Financial Stress,한국 내수 금융스트레스장,korea_market,0.988186,-0.01021,1.245427,positive,0.988186,high,24.490447,rolling_beta,v3,1,4195,4195,5,seed,pass,Y,,2026-05-19,0,0.0,0.0,low,N,scenario inactive,inactive scenario,1.320845,1.245427,-0.01021,korea_financial_stress_vulnerable,"가계부채, 부동산 PF, 비은행권, 금융주와 건설주 스트레스가 한국 자산 전반으로 번지는 장세입니다. 금융/건설 basket, 신용 spread, 단기자금 spread, 원화 약세를 함께 점검합니다."
000660.KS,000660.KS,kr_stock,slowdown_recession_deflation_risk,Slowdown / Recession / Deflation Risk,경기둔화/침체 우려장,us_global,0.436961,-0.01021,0.255832,positive,0.436961,medium,62.915468,rolling_beta,v3,1,4621,4621,3,market,pass,N,,2026-05-19,0,0.0,0.0,high,N,scenario inactive,inactive scenario,0.122468,0.255832,-0.01021,slowdown_vulnerable,수요 둔화와 침체/디플레이션 압력이 커지는 방어적 장세입니다. 주식 beta와 신용위험을 보수적으로 봅니다.
000810.KS,000810.KS,kr_stock,higher_for_longer_long_rate_shock,Higher-for-Longer / Long-Rate Shock,장기금리 부담장,us_global,0.005948,-0.004478,0.115902,neutral,0.005948,low,84.792857,rolling_beta,v3,1,4621,4621,3,market,pass,N,,2026-05-19,1,0.957691,0.957691,high,Y,trade-gated adverse scenario with medium/high evidence,active market context,0.010814,0.115902,-0.004478,rate_sensitive,장기금리와 달러 강세 부담이 채권·성장주·신용자산을 압박하는 장세입니다. 고밸류 성장주와 반도체 factor 민감도를 점검합니다.
000810.KS,000810.KS,kr_stock,usd_strength_krw_weakness,USD Strength / KRW Weakness,달러강세/원화약세장,fx_krw,0.599055,-0.004478,0.716285,positive,0.599055,medium,55.911083,rolling_beta,v3,1,4195,4195,4,market,pass,N,,2026-05-19,1,0.741605,0.0,high,N,below ACTIVE confidence/coverage trade-gate threshold,active market context,-0.228365,0.716285,-0.004478,krw_weakness_vulnerable,달러가 강하고 원화가 약해져 KRW 기준 투자자의 환율 리스크가 커지는 장세입니다. 한국 자산과 USD 노출의 역할을 분리해 봅니다.
000810.KS,000810.KS,kr_stock,stagflation_reinflation_energy_shock,Stagflation / Reinflation / Energy Shock,물가·에너지 재상승장,us_global,0.115742,-0.004478,0.010814,positive,0.115742,low,72.569021,rolling_beta,v3,1,4621,4621,2,market,pass,N,,2026-05-19,1,0.74313,0.74313,high,Y,trade-gated adverse scenario with medium/high evidence,active market context,0.034411,,-0.004478,stagflation_vulnerable,성장 부담이 있는데 유가·원자재·인플레이션 압력이 다시 커지는 장세입니다. 에너지/원자재 수혜와 장기채 부담을 함께 봅니다.
000810.KS,000810.KS,kr_stock,china_trade_fragmentation_shock,China / Trade Fragmentation Shock,중국·무역분절 충격장,china_asia,0.531202,-0.004478,0.716285,positive,0.531202,medium,46.541871,rolling_beta,v3,1,1185,1185,5,market,pass,N,,2026-05-19,1,0.691684,0.0,medium,N,below ACTIVE confidence/coverage trade-gate threshold,active market context,0.643034,0.716285,-0.004478,china_asia_shock_vulnerable,중국 경기·무역갈등·공급망 충격이 한국/아시아와 반도체 자산에 번지는 장세입니다. 한국 반도체 factor와 원화 약세를 함께 확인합니다.
000810.KS,000810.KS,kr_stock,acute_global_stress_liquidity_crunch,Acute Global Stress / Liquidity Crunch,급성 리스크오프/유동성 경색장,us_global,0.207471,-0.004478,0.115902,positive,0.207471,low,59.880692,rolling_beta,v3,1,4621,4621,3,market,pass,N,,2026-05-19,1,0.405911,0.0,high,N,context only: WATCH state,context only: WATCH state,0.010814,0.115902,-0.004478,liquidity_stress_vulnerable,변동성이 튀고 위험자산이 동반 약세를 보이는 단기 스트레스 장세입니다. 상관관계 상승과 유동성 악화를 우선 점검합니다.
000810.KS,000810.KS,kr_stock,geopolitical_escalation_supply_shock,Geopolitical Escalation / Supply Shock,지정학 확전·공급충격장,geopolitical,0.312027,-0.004478,0.010814,positive,0.312027,medium,68.226901,rolling_beta,v3,1,4195,4195,3,manual,pass,Y,,2026-05-19,1,0.401425,0.0,medium,N,context only: source_quality=manual,context only: source_quality=manual,0.034411,,-0.004478,geopolitical_supply_shock_vulnerable,"전쟁, 제재, 해상로 차질, 대만·중동·한반도 긴장처럼 유가·금·방산·변동성이 동시에 움직이는 이벤트성 충격 장세입니다. 뉴스 overlay는 가격 신호를 보강하는 용도로만 해석합니다."
000810.KS,000810.KS,kr_stock,soft_landing_goldilocks,Soft Landing / Goldilocks,우호적 위험선호장,us_global,0.010814,-0.004478,0.115902,neutral,0.010814,low,52.393619,rolling_beta,v3,1,4621,4621,3,market,pass,N,,2026-05-19,1,0.385976,0.0,high,N,non-adverse scenario,context only: WATCH state,0.010814,0.115902,-0.004478,neutral_or_defensive,우호적 위험선호장 참여 민감도
000810.KS,000810.KS,kr_stock,semiconductor_ai_cycle_shock,Semiconductor / AI Cycle Shock,AI·반도체 사이클 충격장,korea_semiconductor,0.268328,-0.004478,0.104035,positive,0.268328,low,35.914571,rolling_beta,v3,1,1185,1185,6,market,pass,N,,2026-05-19,0,0.0,0.0,medium,N,scenario inactive,inactive scenario,-0.029926,0.104035,-0.004478,semiconductor_ai_shock_vulnerable,"AI capex 기대와 반도체 모멘텀이 꺾이면서 미국 성장주와 한국 반도체 대형주가 동시에 압박받는 장세입니다. SOXX, AI leader basket, 한국 반도체 basket의 동반 약세와 원화 압력을 함께 봅니다."
000810.KS,000810.KS,kr_stock,korea_domestic_financial_stress,Korea Domestic Financial Stress,한국 내수 금융스트레스장,korea_market,0.975828,-0.004478,0.716285,positive,0.975828,high,24.490447,rolling_beta,v3,1,4195,4195,5,seed,pass,Y,,2026-05-19,0,0.0,0.0,low,N,scenario inactive,inactive scenario,0.643034,0.716285,-0.004478,korea_financial_stress_vulnerable,"가계부채, 부동산 PF, 비은행권, 금융주와 건설주 스트레스가 한국 자산 전반으로 번지는 장세입니다. 금융/건설 basket, 신용 spread, 단기자금 spread, 원화 약세를 함께 점검합니다."
000810.KS,000810.KS,kr_stock,slowdown_recession_deflation_risk,Slowdown / Recession / Deflation Risk,경기둔화/침체 우려장,us_global,0.163769,-0.004478,0.115902,positive,0.163769,low,62.915468,rolling_beta,v3,1,4621,4621,3,market,pass,N,,2026-05-19,0,0.0,0.0,high,N,scenario inactive,inactive scenario,0.010814,0.115902,-0.004478,slowdown_vulnerable,수요 둔화와 침체/디플레이션 압력이 커지는 방어적 장세입니다. 주식 beta와 신용위험을 보수적으로 봅니다.
003670.KS,003670.KS,kr_stock,higher_for_longer_long_rate_shock,Higher-for-Longer / Long-Rate Shock,장기금리 부담장,us_global,0.003384,-0.005132,0.14225,neutral,0.003384,low,84.792857,rolling_beta,v3,1,4621,4621,3,market,pass,N,,2026-05-19,1,0.957691,0.957691,high,Y,trade-gated adverse scenario with medium/high evidence,active market context,0.006153,0.14225,-0.005132,rate_sensitive,장기금리와 달러 강세 부담이 채권·성장주·신용자산을 압박하는 장세입니다. 고밸류 성장주와 반도체 factor 민감도를 점검합니다.
003670.KS,003670.KS,kr_stock,usd_strength_krw_weakness,USD Strength / KRW Weakness,달러강세/원화약세장,fx_krw,0.633682,-0.005132,0.872175,positive,0.633682,medium,55.911083,rolling_beta,v3,1,4195,4195,4,market,pass,N,,2026-05-19,1,0.741605,0.0,high,N,below ACTIVE confidence/coverage trade-gate threshold,active market context,-0.352848,0.872175,-0.005132,krw_weakness_vulnerable,달러가 강하고 원화가 약해져 KRW 기준 투자자의 환율 리스크가 커지는 장세입니다. 한국 자산과 USD 노출의 역할을 분리해 봅니다.
003670.KS,003670.KS,kr_stock,stagflation_reinflation_energy_shock,Stagflation / Reinflation / Energy Shock,물가·에너지 재상승장,us_global,0.13046,-0.005132,0.006153,positive,0.13046,low,72.569021,rolling_beta,v3,1,4621,4621,2,market,pass,N,,2026-05-19,1,0.74313,0.74313,high,Y,trade-gated adverse scenario with medium/high evidence,active market context,0.002062,,-0.005132,stagflation_vulnerable,성장 부담이 있는데 유가·원자재·인플레이션 압력이 다시 커지는 장세입니다. 에너지/원자재 수혜와 장기채 부담을 함께 봅니다.
003670.KS,003670.KS,kr_stock,china_trade_fragmentation_shock,China / Trade Fragmentation Shock,중국·무역분절 충격장,china_asia,0.575252,-0.005132,0.872175,positive,0.575252,medium,46.541871,rolling_beta,v3,1,1185,1185,5,market,pass,N,,2026-05-19,1,0.691684,0.0,medium,N,below ACTIVE confidence/coverage trade-gate threshold,active market context,0.77809,0.872175,-0.005132,china_asia_shock_vulnerable,중국 경기·무역갈등·공급망 충격이 한국/아시아와 반도체 자산에 번지는 장세입니다. 한국 반도체 factor와 원화 약세를 함께 확인합니다.
003670.KS,003670.KS,kr_stock,acute_global_stress_liquidity_crunch,Acute Global Stress / Liquidity Crunch,급성 리스크오프/유동성 경색장,us_global,0.234335,-0.005132,0.14225,positive,0.234335,low,59.880692,rolling_beta,v3,1,4621,4621,3,market,pass,N,,2026-05-19,1,0.405911,0.0,high,N,context only: WATCH state,context only: WATCH state,0.006153,0.14225,-0.005132,liquidity_stress_vulnerable,변동성이 튀고 위험자산이 동반 약세를 보이는 단기 스트레스 장세입니다. 상관관계 상승과 유동성 악화를 우선 점검합니다.
003670.KS,003670.KS,kr_stock,geopolitical_escalation_supply_shock,Geopolitical Escalation / Supply Shock,지정학 확전·공급충격장,geopolitical,0.330254,-0.005132,0.006153,positive,0.330254,medium,68.226901,rolling_beta,v3,1,4195,4195,3,manual,pass,Y,,2026-05-19,1,0.401425,0.0,medium,N,context only: source_quality=manual,context only: source_quality=manual,0.002062,,-0.005132,geopolitical_supply_shock_vulnerable,"전쟁, 제재, 해상로 차질, 대만·중동·한반도 긴장처럼 유가·금·방산·변동성이 동시에 움직이는 이벤트성 충격 장세입니다. 뉴스 overlay는 가격 신호를 보강하는 용도로만 해석합니다."
003670.KS,003670.KS,kr_stock,soft_landing_goldilocks,Soft Landing / Goldilocks,우호적 위험선호장,us_global,0.006153,-0.005132,0.14225,neutral,0.006153,low,52.393619,rolling_beta,v3,1,4621,4621,3,market,pass,N,,2026-05-19,1,0.385976,0.0,high,N,non-adverse scenario,context only: WATCH state,0.006153,0.14225,-0.005132,neutral_or_defensive,우호적 위험선호장 참여 민감도
003670.KS,003670.KS,kr_stock,semiconductor_ai_cycle_shock,Semiconductor / AI Cycle Shock,AI·반도체 사이클 충격장,korea_semiconductor,0.270426,-0.005132,0.0,positive,0.270426,low,35.914571,rolling_beta,v3,1,1185,1185,6,market,pass,N,,2026-05-19,0,0.0,0.0,medium,N,scenario inactive,inactive scenario,0.004437,-0.001451,-0.005132,semiconductor_ai_shock_vulnerable,"AI capex 기대와 반도체 모멘텀이 꺾이면서 미국 성장주와 한국 반도체 대형주가 동시에 압박받는 장세입니다. SOXX, AI leader basket, 한국 반도체 basket의 동반 약세와 원화 압력을 함께 봅니다."
003670.KS,003670.KS,kr_stock,korea_domestic_financial_stress,Korea Domestic Financial Stress,한국 내수 금융스트레스장,korea_market,0.615854,-0.005132,0.872175,positive,0.615854,medium,24.490447,rolling_beta,v3,1,4195,4195,5,seed,pass,Y,,2026-05-19,0,0.0,0.0,low,N,scenario inactive,inactive scenario,0.77809,0.872175,-0.005132,korea_financial_stress_vulnerable,"가계부채, 부동산 PF, 비은행권, 금융주와 건설주 스트레스가 한국 자산 전반으로 번지는 장세입니다. 금융/건설 basket, 신용 spread, 단기자금 spread, 원화 약세를 함께 점검합니다."
003670.KS,003670.KS,kr_stock,slowdown_recession_deflation_risk,Slowdown / Recession / Deflation Risk,경기둔화/침체 우려장,us_global,0.183628,-0.005132,0.14225,positive,0.183628,low,62.915468,rolling_beta,v3,1,4621,4621,3,market,pass,N,,2026-05-19,0,0.0,0.0,high,N,scenario inactive,inactive scenario,0.006153,0.14225,-0.005132,slowdown_vulnerable,수요 둔화와 침체/디플레이션 압력이 커지는 방어적 장세입니다. 주식 beta와 신용위험을 보수적으로 봅니다.
005380.KS,005380.KS,kr_stock,higher_for_longer_long_rate_shock,Higher-for-Longer / Long-Rate Shock,장기금리 부담장,us_global,0.025172,-0.005493,0.135676,neutral,0.025172,low,84.792857,rolling_beta,v3,1,4621,4621,3,market,pass,N,,2026-05-19,1,0.957691,0.957691,high,Y,trade-gated adverse scenario with medium/high evidence,active market context,0.045767,0.135676,-0.005493,rate_sensitive,장기금리와 달러 강세 부담이 채권·성장주·신용자산을 압박하는 장세입니다. 고밸류 성장주와 반도체 factor 민감도를 점검합니다.
005380.KS,005380.KS,kr_stock,usd_strength_krw_weakness,USD Strength / KRW Weakness,달러강세/원화약세장,fx_krw,0.655293,-0.005493,1.031589,positive,0.655293,medium,55.911083,rolling_beta,v3,1,4195,4195,4,market,pass,N,,2026-05-19,1,0.741605,0.0,high,N,below ACTIVE confidence/coverage trade-gate threshold,active market context,-0.300139,1.031589,-0.005493,krw_weakness_vulnerable,달러가 강하고 원화가 약해져 KRW 기준 투자자의 환율 리스크가 커지는 장세입니다. 한국 자산과 USD 노출의 역할을 분리해 봅니다.
005380.KS,005380.KS,kr_stock,stagflation_reinflation_energy_shock,Stagflation / Reinflation / Energy Shock,물가·에너지 재상승장,us_global,0.153343,-0.005493,0.045767,positive,0.153343,low,72.569021,rolling_beta,v3,1,4621,4621,2,market,pass,N,,2026-05-19,1,0.74313,0.74313,high,Y,trade-gated adverse scenario with medium/high evidence,active market context,0.034876,,-0.005493,stagflation_vulnerable,성장 부담이 있는데 유가·원자재·인플레이션 압력이 다시 커지는 장세입니다. 에너지/원자재 수혜와 장기채 부담을 함께 봅니다.
005380.KS,005380.KS,kr_stock,china_trade_fragmentation_shock,China / Trade Fragmentation Shock,중국·무역분절 충격장,china_asia,0.601559,-0.005493,1.031589,positive,0.601559,medium,46.541871,rolling_beta,v3,1,1185,1185,5,market,pass,N,,2026-05-19,1,0.691684,0.0,medium,N,below ACTIVE confidence/coverage trade-gate threshold,active market context,1.008842,1.031589,-0.005493,china_asia_shock_vulnerable,중국 경기·무역갈등·공급망 충격이 한국/아시아와 반도체 자산에 번지는 장세입니다. 한국 반도체 factor와 원화 약세를 함께 확인합니다.
005380.KS,005380.KS,kr_stock,acute_global_stress_liquidity_crunch,Acute Global Stress / Liquidity Crunch,급성 리스크오프/유동성 경색장,us_global,0.272357,-0.005493,0.135676,positive,0.272357,low,59.880692,rolling_beta,v3,1,4621,4621,3,market,pass,N,,2026-05-19,1,0.405911,0.0,high,N,context only: WATCH state,context only: WATCH state,0.045767,0.135676,-0.005493,liquidity_stress_vulnerable,변동성이 튀고 위험자산이 동반 약세를 보이는 단기 스트레스 장세입니다. 상관관계 상승과 유동성 악화를 우선 점검합니다.
005380.KS,005380.KS,kr_stock,geopolitical_escalation_supply_shock,Geopolitical Escalation / Supply Shock,지정학 확전·공급충격장,geopolitical,0.349856,-0.005493,0.045767,positive,0.349856,medium,68.226901,rolling_beta,v3,1,4195,4195,3,manual,pass,Y,,2026-05-19,1,0.401425,0.0,medium,N,context only: source_quality=manual,context only: source_quality=manual,0.034876,,-0.005493,geopolitical_supply_shock_vulnerable,"전쟁, 제재, 해상로 차질, 대만·중동·한반도 긴장처럼 유가·금·방산·변동성이 동시에 움직이는 이벤트성 충격 장세입니다. 뉴스 overlay는 가격 신호를 보강하는 용도로만 해석합니다."
005380.KS,005380.KS,kr_stock,soft_landing_goldilocks,Soft Landing / Goldilocks,우호적 위험선호장,us_global,0.045767,-0.005493,0.135676,neutral,0.045767,low,52.393619,rolling_beta,v3,1,4621,4621,3,market,pass,N,,2026-05-19,1,0.385976,0.0,high,N,non-adverse scenario,context only: WATCH state,0.045767,0.135676,-0.005493,neutral_or_defensive,우호적 위험선호장 참여 민감도
005380.KS,005380.KS,kr_stock,semiconductor_ai_cycle_shock,Semiconductor / AI Cycle Shock,AI·반도체 사이클 충격장,korea_semiconductor,0.370532,-0.005493,0.147154,positive,0.370532,medium,35.914571,rolling_beta,v3,1,1185,1185,6,market,pass,N,,2026-05-19,0,0.0,0.0,medium,N,scenario inactive,inactive scenario,0.057277,0.147154,-0.005493,semiconductor_ai_shock_vulnerable,"AI capex 기대와 반도체 모멘텀이 꺾이면서 미국 성장주와 한국 반도체 대형주가 동시에 압박받는 장세입니다. SOXX, AI leader basket, 한국 반도체 basket의 동반 약세와 원화 압력을 함께 봅니다."
005380.KS,005380.KS,kr_stock,korea_domestic_financial_stress,Korea Domestic Financial Stress,한국 내수 금융스트레스장,korea_market,0.772232,-0.005493,1.031589,positive,0.772232,high,24.490447,rolling_beta,v3,1,4195,4195,5,seed,pass,Y,,2026-05-19,0,0.0,0.0,low,N,scenario inactive,inactive scenario,1.008842,1.031589,-0.005493,korea_financial_stress_vulnerable,"가계부채, 부동산 PF, 비은행권, 금융주와 건설주 스트레스가 한국 자산 전반으로 번지는 장세입니다. 금융/건설 basket, 신용 spread, 단기자금 spread, 원화 약세를 함께 점검합니다."
005380.KS,005380.KS,kr_stock,slowdown_recession_deflation_risk,Slowdown / Recession / Deflation Risk,경기둔화/침체 우려장,us_global,0.222003,-0.005493,0.135676,positive,0.222003,low,62.915468,rolling_beta,v3,1,4621,4621,3,market,pass,N,,2026-05-19,0,0.0,0.0,high,N,scenario inactive,inactive scenario,0.045767,0.135676,-0.005493,slowdown_vulnerable,수요 둔화와 침체/디플레이션 압력이 커지는 방어적 장세입니다. 주식 beta와 신용위험을 보수적으로 봅니다.
005490.KS,005490.KS,kr_stock,higher_for_longer_long_rate_shock,Higher-for-Longer / Long-Rate Shock,장기금리 부담장,us_global,0.004206,-0.005251,0.103868,neutral,0.004206,low,84.792857,rolling_beta,v3,1,4621,4621,3,market,pass,N,,2026-05-19,1,0.957691,0.957691,high,Y,trade-gated adverse scenario with medium/high evidence,active market context,0.007647,0.103868,-0.005251,rate_sensitive,장기금리와 달러 강세 부담이 채권·성장주·신용자산을 압박하는 장세입니다. 고밸류 성장주와 반도체 factor 민감도를 점검합니다.
005490.KS,005490.KS,kr_stock,usd_strength_krw_weakness,USD Strength / KRW Weakness,달러강세/원화약세장,fx_krw,0.629426,-0.005251,1.029619,positive,0.629426,medium,55.911083,rolling_beta,v3,1,4195,4195,4,market,pass,N,,2026-05-19,1,0.741605,0.0,high,N,below ACTIVE confidence/coverage trade-gate threshold,active market context,-0.418473,1.029619,-0.005251,krw_weakness_vulnerable,달러가 강하고 원화가 약해져 KRW 기준 투자자의 환율 리스크가 커지는 장세입니다. 한국 자산과 USD 노출의 역할을 분리해 봅니다.
005490.KS,005490.KS,kr_stock,stagflation_reinflation_energy_shock,Stagflation / Reinflation / Energy Shock,물가·에너지 재상승장,us_global,0.133942,-0.005251,0.007647,positive,0.133942,low,72.569021,rolling_beta,v3,1,4621,4621,2,market,pass,N,,2026-05-19,1,0.74313,0.74313,high,Y,trade-gated adverse scenario with medium/high evidence,active market context,0.033518,,-0.005251,stagflation_vulnerable,성장 부담이 있는데 유가·원자재·인플레이션 압력이 다시 커지는 장세입니다. 에너지/원자재 수혜와 장기채 부담을 함께 봅니다.
005490.KS,005490.KS,kr_stock,china_trade_fragmentation_shock,China / Trade Fragmentation Shock,중국·무역분절 충격장,china_asia,0.574806,-0.005251,1.029619,positive,0.574806,medium,46.541871,rolling_beta,v3,1,1185,1185,5,market,pass,N,,2026-05-19,1,0.691684,0.0,medium,N,below ACTIVE confidence/coverage trade-gate threshold,active market context,0.983609,1.029619,-0.005251,china_asia_shock_vulnerable,중국 경기·무역갈등·공급망 충격이 한국/아시아와 반도체 자산에 번지는 장세입니다. 한국 반도체 factor와 원화 약세를 함께 확인합니다.
005490.KS,005490.KS,kr_stock,acute_global_stress_liquidity_crunch,Acute Global Stress / Liquidity Crunch,급성 리스크오프/유동성 경색장,us_global,0.240484,-0.005251,0.103868,positive,0.240484,low,59.880692,rolling_beta,v3,1,4621,4621,3,market,pass,N,,2026-05-19,1,0.405911,0.0,high,N,context only: WATCH state,context only: WATCH state,0.007647,0.103868,-0.005251,liquidity_stress_vulnerable,변동성이 튀고 위험자산이 동반 약세를 보이는 단기 스트레스 장세입니다. 상관관계 상승과 유동성 악화를 우선 점검합니다.
005490.KS,005490.KS,kr_stock,geopolitical_escalation_supply_shock,Geopolitical Escalation / Supply Shock,지정학 확전·공급충격장,geopolitical,0.33059,-0.005251,0.007647,positive,0.33059,medium,68.226901,rolling_beta,v3,1,4195,4195,3,manual,pass,Y,,2026-05-19,1,0.401425,0.0,medium,N,context only: source_quality=manual,context only: source_quality=manual,0.033518,,-0.005251,geopolitical_supply_shock_vulnerable,"전쟁, 제재, 해상로 차질, 대만·중동·한반도 긴장처럼 유가·금·방산·변동성이 동시에 움직이는 이벤트성 충격 장세입니다. 뉴스 overlay는 가격 신호를 보강하는 용도로만 해석합니다."
005490.KS,005490.KS,kr_stock,soft_landing_goldilocks,Soft Landing / Goldilocks,우호적 위험선호장,us_global,0.007647,-0.005251,0.103868,neutral,0.007647,low,52.393619,rolling_beta,v3,1,4621,4621,3,market,pass,N,,2026-05-19,1,0.385976,0.0,high,N,non-adverse scenario,context only: WATCH state,0.007647,0.103868,-0.005251,neutral_or_defensive,우호적 위험선호장 참여 민감도
005490.KS,005490.KS,kr_stock,semiconductor_ai_cycle_shock,Semiconductor / AI Cycle Shock,AI·반도체 사이클 충격장,korea_semiconductor,0.300812,-0.005251,0.0,positive,0.300812,medium,35.914571,rolling_beta,v3,1,1185,1185,6,market,pass,N,,2026-05-19,0,0.0,0.0,medium,N,scenario inactive,inactive scenario,-0.01652,-0.053539,-0.005251,semiconductor_ai_shock_vulnerable,"AI capex 기대와 반도체 모멘텀이 꺾이면서 미국 성장주와 한국 반도체 대형주가 동시에 압박받는 장세입니다. SOXX, AI leader basket, 한국 반도체 basket의 동반 약세와 원화 압력을 함께 봅니다."
005490.KS,005490.KS,kr_stock,korea_domestic_financial_stress,Korea Domestic Financial Stress,한국 내수 금융스트레스장,korea_market,0.757396,-0.005251,1.029619,positive,0.757396,high,24.490447,rolling_beta,v3,1,4195,4195,5,seed,pass,Y,,2026-05-19,0,0.0,0.0,low,N,scenario inactive,inactive scenario,0.983609,1.029619,-0.005251,korea_financial_stress_vulnerable,"가계부채, 부동산 PF, 비은행권, 금융주와 건설주 스트레스가 한국 자산 전반으로 번지는 장세입니다. 금융/건설 basket, 신용 spread, 단기자금 spread, 원화 약세를 함께 점검합니다."
005490.KS,005490.KS,kr_stock,slowdown_recession_deflation_risk,Slowdown / Recession / Deflation Risk,경기둔화/침체 우려장,us_global,0.188742,-0.005251,0.103868,positive,0.188742,low,62.915468,rolling_beta,v3,1,4621,4621,3,market,pass,N,,2026-05-19,0,0.0,0.0,high,N,scenario inactive,inactive scenario,0.007647,0.103868,-0.005251,slowdown_vulnerable,수요 둔화와 침체/디플레이션 압력이 커지는 방어적 장세입니다. 주식 beta와 신용위험을 보수적으로 봅니다.
005930.KS,005930.KS,kr_stock,higher_for_longer_long_rate_shock,Higher-for-Longer / Long-Rate Shock,장기금리 부담장,us_global,0.271072,-0.005363,0.094273,positive,0.271072,low,84.792857,rolling_beta,v3,1,4621,4621,3,market,pass,N,,2026-05-19,1,0.957691,0.957691,high,Y,trade-gated adverse scenario with medium/high evidence,active market context,0.038313,0.094273,-0.005363,rate_sensitive,장기금리와 달러 강세 부담이 채권·성장주·신용자산을 압박하는 장세입니다. 고밸류 성장주와 반도체 factor 민감도를 점검합니다.
005930.KS,005930.KS,kr_stock,usd_strength_krw_weakness,USD Strength / KRW Weakness,달러강세/원화약세장,fx_krw,0.699642,-0.005363,0.950517,positive,0.699642,medium,55.911083,rolling_beta,v3,1,4195,4195,4,market,pass,N,,2026-05-19,1,0.741605,0.0,high,N,below ACTIVE confidence/coverage trade-gate threshold,active market context,-0.315283,0.950517,-0.005363,krw_weakness_vulnerable,달러가 강하고 원화가 약해져 KRW 기준 투자자의 환율 리스크가 커지는 장세입니다. 한국 자산과 USD 노출의 역할을 분리해 봅니다.
005930.KS,005930.KS,kr_stock,stagflation_reinflation_energy_shock,Stagflation / Reinflation / Energy Shock,물가·에너지 재상승장,us_global,0.14749,-0.005363,0.038313,positive,0.14749,low,72.569021,rolling_beta,v3,1,4621,4621,2,market,pass,N,,2026-05-19,1,0.74313,0.74313,high,Y,trade-gated adverse scenario with medium/high evidence,active market context,0.024224,,-0.005363,stagflation_vulnerable,성장 부담이 있는데 유가·원자재·인플레이션 압력이 다시 커지는 장세입니다. 에너지/원자재 수혜와 장기채 부담을 함께 봅니다.
005930.KS,005930.KS,kr_stock,china_trade_fragmentation_shock,China / Trade Fragmentation Shock,중국·무역분절 충격장,china_asia,0.983794,-0.005363,0.950517,positive,0.983794,high,46.541871,rolling_beta,v3,1,1185,1185,5,market,pass,N,,2026-05-19,1,0.691684,0.0,medium,N,below ACTIVE confidence/coverage trade-gate threshold,active market context,1.097526,0.950517,-0.005363,china_asia_shock_vulnerable,중국 경기·무역갈등·공급망 충격이 한국/아시아와 반도체 자산에 번지는 장세입니다. 한국 반도체 factor와 원화 약세를 함께 확인합니다.
005930.KS,005930.KS,kr_stock,acute_global_stress_liquidity_crunch,Acute Global Stress / Liquidity Crunch,급성 리스크오프/유동성 경색장,us_global,0.262417,-0.005363,0.094273,positive,0.262417,low,59.880692,rolling_beta,v3,1,4621,4621,3,market,pass,N,,2026-05-19,1,0.405911,0.0,high,N,context only: WATCH state,context only: WATCH state,0.038313,0.094273,-0.005363,liquidity_stress_vulnerable,변동성이 튀고 위험자산이 동반 약세를 보이는 단기 스트레스 장세입니다. 상관관계 상승과 유동성 악화를 우선 점검합니다.
005930.KS,005930.KS,kr_stock,geopolitical_escalation_supply_shock,Geopolitical Escalation / Supply Shock,지정학 확전·공급충격장,geopolitical,0.345068,-0.005363,0.038313,positive,0.345068,medium,68.226901,rolling_beta,v3,1,4195,4195,3,manual,pass,Y,,2026-05-19,1,0.401425,0.0,medium,N,context only: source_quality=manual,context only: source_quality=manual,0.024224,,-0.005363,geopolitical_supply_shock_vulnerable,"전쟁, 제재, 해상로 차질, 대만·중동·한반도 긴장처럼 유가·금·방산·변동성이 동시에 움직이는 이벤트성 충격 장세입니다. 뉴스 overlay는 가격 신호를 보강하는 용도로만 해석합니다."
005930.KS,005930.KS,kr_stock,soft_landing_goldilocks,Soft Landing / Goldilocks,우호적 위험선호장,us_global,0.038313,-0.005363,0.094273,neutral,0.038313,low,52.393619,rolling_beta,v3,1,4621,4621,3,market,pass,N,,2026-05-19,1,0.385976,0.0,high,N,non-adverse scenario,context only: WATCH state,0.038313,0.094273,-0.005363,neutral_or_defensive,우호적 위험선호장 참여 민감도
005930.KS,005930.KS,kr_stock,semiconductor_ai_cycle_shock,Semiconductor / AI Cycle Shock,AI·반도체 사이클 충격장,korea_semiconductor,0.860523,-0.005363,0.048414,positive,0.860523,high,35.914571,rolling_beta,v3,1,1185,1185,6,market,pass,N,,2026-05-19,0,0.0,0.0,medium,N,scenario inactive,inactive scenario,0.065818,0.048414,-0.005363,semiconductor_ai_shock_vulnerable,"AI capex 기대와 반도체 모멘텀이 꺾이면서 미국 성장주와 한국 반도체 대형주가 동시에 압박받는 장세입니다. SOXX, AI leader basket, 한국 반도체 basket의 동반 약세와 원화 압력을 함께 봅니다."
005930.KS,005930.KS,kr_stock,korea_domestic_financial_stress,Korea Domestic Financial Stress,한국 내수 금융스트레스장,korea_market,0.771252,-0.005363,0.950517,positive,0.771252,high,24.490447,rolling_beta,v3,1,4195,4195,5,seed,pass,Y,,2026-05-19,0,0.0,0.0,low,N,scenario inactive,inactive scenario,1.097526,0.950517,-0.005363,korea_financial_stress_vulnerable,"가계부채, 부동산 PF, 비은행권, 금융주와 건설주 스트레스가 한국 자산 전반으로 번지는 장세입니다. 금융/건설 basket, 신용 spread, 단기자금 spread, 원화 약세를 함께 점검합니다."
005930.KS,005930.KS,kr_stock,slowdown_recession_deflation_risk,Slowdown / Recession / Deflation Risk,경기둔화/침체 우려장,us_global,0.212616,-0.005363,0.094273,positive,0.212616,low,62.915468,rolling_beta,v3,1,4621,4621,3,market,pass,N,,2026-05-19,0,0.0,0.0,high,N,scenario inactive,inactive scenario,0.038313,0.094273,-0.005363,slowdown_vulnerable,수요 둔화와 침체/디플레이션 압력이 커지는 방어적 장세입니다. 주식 beta와 신용위험을 보수적으로 봅니다.
006400.KS,006400.KS,kr_stock,higher_for_longer_long_rate_shock,Higher-for-Longer / Long-Rate Shock,장기금리 부담장,us_global,0.023976,-0.00733,0.092666,neutral,0.023976,low,84.792857,rolling_beta,v3,1,4621,4621,3,market,pass,N,,2026-05-19,1,0.957691,0.957691,high,Y,trade-gated adverse scenario with medium/high evidence,active market context,0.043592,0.092666,-0.00733,rate_sensitive,장기금리와 달러 강세 부담이 채권·성장주·신용자산을 압박하는 장세입니다. 고밸류 성장주와 반도체 factor 민감도를 점검합니다.
006400.KS,006400.KS,kr_stock,usd_strength_krw_weakness,USD Strength / KRW Weakness,달러강세/원화약세장,fx_krw,0.608124,-0.00733,1.030954,positive,0.608124,medium,55.911083,rolling_beta,v3,1,4195,4195,4,market,pass,N,,2026-05-19,1,0.741605,0.0,high,N,below ACTIVE confidence/coverage trade-gate threshold,active market context,-0.329289,1.030954,-0.00733,krw_weakness_vulnerable,달러가 강하고 원화가 약해져 KRW 기준 투자자의 환율 리스크가 커지는 장세입니다. 한국 자산과 USD 노출의 역할을 분리해 봅니다.
006400.KS,006400.KS,kr_stock,stagflation_reinflation_energy_shock,Stagflation / Reinflation / Energy Shock,물가·에너지 재상승장,us_global,0.198502,-0.00733,0.043592,positive,0.198502,low,72.569021,rolling_beta,v3,1,4621,4621,2,market,pass,N,,2026-05-19,1,0.74313,0.74313,high,Y,trade-gated adverse scenario with medium/high evidence,active market context,0.022664,,-0.00733,stagflation_vulnerable,성장 부담이 있는데 유가·원자재·인플레이션 압력이 다시 커지는 장세입니다. 에너지/원자재 수혜와 장기채 부담을 함께 봅니다.
006400.KS,006400.KS,kr_stock,china_trade_fragmentation_shock,China / Trade Fragmentation Shock,중국·무역분절 충격장,china_asia,0.609744,-0.00733,1.030954,positive,0.609744,medium,46.541871,rolling_beta,v3,1,1185,1185,5,market,pass,N,,2026-05-19,1,0.691684,0.0,medium,N,below ACTIVE confidence/coverage trade-gate threshold,active market context,0.998912,1.030954,-0.00733,china_asia_shock_vulnerable,중국 경기·무역갈등·공급망 충격이 한국/아시아와 반도체 자산에 번지는 장세입니다. 한국 반도체 factor와 원화 약세를 함께 확인합니다.
006400.KS,006400.KS,kr_stock,acute_global_stress_liquidity_crunch,Acute Global Stress / Liquidity Crunch,급성 리스크오프/유동성 경색장,us_global,0.353817,-0.00733,0.092666,positive,0.353817,medium,59.880692,rolling_beta,v3,1,4621,4621,3,market,pass,N,,2026-05-19,1,0.405911,0.0,high,N,context only: WATCH state,context only: WATCH state,0.043592,0.092666,-0.00733,liquidity_stress_vulnerable,변동성이 튀고 위험자산이 동반 약세를 보이는 단기 스트레스 장세입니다. 상관관계 상승과 유동성 악화를 우선 점검합니다.
006400.KS,006400.KS,kr_stock,geopolitical_escalation_supply_shock,Geopolitical Escalation / Supply Shock,지정학 확전·공급충격장,geopolitical,0.396236,-0.00733,0.043592,positive,0.396236,medium,68.226901,rolling_beta,v3,1,4195,4195,3,manual,pass,Y,,2026-05-19,1,0.401425,0.0,medium,N,context only: source_quality=manual,context only: source_quality=manual,0.022664,,-0.00733,geopolitical_supply_shock_vulnerable,"전쟁, 제재, 해상로 차질, 대만·중동·한반도 긴장처럼 유가·금·방산·변동성이 동시에 움직이는 이벤트성 충격 장세입니다. 뉴스 overlay는 가격 신호를 보강하는 용도로만 해석합니다."
006400.KS,006400.KS,kr_stock,soft_landing_goldilocks,Soft Landing / Goldilocks,우호적 위험선호장,us_global,0.043592,-0.00733,0.092666,neutral,0.043592,low,52.393619,rolling_beta,v3,1,4621,4621,3,market,pass,N,,2026-05-19,1,0.385976,0.0,high,N,non-adverse scenario,context only: WATCH state,0.043592,0.092666,-0.00733,neutral_or_defensive,우호적 위험선호장 참여 민감도
006400.KS,006400.KS,kr_stock,semiconductor_ai_cycle_shock,Semiconductor / AI Cycle Shock,AI·반도체 사이클 충격장,korea_semiconductor,0.327494,-0.00733,0.0,positive,0.327494,medium,35.914571,rolling_beta,v3,1,1185,1185,6,market,pass,N,,2026-05-19,0,0.0,0.0,medium,N,scenario inactive,inactive scenario,-0.012965,-0.033497,-0.00733,semiconductor_ai_shock_vulnerable,"AI capex 기대와 반도체 모멘텀이 꺾이면서 미국 성장주와 한국 반도체 대형주가 동시에 압박받는 장세입니다. SOXX, AI leader basket, 한국 반도체 basket의 동반 약세와 원화 압력을 함께 봅니다."
006400.KS,006400.KS,kr_stock,korea_domestic_financial_stress,Korea Domestic Financial Stress,한국 내수 금융스트레스장,korea_market,0.782062,-0.00733,1.030954,positive,0.782062,high,24.490447,rolling_beta,v3,1,4195,4195,5,seed,pass,Y,,2026-05-19,0,0.0,0.0,low,N,scenario inactive,inactive scenario,0.998912,1.030954,-0.00733,korea_financial_stress_vulnerable,"가계부채, 부동산 PF, 비은행권, 금융주와 건설주 스트레스가 한국 자산 전반으로 번지는 장세입니다. 금융/건설 basket, 신용 spread, 단기자금 spread, 원화 약세를 함께 점검합니다."
006400.KS,006400.KS,kr_stock,slowdown_recession_deflation_risk,Slowdown / Recession / Deflation Risk,경기둔화/침체 우려장,us_global,0.284878,-0.00733,0.092666,positive,0.284878,low,62.915468,rolling_beta,v3,1,4621,4621,3,market,pass,N,,2026-05-19,0,0.0,0.0,high,N,scenario inactive,inactive scenario,0.043592,0.092666,-0.00733,slowdown_vulnerable,수요 둔화와 침체/디플레이션 압력이 커지는 방어적 장세입니다. 주식 beta와 신용위험을 보수적으로 봅니다.
011200.KS,011200.KS,kr_stock,higher_for_longer_long_rate_shock,Higher-for-Longer / Long-Rate Shock,장기금리 부담장,us_global,0.0,-0.000737,0.0,neutral,0.0,low,84.792857,rolling_beta,v3,1,4621,4621,3,market,pass,N,,2026-05-19,1,0.957691,0.957691,high,Y,trade-gated adverse scenario with medium/high evidence,active market context,-0.04707,-0.095855,-0.000737,rate_sensitive,장기금리와 달러 강세 부담이 채권·성장주·신용자산을 압박하는 장세입니다. 고밸류 성장주와 반도체 factor 민감도를 점검합니다.
011200.KS,011200.KS,kr_stock,usd_strength_krw_weakness,USD Strength / KRW Weakness,달러강세/원화약세장,fx_krw,0.535544,-0.000737,0.83759,positive,0.535544,medium,55.911083,rolling_beta,v3,1,4195,4195,4,market,pass,N,,2026-05-19,1,0.741605,0.0,high,N,below ACTIVE confidence/coverage trade-gate threshold,active market context,-0.314981,0.83759,-0.000737,krw_weakness_vulnerable,달러가 강하고 원화가 약해져 KRW 기준 투자자의 환율 리스크가 커지는 장세입니다. 한국 자산과 USD 노출의 역할을 분리해 봅니다.
011200.KS,011200.KS,kr_stock,stagflation_reinflation_energy_shock,Stagflation / Reinflation / Energy Shock,물가·에너지 재상승장,us_global,0.018434,-0.000737,0.0,neutral,0.018434,low,72.569021,rolling_beta,v3,1,4621,4621,2,market,pass,N,,2026-05-19,1,0.74313,0.74313,high,Y,trade-gated adverse scenario with medium/high evidence,active market context,-0.017192,,-0.000737,stagflation_vulnerable,성장 부담이 있는데 유가·원자재·인플레이션 압력이 다시 커지는 장세입니다. 에너지/원자재 수혜와 장기채 부담을 함께 봅니다.
011200.KS,011200.KS,kr_stock,china_trade_fragmentation_shock,China / Trade Fragmentation Shock,중국·무역분절 충격장,china_asia,0.386869,-0.000737,0.83759,positive,0.386869,medium,46.541871,rolling_beta,v3,1,1185,1185,5,market,pass,N,,2026-05-19,1,0.691684,0.0,medium,N,below ACTIVE confidence/coverage trade-gate threshold,active market context,0.785561,0.83759,-0.000737,china_asia_shock_vulnerable,중국 경기·무역갈등·공급망 충격이 한국/아시아와 반도체 자산에 번지는 장세입니다. 한국 반도체 factor와 원화 약세를 함께 확인합니다.
011200.KS,011200.KS,kr_stock,acute_global_stress_liquidity_crunch,Acute Global Stress / Liquidity Crunch,급성 리스크오프/유동성 경색장,us_global,0.033181,-0.000737,0.0,neutral,0.033181,low,59.880692,rolling_beta,v3,1,4621,4621,3,market,pass,N,,2026-05-19,1,0.405911,0.0,high,N,context only: WATCH state,context only: WATCH state,-0.04707,-0.095855,-0.000737,liquidity_stress_vulnerable,변동성이 튀고 위험자산이 동반 약세를 보이는 단기 스트레스 장세입니다. 상관관계 상승과 유동성 악화를 우선 점검합니다.
011200.KS,011200.KS,kr_stock,geopolitical_escalation_supply_shock,Geopolitical Escalation / Supply Shock,지정학 확전·공급충격장,geopolitical,0.218434,-0.000737,0.0,positive,0.218434,low,68.226901,rolling_beta,v3,1,4195,4195,3,manual,pass,Y,,2026-05-19,1,0.401425,0.0,medium,N,context only: source_quality=manual,context only: source_quality=manual,-0.017192,,-0.000737,geopolitical_supply_shock_vulnerable,"전쟁, 제재, 해상로 차질, 대만·중동·한반도 긴장처럼 유가·금·방산·변동성이 동시에 움직이는 이벤트성 충격 장세입니다. 뉴스 overlay는 가격 신호를 보강하는 용도로만 해석합니다."
011200.KS,011200.KS,kr_stock,soft_landing_goldilocks,Soft Landing / Goldilocks,우호적 위험선호장,us_global,-0.04707,-0.000737,0.0,neutral,0.04707,low,52.393619,rolling_beta,v3,1,4621,4621,3,market,pass,N,,2026-05-19,1,0.385976,0.0,high,N,non-adverse scenario,context only: WATCH state,-0.04707,-0.095855,-0.000737,neutral_or_defensive,우호적 위험선호장 참여 민감도
011200.KS,011200.KS,kr_stock,semiconductor_ai_cycle_shock,Semiconductor / AI Cycle Shock,AI·반도체 사이클 충격장,korea_semiconductor,0.225208,-0.000737,0.0,positive,0.225208,low,35.914571,rolling_beta,v3,1,1185,1185,6,market,pass,N,,2026-05-19,0,0.0,0.0,medium,N,scenario inactive,inactive scenario,-0.084124,-0.157912,-0.000737,semiconductor_ai_shock_vulnerable,"AI capex 기대와 반도체 모멘텀이 꺾이면서 미국 성장주와 한국 반도체 대형주가 동시에 압박받는 장세입니다. SOXX, AI leader basket, 한국 반도체 basket의 동반 약세와 원화 압력을 함께 봅니다."
011200.KS,011200.KS,kr_stock,korea_domestic_financial_stress,Korea Domestic Financial Stress,한국 내수 금융스트레스장,korea_market,0.547239,-0.000737,0.83759,positive,0.547239,medium,24.490447,rolling_beta,v3,1,4195,4195,5,seed,pass,Y,,2026-05-19,0,0.0,0.0,low,N,scenario inactive,inactive scenario,0.785561,0.83759,-0.000737,korea_financial_stress_vulnerable,"가계부채, 부동산 PF, 비은행권, 금융주와 건설주 스트레스가 한국 자산 전반으로 번지는 장세입니다. 금융/건설 basket, 신용 spread, 단기자금 spread, 원화 약세를 함께 점검합니다."
011200.KS,011200.KS,kr_stock,slowdown_recession_deflation_risk,Slowdown / Recession / Deflation Risk,경기둔화/침체 우려장,us_global,-0.004788,-0.000737,0.0,neutral,0.004788,low,62.915468,rolling_beta,v3,1,4621,4621,3,market,pass,N,,2026-05-19,0,0.0,0.0,high,N,scenario inactive,inactive scenario,-0.04707,-0.095855,-0.000737,slowdown_defense,수요 둔화와 침체/디플레이션 압력이 커지는 방어적 장세입니다. 주식 beta와 신용위험을 보수적으로 봅니다.
017670.KS,017670.KS,kr_stock,higher_for_longer_long_rate_shock,Higher-for-Longer / Long-Rate Shock,장기금리 부담장,us_global,0.0,-0.001759,0.037539,neutral,0.0,low,84.792857,rolling_beta,v3,1,4621,4621,3,market,pass,N,,2026-05-19,1,0.957691,0.957691,high,Y,trade-gated adverse scenario with medium/high evidence,active market context,-0.002631,0.037539,-0.001759,rate_sensitive,장기금리와 달러 강세 부담이 채권·성장주·신용자산을 압박하는 장세입니다. 고밸류 성장주와 반도체 factor 민감도를 점검합니다.
017670.KS,017670.KS,kr_stock,usd_strength_krw_weakness,USD Strength / KRW Weakness,달러강세/원화약세장,fx_krw,0.598106,-0.001759,0.437337,positive,0.598106,medium,55.911083,rolling_beta,v3,1,4195,4195,4,market,pass,N,,2026-05-19,1,0.741605,0.0,high,N,below ACTIVE confidence/coverage trade-gate threshold,active market context,-0.071288,0.437337,-0.001759,krw_weakness_vulnerable,달러가 강하고 원화가 약해져 KRW 기준 투자자의 환율 리스크가 커지는 장세입니다. 한국 자산과 USD 노출의 역할을 분리해 봅니다.
017670.KS,017670.KS,kr_stock,stagflation_reinflation_energy_shock,Stagflation / Reinflation / Energy Shock,물가·에너지 재상승장,us_global,0.043985,-0.001759,0.0,neutral,0.043985,low,72.569021,rolling_beta,v3,1,4621,4621,2,market,pass,N,,2026-05-19,1,0.74313,0.74313,high,Y,trade-gated adverse scenario with medium/high evidence,active market context,-0.000358,,-0.001759,stagflation_vulnerable,성장 부담이 있는데 유가·원자재·인플레이션 압력이 다시 커지는 장세입니다. 에너지/원자재 수혜와 장기채 부담을 함께 봅니다.
017670.KS,017670.KS,kr_stock,china_trade_fragmentation_shock,China / Trade Fragmentation Shock,중국·무역분절 충격장,china_asia,0.462469,-0.001759,0.437337,positive,0.462469,medium,46.541871,rolling_beta,v3,1,1185,1185,5,market,pass,N,,2026-05-19,1,0.691684,0.0,medium,N,below ACTIVE confidence/coverage trade-gate threshold,active market context,0.352013,0.437337,-0.001759,china_asia_shock_vulnerable,중국 경기·무역갈등·공급망 충격이 한국/아시아와 반도체 자산에 번지는 장세입니다. 한국 반도체 factor와 원화 약세를 함께 확인합니다.
017670.KS,017670.KS,kr_stock,acute_global_stress_liquidity_crunch,Acute Global Stress / Liquidity Crunch,급성 리스크오프/유동성 경색장,us_global,0.079173,-0.001759,0.037539,positive,0.079173,low,59.880692,rolling_beta,v3,1,4621,4621,3,market,pass,N,,2026-05-19,1,0.405911,0.0,high,N,context only: WATCH state,context only: WATCH state,-0.002631,0.037539,-0.001759,liquidity_stress_vulnerable,변동성이 튀고 위험자산이 동반 약세를 보이는 단기 스트레스 장세입니다. 상관관계 상승과 유동성 악화를 우선 점검합니다.
017670.KS,017670.KS,kr_stock,geopolitical_escalation_supply_shock,Geopolitical Escalation / Supply Shock,지정학 확전·공급충격장,geopolitical,0.243985,-0.001759,0.0,positive,0.243985,low,68.226901,rolling_beta,v3,1,4195,4195,3,manual,pass,Y,,2026-05-19,1,0.401425,0.0,medium,N,context only: source_quality=manual,context only: source_quality=manual,-0.000358,,-0.001759,geopolitical_supply_shock_vulnerable,"전쟁, 제재, 해상로 차질, 대만·중동·한반도 긴장처럼 유가·금·방산·변동성이 동시에 움직이는 이벤트성 충격 장세입니다. 뉴스 overlay는 가격 신호를 보강하는 용도로만 해석합니다."
017670.KS,017670.KS,kr_stock,soft_landing_goldilocks,Soft Landing / Goldilocks,우호적 위험선호장,us_global,-0.002631,-0.001759,0.037539,neutral,0.002631,low,52.393619,rolling_beta,v3,1,4621,4621,3,market,pass,N,,2026-05-19,1,0.385976,0.0,high,N,non-adverse scenario,context only: WATCH state,-0.002631,0.037539,-0.001759,neutral_or_defensive,우호적 위험선호장 참여 민감도
017670.KS,017670.KS,kr_stock,semiconductor_ai_cycle_shock,Semiconductor / AI Cycle Shock,AI·반도체 사이클 충격장,korea_semiconductor,0.170396,-0.001759,0.0,positive,0.170396,low,35.914571,rolling_beta,v3,1,1185,1185,6,market,pass,N,,2026-05-19,0,0.0,0.0,medium,N,scenario inactive,inactive scenario,-0.034553,-0.003882,-0.001759,semiconductor_ai_shock_vulnerable,"AI capex 기대와 반도체 모멘텀이 꺾이면서 미국 성장주와 한국 반도체 대형주가 동시에 압박받는 장세입니다. SOXX, AI leader basket, 한국 반도체 basket의 동반 약세와 원화 압력을 함께 봅니다."
017670.KS,017670.KS,kr_stock,korea_domestic_financial_stress,Korea Domestic Financial Stress,한국 내수 금융스트레스장,korea_market,0.36952,-0.001759,0.437337,positive,0.36952,medium,24.490447,rolling_beta,v3,1,4195,4195,5,seed,pass,Y,,2026-05-19,0,0.0,0.0,low,N,scenario inactive,inactive scenario,0.352013,0.437337,-0.001759,korea_financial_stress_vulnerable,"가계부채, 부동산 PF, 비은행권, 금융주와 건설주 스트레스가 한국 자산 전반으로 번지는 장세입니다. 금융/건설 basket, 신용 spread, 단기자금 spread, 원화 약세를 함께 점검합니다."
017670.KS,017670.KS,kr_stock,slowdown_recession_deflation_risk,Slowdown / Recession / Deflation Risk,경기둔화/침체 우려장,us_global,0.059868,-0.001759,0.037539,positive,0.059868,low,62.915468,rolling_beta,v3,1,4621,4621,3,market,pass,N,,2026-05-19,0,0.0,0.0,high,N,scenario inactive,inactive scenario,-0.002631,0.037539,-0.001759,slowdown_vulnerable,수요 둔화와 침체/디플레이션 압력이 커지는 방어적 장세입니다. 주식 beta와 신용위험을 보수적으로 봅니다.
032830.KS,032830.KS,kr_stock,higher_for_longer_long_rate_shock,Higher-for-Longer / Long-Rate Shock,장기금리 부담장,us_global,0.0,-0.004678,0.133416,neutral,0.0,low,84.792857,rolling_beta,v3,1,3812,3812,3,market,pass,N,,2026-05-19,1,0.957691,0.957691,high,Y,trade-gated adverse scenario with medium/high evidence,active market context,-0.026675,0.133416,-0.004678,rate_sensitive,장기금리와 달러 강세 부담이 채권·성장주·신용자산을 압박하는 장세입니다. 고밸류 성장주와 반도체 factor 민감도를 점검합니다.
032830.KS,032830.KS,kr_stock,usd_strength_krw_weakness,USD Strength / KRW Weakness,달러강세/원화약세장,fx_krw,0.648217,-0.004678,0.766349,positive,0.648217,medium,55.911083,rolling_beta,v3,1,3463,3463,4,market,pass,N,,2026-05-19,1,0.741605,0.0,high,N,below ACTIVE confidence/coverage trade-gate threshold,active market context,-0.325516,0.766349,-0.004678,krw_weakness_vulnerable,달러가 강하고 원화가 약해져 KRW 기준 투자자의 환율 리스크가 커지는 장세입니다. 한국 자산과 USD 노출의 역할을 분리해 봅니다.
032830.KS,032830.KS,kr_stock,stagflation_reinflation_energy_shock,Stagflation / Reinflation / Energy Shock,물가·에너지 재상승장,us_global,0.116939,-0.004678,0.0,positive,0.116939,low,72.569021,rolling_beta,v3,1,3812,3812,2,market,pass,N,,2026-05-19,1,0.74313,0.74313,high,Y,trade-gated adverse scenario with medium/high evidence,active market context,0.013584,,-0.004678,stagflation_vulnerable,성장 부담이 있는데 유가·원자재·인플레이션 압력이 다시 커지는 장세입니다. 에너지/원자재 수혜와 장기채 부담을 함께 봅니다.
032830.KS,032830.KS,kr_stock,china_trade_fragmentation_shock,China / Trade Fragmentation Shock,중국·무역분절 충격장,china_asia,0.575513,-0.004678,0.766349,positive,0.575513,medium,46.541871,rolling_beta,v3,1,1185,1185,5,market,pass,N,,2026-05-19,1,0.691684,0.0,medium,N,below ACTIVE confidence/coverage trade-gate threshold,active market context,0.708752,0.766349,-0.004678,china_asia_shock_vulnerable,중국 경기·무역갈등·공급망 충격이 한국/아시아와 반도체 자산에 번지는 장세입니다. 한국 반도체 factor와 원화 약세를 함께 확인합니다.
032830.KS,032830.KS,kr_stock,acute_global_stress_liquidity_crunch,Acute Global Stress / Liquidity Crunch,급성 리스크오프/유동성 경색장,us_global,0.210491,-0.004678,0.133416,positive,0.210491,low,59.880692,rolling_beta,v3,1,3812,3812,3,market,pass,N,,2026-05-19,1,0.405911,0.0,high,N,context only: WATCH state,context only: WATCH state,-0.026675,0.133416,-0.004678,liquidity_stress_vulnerable,변동성이 튀고 위험자산이 동반 약세를 보이는 단기 스트레스 장세입니다. 상관관계 상승과 유동성 악화를 우선 점검합니다.
032830.KS,032830.KS,kr_stock,geopolitical_escalation_supply_shock,Geopolitical Escalation / Supply Shock,지정학 확전·공급충격장,geopolitical,0.315581,-0.004678,0.0,positive,0.315581,medium,68.226901,rolling_beta,v3,1,3463,3463,3,manual,pass,Y,,2026-05-19,1,0.401425,0.0,medium,N,context only: source_quality=manual,context only: source_quality=manual,0.013584,,-0.004678,geopolitical_supply_shock_vulnerable,"전쟁, 제재, 해상로 차질, 대만·중동·한반도 긴장처럼 유가·금·방산·변동성이 동시에 움직이는 이벤트성 충격 장세입니다. 뉴스 overlay는 가격 신호를 보강하는 용도로만 해석합니다."
032830.KS,032830.KS,kr_stock,soft_landing_goldilocks,Soft Landing / Goldilocks,우호적 위험선호장,us_global,-0.026675,-0.004678,0.133416,neutral,0.026675,low,52.393619,rolling_beta,v3,1,3812,3812,3,market,pass,N,,2026-05-19,1,0.385976,0.0,high,N,non-adverse scenario,context only: WATCH state,-0.026675,0.133416,-0.004678,neutral_or_defensive,우호적 위험선호장 참여 민감도
032830.KS,032830.KS,kr_stock,semiconductor_ai_cycle_shock,Semiconductor / AI Cycle Shock,AI·반도체 사이클 충격장,korea_semiconductor,0.281592,-0.004678,0.114015,positive,0.281592,low,35.914571,rolling_beta,v3,1,1185,1185,6,market,pass,N,,2026-05-19,0,0.0,0.0,medium,N,scenario inactive,inactive scenario,-0.012067,0.114015,-0.004678,semiconductor_ai_shock_vulnerable,"AI capex 기대와 반도체 모멘텀이 꺾이면서 미국 성장주와 한국 반도체 대형주가 동시에 압박받는 장세입니다. SOXX, AI leader basket, 한국 반도체 basket의 동반 약세와 원화 압력을 함께 봅니다."
032830.KS,032830.KS,kr_stock,korea_domestic_financial_stress,Korea Domestic Financial Stress,한국 내수 금융스트레스장,korea_market,1.195603,-0.004678,0.766349,positive,1.195603,high,24.490447,rolling_beta,v3,1,3463,3463,5,seed,pass,Y,,2026-05-19,0,0.0,0.0,low,N,scenario inactive,inactive scenario,0.708752,0.766349,-0.004678,korea_financial_stress_vulnerable,"가계부채, 부동산 PF, 비은행권, 금융주와 건설주 스트레스가 한국 자산 전반으로 번지는 장세입니다. 금융/건설 basket, 신용 spread, 단기자금 spread, 원화 약세를 함께 점검합니다."
032830.KS,032830.KS,kr_stock,slowdown_recession_deflation_risk,Slowdown / Recession / Deflation Risk,경기둔화/침체 우려장,us_global,0.146376,-0.004678,0.133416,positive,0.146376,low,62.915468,rolling_beta,v3,1,3812,3812,3,market,pass,N,,2026-05-19,0,0.0,0.0,high,N,scenario inactive,inactive scenario,-0.026675,0.133416,-0.004678,slowdown_vulnerable,수요 둔화와 침체/디플레이션 압력이 커지는 방어적 장세입니다. 주식 beta와 신용위험을 보수적으로 봅니다.
034020.KS,034020.KS,kr_stock,higher_for_longer_long_rate_shock,Higher-for-Longer / Long-Rate Shock,장기금리 부담장,us_global,0.041155,-0.008922,0.214301,neutral,0.041155,low,84.792857,rolling_beta,v3,1,4621,4621,3,market,pass,N,,2026-05-19,1,0.957691,0.957691,high,Y,trade-gated adverse scenario with medium/high evidence,active market context,0.074827,0.214301,-0.008922,rate_sensitive,장기금리와 달러 강세 부담이 채권·성장주·신용자산을 압박하는 장세입니다. 고밸류 성장주와 반도체 factor 민감도를 점검합니다.
034020.KS,034020.KS,kr_stock,usd_strength_krw_weakness,USD Strength / KRW Weakness,달러강세/원화약세장,fx_krw,0.648168,-0.008922,1.274963,positive,0.648168,medium,55.911083,rolling_beta,v3,1,4195,4195,4,market,pass,N,,2026-05-19,1,0.741605,0.0,high,N,below ACTIVE confidence/coverage trade-gate threshold,active market context,-0.427087,1.274963,-0.008922,krw_weakness_vulnerable,달러가 강하고 원화가 약해져 KRW 기준 투자자의 환율 리스크가 커지는 장세입니다. 한국 자산과 USD 노출의 역할을 분리해 봅니다.
034020.KS,034020.KS,kr_stock,stagflation_reinflation_energy_shock,Stagflation / Reinflation / Energy Shock,물가·에너지 재상승장,us_global,0.249238,-0.008922,0.074827,positive,0.249238,low,72.569021,rolling_beta,v3,1,4621,4621,2,market,pass,N,,2026-05-19,1,0.74313,0.74313,high,Y,trade-gated adverse scenario with medium/high evidence,active market context,0.033172,,-0.008922,stagflation_vulnerable,성장 부담이 있는데 유가·원자재·인플레이션 압력이 다시 커지는 장세입니다. 에너지/원자재 수혜와 장기채 부담을 함께 봅니다.
034020.KS,034020.KS,kr_stock,china_trade_fragmentation_shock,China / Trade Fragmentation Shock,중국·무역분절 충격장,china_asia,0.681583,-0.008922,1.274963,positive,0.681583,medium,46.541871,rolling_beta,v3,1,1185,1185,5,market,pass,N,,2026-05-19,1,0.691684,0.0,medium,N,below ACTIVE confidence/coverage trade-gate threshold,active market context,1.127018,1.274963,-0.008922,china_asia_shock_vulnerable,중국 경기·무역갈등·공급망 충격이 한국/아시아와 반도체 자산에 번지는 장세입니다. 한국 반도체 factor와 원화 약세를 함께 확인합니다.
034020.KS,034020.KS,kr_stock,acute_global_stress_liquidity_crunch,Acute Global Stress / Liquidity Crunch,급성 리스크오프/유동성 경색장,us_global,0.442643,-0.008922,0.214301,positive,0.442643,medium,59.880692,rolling_beta,v3,1,4621,4621,3,market,pass,N,,2026-05-19,1,0.405911,0.0,high,N,context only: WATCH state,context only: WATCH state,0.074827,0.214301,-0.008922,liquidity_stress_vulnerable,변동성이 튀고 위험자산이 동반 약세를 보이는 단기 스트레스 장세입니다. 상관관계 상승과 유동성 악화를 우선 점검합니다.
034020.KS,034020.KS,kr_stock,geopolitical_escalation_supply_shock,Geopolitical Escalation / Supply Shock,지정학 확전·공급충격장,geopolitical,0.445921,-0.008922,0.074827,positive,0.445921,medium,68.226901,rolling_beta,v3,1,4195,4195,3,manual,pass,Y,,2026-05-19,1,0.401425,0.0,medium,N,context only: source_quality=manual,context only: source_quality=manual,0.033172,,-0.008922,geopolitical_supply_shock_vulnerable,"전쟁, 제재, 해상로 차질, 대만·중동·한반도 긴장처럼 유가·금·방산·변동성이 동시에 움직이는 이벤트성 충격 장세입니다. 뉴스 overlay는 가격 신호를 보강하는 용도로만 해석합니다."
034020.KS,034020.KS,kr_stock,soft_landing_goldilocks,Soft Landing / Goldilocks,우호적 위험선호장,us_global,0.074827,-0.008922,0.214301,positive,0.074827,low,52.393619,rolling_beta,v3,1,4621,4621,3,market,pass,N,,2026-05-19,1,0.385976,0.0,high,N,non-adverse scenario,context only: WATCH state,0.074827,0.214301,-0.008922,neutral_or_defensive,우호적 위험선호장 참여 민감도
034020.KS,034020.KS,kr_stock,semiconductor_ai_cycle_shock,Semiconductor / AI Cycle Shock,AI·반도체 사이클 충격장,korea_semiconductor,0.41742,-0.008922,0.148829,positive,0.41742,medium,35.914571,rolling_beta,v3,1,1185,1185,6,market,pass,N,,2026-05-19,0,0.0,0.0,medium,N,scenario inactive,inactive scenario,0.036143,0.148829,-0.008922,semiconductor_ai_shock_vulnerable,"AI capex 기대와 반도체 모멘텀이 꺾이면서 미국 성장주와 한국 반도체 대형주가 동시에 압박받는 장세입니다. SOXX, AI leader basket, 한국 반도체 basket의 동반 약세와 원화 압력을 함께 봅니다."
034020.KS,034020.KS,kr_stock,korea_domestic_financial_stress,Korea Domestic Financial Stress,한국 내수 금융스트레스장,korea_market,0.913124,-0.008922,1.274963,positive,0.913124,high,24.490447,rolling_beta,v3,1,4195,4195,5,seed,pass,Y,,2026-05-19,0,0.0,0.0,low,N,scenario inactive,inactive scenario,1.127018,1.274963,-0.008922,korea_financial_stress_vulnerable,"가계부채, 부동산 PF, 비은행권, 금융주와 건설주 스트레스가 한국 자산 전반으로 번지는 장세입니다. 금융/건설 basket, 신용 spread, 단기자금 spread, 원화 약세를 함께 점검합니다."
034020.KS,034020.KS,kr_stock,slowdown_recession_deflation_risk,Slowdown / Recession / Deflation Risk,경기둔화/침체 우려장,us_global,0.360906,-0.008922,0.214301,positive,0.360906,medium,62.915468,rolling_beta,v3,1,4621,4621,3,market,pass,N,,2026-05-19,0,0.0,0.0,high,N,scenario inactive,inactive scenario,0.074827,0.214301,-0.008922,slowdown_vulnerable,수요 둔화와 침체/디플레이션 압력이 커지는 방어적 장세입니다. 주식 beta와 신용위험을 보수적으로 봅니다.
035420.KS,035420.KS,kr_stock,higher_for_longer_long_rate_shock,Higher-for-Longer / Long-Rate Shock,장기금리 부담장,us_global,0.0,-0.004623,0.083592,neutral,0.0,low,84.792857,rolling_beta,v3,1,4621,4621,3,market,pass,N,,2026-05-19,1,0.957691,0.957691,high,Y,trade-gated adverse scenario with medium/high evidence,active market context,-0.05893,0.083592,-0.004623,rate_sensitive,장기금리와 달러 강세 부담이 채권·성장주·신용자산을 압박하는 장세입니다. 고밸류 성장주와 반도체 factor 민감도를 점검합니다.
035420.KS,035420.KS,kr_stock,usd_strength_krw_weakness,USD Strength / KRW Weakness,달러강세/원화약세장,fx_krw,0.638847,-0.004623,0.851495,positive,0.638847,medium,55.911083,rolling_beta,v3,1,4195,4195,4,market,pass,N,,2026-05-19,1,0.741605,0.0,high,N,below ACTIVE confidence/coverage trade-gate threshold,active market context,-0.346679,0.851495,-0.004623,krw_weakness_vulnerable,달러가 강하고 원화가 약해져 KRW 기준 투자자의 환율 리스크가 커지는 장세입니다. 한국 자산과 USD 노출의 역할을 분리해 봅니다.
035420.KS,035420.KS,kr_stock,stagflation_reinflation_energy_shock,Stagflation / Reinflation / Energy Shock,물가·에너지 재상승장,us_global,0.115573,-0.004623,0.0,positive,0.115573,low,72.569021,rolling_beta,v3,1,4621,4621,2,market,pass,N,,2026-05-19,1,0.74313,0.74313,high,Y,trade-gated adverse scenario with medium/high evidence,active market context,-0.034208,,-0.004623,stagflation_vulnerable,성장 부담이 있는데 유가·원자재·인플레이션 압력이 다시 커지는 장세입니다. 에너지/원자재 수혜와 장기채 부담을 함께 봅니다.
035420.KS,035420.KS,kr_stock,china_trade_fragmentation_shock,China / Trade Fragmentation Shock,중국·무역분절 충격장,china_asia,0.566651,-0.004623,0.851495,positive,0.566651,medium,46.541871,rolling_beta,v3,1,1185,1185,5,market,pass,N,,2026-05-19,1,0.691684,0.0,medium,N,below ACTIVE confidence/coverage trade-gate threshold,active market context,0.779772,0.851495,-0.004623,china_asia_shock_vulnerable,중국 경기·무역갈등·공급망 충격이 한국/아시아와 반도체 자산에 번지는 장세입니다. 한국 반도체 factor와 원화 약세를 함께 확인합니다.
035420.KS,035420.KS,kr_stock,acute_global_stress_liquidity_crunch,Acute Global Stress / Liquidity Crunch,급성 리스크오프/유동성 경색장,us_global,0.208032,-0.004623,0.083592,positive,0.208032,low,59.880692,rolling_beta,v3,1,4621,4621,3,market,pass,N,,2026-05-19,1,0.405911,0.0,high,N,context only: WATCH state,context only: WATCH state,-0.05893,0.083592,-0.004623,liquidity_stress_vulnerable,변동성이 튀고 위험자산이 동반 약세를 보이는 단기 스트레스 장세입니다. 상관관계 상승과 유동성 악화를 우선 점검합니다.
035420.KS,035420.KS,kr_stock,geopolitical_escalation_supply_shock,Geopolitical Escalation / Supply Shock,지정학 확전·공급충격장,geopolitical,0.315573,-0.004623,0.0,positive,0.315573,medium,68.226901,rolling_beta,v3,1,4195,4195,3,manual,pass,Y,,2026-05-19,1,0.401425,0.0,medium,N,context only: source_quality=manual,context only: source_quality=manual,-0.034208,,-0.004623,geopolitical_supply_shock_vulnerable,"전쟁, 제재, 해상로 차질, 대만·중동·한반도 긴장처럼 유가·금·방산·변동성이 동시에 움직이는 이벤트성 충격 장세입니다. 뉴스 overlay는 가격 신호를 보강하는 용도로만 해석합니다."
035420.KS,035420.KS,kr_stock,soft_landing_goldilocks,Soft Landing / Goldilocks,우호적 위험선호장,us_global,-0.05893,-0.004623,0.083592,negative,0.05893,low,52.393619,rolling_beta,v3,1,4621,4621,3,market,pass,N,,2026-05-19,1,0.385976,0.0,high,N,non-adverse scenario,context only: WATCH state,-0.05893,0.083592,-0.004623,neutral_or_defensive,우호적 위험선호장 참여 민감도
035420.KS,035420.KS,kr_stock,semiconductor_ai_cycle_shock,Semiconductor / AI Cycle Shock,AI·반도체 사이클 충격장,korea_semiconductor,0.290008,-0.004623,0.096854,positive,0.290008,low,35.914571,rolling_beta,v3,1,1185,1185,6,market,pass,N,,2026-05-19,0,0.0,0.0,medium,N,scenario inactive,inactive scenario,0.006498,0.096854,-0.004623,semiconductor_ai_shock_vulnerable,"AI capex 기대와 반도체 모멘텀이 꺾이면서 미국 성장주와 한국 반도체 대형주가 동시에 압박받는 장세입니다. SOXX, AI leader basket, 한국 반도체 basket의 동반 약세와 원화 압력을 함께 봅니다."
035420.KS,035420.KS,kr_stock,korea_domestic_financial_stress,Korea Domestic Financial Stress,한국 내수 금융스트레스장,korea_market,0.625014,-0.004623,0.851495,positive,0.625014,medium,24.490447,rolling_beta,v3,1,4195,4195,5,seed,pass,Y,,2026-05-19,0,0.0,0.0,low,N,scenario inactive,inactive scenario,0.779772,0.851495,-0.004623,korea_financial_stress_vulnerable,"가계부채, 부동산 PF, 비은행권, 금융주와 건설주 스트레스가 한국 자산 전반으로 번지는 장세입니다. 금융/건설 basket, 신용 spread, 단기자금 spread, 원화 약세를 함께 점검합니다."
035420.KS,035420.KS,kr_stock,slowdown_recession_deflation_risk,Slowdown / Recession / Deflation Risk,경기둔화/침체 우려장,us_global,0.123498,-0.004623,0.083592,positive,0.123498,low,62.915468,rolling_beta,v3,1,4621,4621,3,market,pass,N,,2026-05-19,0,0.0,0.0,high,N,scenario inactive,inactive scenario,-0.05893,0.083592,-0.004623,slowdown_vulnerable,수요 둔화와 침체/디플레이션 압력이 커지는 방어적 장세입니다. 주식 beta와 신용위험을 보수적으로 봅니다.
035720.KS,035720.KS,kr_stock,higher_for_longer_long_rate_shock,Higher-for-Longer / Long-Rate Shock,장기금리 부담장,us_global,0.004483,-0.007714,0.11844,neutral,0.004483,low,84.792857,rolling_beta,v3,1,4621,4621,3,market,pass,N,,2026-05-19,1,0.957691,0.957691,high,Y,trade-gated adverse scenario with medium/high evidence,active market context,0.008151,0.11844,-0.007714,rate_sensitive,장기금리와 달러 강세 부담이 채권·성장주·신용자산을 압박하는 장세입니다. 고밸류 성장주와 반도체 factor 민감도를 점검합니다.
035720.KS,035720.KS,kr_stock,usd_strength_krw_weakness,USD Strength / KRW Weakness,달러강세/원화약세장,fx_krw,0.639976,-0.007714,0.927182,positive,0.639976,medium,55.911083,rolling_beta,v3,1,4195,4195,4,market,pass,N,,2026-05-19,1,0.741605,0.0,high,N,below ACTIVE confidence/coverage trade-gate threshold,active market context,-0.36891,0.927182,-0.007714,krw_weakness_vulnerable,달러가 강하고 원화가 약해져 KRW 기준 투자자의 환율 리스크가 커지는 장세입니다. 한국 자산과 USD 노출의 역할을 분리해 봅니다.
035720.KS,035720.KS,kr_stock,stagflation_reinflation_energy_shock,Stagflation / Reinflation / Energy Shock,물가·에너지 재상승장,us_global,0.195705,-0.007714,0.008151,positive,0.195705,low,72.569021,rolling_beta,v3,1,4621,4621,2,market,pass,N,,2026-05-19,1,0.74313,0.74313,high,Y,trade-gated adverse scenario with medium/high evidence,active market context,-0.025157,,-0.007714,stagflation_vulnerable,성장 부담이 있는데 유가·원자재·인플레이션 압력이 다시 커지는 장세입니다. 에너지/원자재 수혜와 장기채 부담을 함께 봅니다.
035720.KS,035720.KS,kr_stock,china_trade_fragmentation_shock,China / Trade Fragmentation Shock,중국·무역분절 충격장,china_asia,0.644834,-0.007714,0.927182,positive,0.644834,medium,46.541871,rolling_beta,v3,1,1185,1185,5,market,pass,N,,2026-05-19,1,0.691684,0.0,medium,N,below ACTIVE confidence/coverage trade-gate threshold,active market context,0.769637,0.927182,-0.007714,china_asia_shock_vulnerable,중국 경기·무역갈등·공급망 충격이 한국/아시아와 반도체 자산에 번지는 장세입니다. 한국 반도체 factor와 원화 약세를 함께 확인합니다.
035720.KS,035720.KS,kr_stock,acute_global_stress_liquidity_crunch,Acute Global Stress / Liquidity Crunch,급성 리스크오프/유동성 경색장,us_global,0.351617,-0.007714,0.11844,positive,0.351617,medium,59.880692,rolling_beta,v3,1,4621,4621,3,market,pass,N,,2026-05-19,1,0.405911,0.0,high,N,context only: WATCH state,context only: WATCH state,0.008151,0.11844,-0.007714,liquidity_stress_vulnerable,변동성이 튀고 위험자산이 동반 약세를 보이는 단기 스트레스 장세입니다. 상관관계 상승과 유동성 악화를 우선 점검합니다.
035720.KS,035720.KS,kr_stock,geopolitical_escalation_supply_shock,Geopolitical Escalation / Supply Shock,지정학 확전·공급충격장,geopolitical,0.395705,-0.007714,0.008151,positive,0.395705,medium,68.226901,rolling_beta,v3,1,4195,4195,3,manual,pass,Y,,2026-05-19,1,0.401425,0.0,medium,N,context only: source_quality=manual,context only: source_quality=manual,-0.025157,,-0.007714,geopolitical_supply_shock_vulnerable,"전쟁, 제재, 해상로 차질, 대만·중동·한반도 긴장처럼 유가·금·방산·변동성이 동시에 움직이는 이벤트성 충격 장세입니다. 뉴스 overlay는 가격 신호를 보강하는 용도로만 해석합니다."
035720.KS,035720.KS,kr_stock,soft_landing_goldilocks,Soft Landing / Goldilocks,우호적 위험선호장,us_global,0.008151,-0.007714,0.11844,neutral,0.008151,low,52.393619,rolling_beta,v3,1,4621,4621,3,market,pass,N,,2026-05-19,1,0.385976,0.0,high,N,non-adverse scenario,context only: WATCH state,0.008151,0.11844,-0.007714,neutral_or_defensive,우호적 위험선호장 참여 민감도
035720.KS,035720.KS,kr_stock,semiconductor_ai_cycle_shock,Semiconductor / AI Cycle Shock,AI·반도체 사이클 충격장,korea_semiconductor,0.302329,-0.007714,0.0,positive,0.302329,medium,35.914571,rolling_beta,v3,1,1185,1185,6,market,pass,N,,2026-05-19,0,0.0,0.0,medium,N,scenario inactive,inactive scenario,0.022317,-0.001076,-0.007714,semiconductor_ai_shock_vulnerable,"AI capex 기대와 반도체 모멘텀이 꺾이면서 미국 성장주와 한국 반도체 대형주가 동시에 압박받는 장세입니다. SOXX, AI leader basket, 한국 반도체 basket의 동반 약세와 원화 압력을 함께 봅니다."
035720.KS,035720.KS,kr_stock,korea_domestic_financial_stress,Korea Domestic Financial Stress,한국 내수 금융스트레스장,korea_market,0.696561,-0.007714,0.927182,positive,0.696561,medium,24.490447,rolling_beta,v3,1,4195,4195,5,seed,pass,Y,,2026-05-19,0,0.0,0.0,low,N,scenario inactive,inactive scenario,0.769637,0.927182,-0.007714,korea_financial_stress_vulnerable,"가계부채, 부동산 PF, 비은행권, 금융주와 건설주 스트레스가 한국 자산 전반으로 번지는 장세입니다. 금융/건설 basket, 신용 spread, 단기자금 spread, 원화 약세를 함께 점검합니다."
035720.KS,035720.KS,kr_stock,slowdown_recession_deflation_risk,Slowdown / Recession / Deflation Risk,경기둔화/침체 우려장,us_global,0.275292,-0.007714,0.11844,positive,0.275292,low,62.915468,rolling_beta,v3,1,4621,4621,3,market,pass,N,,2026-05-19,0,0.0,0.0,high,N,scenario inactive,inactive scenario,0.008151,0.11844,-0.007714,slowdown_vulnerable,수요 둔화와 침체/디플레이션 압력이 커지는 방어적 장세입니다. 주식 beta와 신용위험을 보수적으로 봅니다.
051910.KS,051910.KS,kr_stock,higher_for_longer_long_rate_shock,Higher-for-Longer / Long-Rate Shock,장기금리 부담장,us_global,0.019696,-0.007487,0.078886,neutral,0.019696,low,84.792857,rolling_beta,v3,1,4621,4621,3,market,pass,N,,2026-05-19,1,0.957691,0.957691,high,Y,trade-gated adverse scenario with medium/high evidence,active market context,0.035811,0.078886,-0.007487,rate_sensitive,장기금리와 달러 강세 부담이 채권·성장주·신용자산을 압박하는 장세입니다. 고밸류 성장주와 반도체 factor 민감도를 점검합니다.
051910.KS,051910.KS,kr_stock,usd_strength_krw_weakness,USD Strength / KRW Weakness,달러강세/원화약세장,fx_krw,0.63758,-0.007487,1.121067,positive,0.63758,medium,55.911083,rolling_beta,v3,1,4195,4195,4,market,pass,N,,2026-05-19,1,0.741605,0.0,high,N,below ACTIVE confidence/coverage trade-gate threshold,active market context,-0.390508,1.121067,-0.007487,krw_weakness_vulnerable,달러가 강하고 원화가 약해져 KRW 기준 투자자의 환율 리스크가 커지는 장세입니다. 한국 자산과 USD 노출의 역할을 분리해 봅니다.
051910.KS,051910.KS,kr_stock,stagflation_reinflation_energy_shock,Stagflation / Reinflation / Energy Shock,물가·에너지 재상승장,us_global,0.199714,-0.007487,0.035811,positive,0.199714,low,72.569021,rolling_beta,v3,1,4621,4621,2,market,pass,N,,2026-05-19,1,0.74313,0.74313,high,Y,trade-gated adverse scenario with medium/high evidence,active market context,0.023057,,-0.007487,stagflation_vulnerable,성장 부담이 있는데 유가·원자재·인플레이션 압력이 다시 커지는 장세입니다. 에너지/원자재 수혜와 장기채 부담을 함께 봅니다.
051910.KS,051910.KS,kr_stock,china_trade_fragmentation_shock,China / Trade Fragmentation Shock,중국·무역분절 충격장,china_asia,0.637244,-0.007487,1.121067,positive,0.637244,medium,46.541871,rolling_beta,v3,1,1185,1185,5,market,pass,N,,2026-05-19,1,0.691684,0.0,medium,N,below ACTIVE confidence/coverage trade-gate threshold,active market context,1.131428,1.121067,-0.007487,china_asia_shock_vulnerable,중국 경기·무역갈등·공급망 충격이 한국/아시아와 반도체 자산에 번지는 장세입니다. 한국 반도체 factor와 원화 약세를 함께 확인합니다.
051910.KS,051910.KS,kr_stock,acute_global_stress_liquidity_crunch,Acute Global Stress / Liquidity Crunch,급성 리스크오프/유동성 경색장,us_global,0.356621,-0.007487,0.078886,positive,0.356621,medium,59.880692,rolling_beta,v3,1,4621,4621,3,market,pass,N,,2026-05-19,1,0.405911,0.0,high,N,context only: WATCH state,context only: WATCH state,0.035811,0.078886,-0.007487,liquidity_stress_vulnerable,변동성이 튀고 위험자산이 동반 약세를 보이는 단기 스트레스 장세입니다. 상관관계 상승과 유동성 악화를 우선 점검합니다.
051910.KS,051910.KS,kr_stock,geopolitical_escalation_supply_shock,Geopolitical Escalation / Supply Shock,지정학 확전·공급충격장,geopolitical,0.397409,-0.007487,0.035811,positive,0.397409,medium,68.226901,rolling_beta,v3,1,4195,4195,3,manual,pass,Y,,2026-05-19,1,0.401425,0.0,medium,N,context only: source_quality=manual,context only: source_quality=manual,0.023057,,-0.007487,geopolitical_supply_shock_vulnerable,"전쟁, 제재, 해상로 차질, 대만·중동·한반도 긴장처럼 유가·금·방산·변동성이 동시에 움직이는 이벤트성 충격 장세입니다. 뉴스 overlay는 가격 신호를 보강하는 용도로만 해석합니다."
051910.KS,051910.KS,kr_stock,soft_landing_goldilocks,Soft Landing / Goldilocks,우호적 위험선호장,us_global,0.035811,-0.007487,0.078886,neutral,0.035811,low,52.393619,rolling_beta,v3,1,4621,4621,3,market,pass,N,,2026-05-19,1,0.385976,0.0,high,N,non-adverse scenario,context only: WATCH state,0.035811,0.078886,-0.007487,neutral_or_defensive,우호적 위험선호장 참여 민감도
051910.KS,051910.KS,kr_stock,semiconductor_ai_cycle_shock,Semiconductor / AI Cycle Shock,AI·반도체 사이클 충격장,korea_semiconductor,0.351553,-0.007487,0.013542,positive,0.351553,medium,35.914571,rolling_beta,v3,1,1185,1185,6,market,pass,N,,2026-05-19,0,0.0,0.0,medium,N,scenario inactive,inactive scenario,-0.015487,0.013542,-0.007487,semiconductor_ai_shock_vulnerable,"AI capex 기대와 반도체 모멘텀이 꺾이면서 미국 성장주와 한국 반도체 대형주가 동시에 압박받는 장세입니다. SOXX, AI leader basket, 한국 반도체 basket의 동반 약세와 원화 압력을 함께 봅니다."
051910.KS,051910.KS,kr_stock,korea_domestic_financial_stress,Korea Domestic Financial Stress,한국 내수 금융스트레스장,korea_market,0.854133,-0.007487,1.121067,positive,0.854133,high,24.490447,rolling_beta,v3,1,4195,4195,5,seed,pass,Y,,2026-05-19,0,0.0,0.0,low,N,scenario inactive,inactive scenario,1.131428,1.121067,-0.007487,korea_financial_stress_vulnerable,"가계부채, 부동산 PF, 비은행권, 금융주와 건설주 스트레스가 한국 자산 전반으로 번지는 장세입니다. 금융/건설 basket, 신용 spread, 단기자금 spread, 원화 약세를 함께 점검합니다."
051910.KS,051910.KS,kr_stock,slowdown_recession_deflation_risk,Slowdown / Recession / Deflation Risk,경기둔화/침체 우려장,us_global,0.28533,-0.007487,0.078886,positive,0.28533,low,62.915468,rolling_beta,v3,1,4621,4621,3,market,pass,N,,2026-05-19,0,0.0,0.0,high,N,scenario inactive,inactive scenario,0.035811,0.078886,-0.007487,slowdown_vulnerable,수요 둔화와 침체/디플레이션 압력이 커지는 방어적 장세입니다. 주식 beta와 신용위험을 보수적으로 봅니다.
055550.KS,055550.KS,kr_stock,higher_for_longer_long_rate_shock,Higher-for-Longer / Long-Rate Shock,장기금리 부담장,us_global,0.0,-0.00511,0.071834,neutral,0.0,low,84.792857,rolling_beta,v3,1,4621,4621,3,market,pass,N,,2026-05-19,1,0.957691,0.957691,high,Y,trade-gated adverse scenario with medium/high evidence,active market context,-0.009201,0.071834,-0.00511,rate_sensitive,장기금리와 달러 강세 부담이 채권·성장주·신용자산을 압박하는 장세입니다. 고밸류 성장주와 반도체 factor 민감도를 점검합니다.
055550.KS,055550.KS,kr_stock,usd_strength_krw_weakness,USD Strength / KRW Weakness,달러강세/원화약세장,fx_krw,0.615042,-0.00511,0.898327,positive,0.615042,medium,55.911083,rolling_beta,v3,1,4195,4195,4,market,pass,N,,2026-05-19,1,0.741605,0.0,high,N,below ACTIVE confidence/coverage trade-gate threshold,active market context,-0.337086,0.898327,-0.00511,krw_weakness_vulnerable,달러가 강하고 원화가 약해져 KRW 기준 투자자의 환율 리스크가 커지는 장세입니다. 한국 자산과 USD 노출의 역할을 분리해 봅니다.
055550.KS,055550.KS,kr_stock,stagflation_reinflation_energy_shock,Stagflation / Reinflation / Energy Shock,물가·에너지 재상승장,us_global,0.127743,-0.00511,0.0,positive,0.127743,low,72.569021,rolling_beta,v3,1,4621,4621,2,market,pass,N,,2026-05-19,1,0.74313,0.74313,high,Y,trade-gated adverse scenario with medium/high evidence,active market context,-0.002961,,-0.00511,stagflation_vulnerable,성장 부담이 있는데 유가·원자재·인플레이션 압력이 다시 커지는 장세입니다. 에너지/원자재 수혜와 장기채 부담을 함께 봅니다.
055550.KS,055550.KS,kr_stock,china_trade_fragmentation_shock,China / Trade Fragmentation Shock,중국·무역분절 충격장,china_asia,0.559776,-0.00511,0.898327,positive,0.559776,medium,46.541871,rolling_beta,v3,1,1185,1185,5,market,pass,N,,2026-05-19,1,0.691684,0.0,medium,N,below ACTIVE confidence/coverage trade-gate threshold,active market context,0.885315,0.898327,-0.00511,china_asia_shock_vulnerable,중국 경기·무역갈등·공급망 충격이 한국/아시아와 반도체 자산에 번지는 장세입니다. 한국 반도체 factor와 원화 약세를 함께 확인합니다.
055550.KS,055550.KS,kr_stock,acute_global_stress_liquidity_crunch,Acute Global Stress / Liquidity Crunch,급성 리스크오프/유동성 경색장,us_global,0.229937,-0.00511,0.071834,positive,0.229937,low,59.880692,rolling_beta,v3,1,4621,4621,3,market,pass,N,,2026-05-19,1,0.405911,0.0,high,N,context only: WATCH state,context only: WATCH state,-0.009201,0.071834,-0.00511,liquidity_stress_vulnerable,변동성이 튀고 위험자산이 동반 약세를 보이는 단기 스트레스 장세입니다. 상관관계 상승과 유동성 악화를 우선 점검합니다.
055550.KS,055550.KS,kr_stock,geopolitical_escalation_supply_shock,Geopolitical Escalation / Supply Shock,지정학 확전·공급충격장,geopolitical,0.327743,-0.00511,0.0,positive,0.327743,medium,68.226901,rolling_beta,v3,1,4195,4195,3,manual,pass,Y,,2026-05-19,1,0.401425,0.0,medium,N,context only: source_quality=manual,context only: source_quality=manual,-0.002961,,-0.00511,geopolitical_supply_shock_vulnerable,"전쟁, 제재, 해상로 차질, 대만·중동·한반도 긴장처럼 유가·금·방산·변동성이 동시에 움직이는 이벤트성 충격 장세입니다. 뉴스 overlay는 가격 신호를 보강하는 용도로만 해석합니다."
055550.KS,055550.KS,kr_stock,soft_landing_goldilocks,Soft Landing / Goldilocks,우호적 위험선호장,us_global,-0.009201,-0.00511,0.071834,neutral,0.009201,low,52.393619,rolling_beta,v3,1,4621,4621,3,market,pass,N,,2026-05-19,1,0.385976,0.0,high,N,non-adverse scenario,context only: WATCH state,-0.009201,0.071834,-0.00511,neutral_or_defensive,우호적 위험선호장 참여 민감도
055550.KS,055550.KS,kr_stock,semiconductor_ai_cycle_shock,Semiconductor / AI Cycle Shock,AI·반도체 사이클 충격장,korea_semiconductor,0.287119,-0.00511,0.001018,positive,0.287119,low,35.914571,rolling_beta,v3,1,1185,1185,6,market,pass,N,,2026-05-19,0,0.0,0.0,medium,N,scenario inactive,inactive scenario,0.007425,0.001018,-0.00511,semiconductor_ai_shock_vulnerable,"AI capex 기대와 반도체 모멘텀이 꺾이면서 미국 성장주와 한국 반도체 대형주가 동시에 압박받는 장세입니다. SOXX, AI leader basket, 한국 반도체 basket의 동반 약세와 원화 압력을 함께 봅니다."
055550.KS,055550.KS,kr_stock,korea_domestic_financial_stress,Korea Domestic Financial Stress,한국 내수 금융스트레스장,korea_market,1.283382,-0.00511,0.898327,positive,1.283382,high,24.490447,rolling_beta,v3,1,4195,4195,5,seed,pass,Y,,2026-05-19,0,0.0,0.0,low,N,scenario inactive,inactive scenario,0.885315,0.898327,-0.00511,korea_financial_stress_vulnerable,"가계부채, 부동산 PF, 비은행권, 금융주와 건설주 스트레스가 한국 자산 전반으로 번지는 장세입니다. 금융/건설 basket, 신용 spread, 단기자금 spread, 원화 약세를 함께 점검합니다."
055550.KS,055550.KS,kr_stock,slowdown_recession_deflation_risk,Slowdown / Recession / Deflation Risk,경기둔화/침체 우려장,us_global,0.172859,-0.00511,0.071834,positive,0.172859,low,62.915468,rolling_beta,v3,1,4621,4621,3,market,pass,N,,2026-05-19,0,0.0,0.0,high,N,scenario inactive,inactive scenario,-0.009201,0.071834,-0.00511,slowdown_vulnerable,수요 둔화와 침체/디플레이션 압력이 커지는 방어적 장세입니다. 주식 beta와 신용위험을 보수적으로 봅니다.
066570.KS,066570.KS,kr_stock,higher_for_longer_long_rate_shock,Higher-for-Longer / Long-Rate Shock,장기금리 부담장,us_global,0.033139,-0.006955,0.104082,neutral,0.033139,low,84.792857,rolling_beta,v3,1,4621,4621,3,market,pass,N,,2026-05-19,1,0.957691,0.957691,high,Y,trade-gated adverse scenario with medium/high evidence,active market context,0.060252,0.104082,-0.006955,rate_sensitive,장기금리와 달러 강세 부담이 채권·성장주·신용자산을 압박하는 장세입니다. 고밸류 성장주와 반도체 factor 민감도를 점검합니다.
066570.KS,066570.KS,kr_stock,usd_strength_krw_weakness,USD Strength / KRW Weakness,달러강세/원화약세장,fx_krw,0.595281,-0.006955,0.940461,positive,0.595281,medium,55.911083,rolling_beta,v3,1,4195,4195,4,market,pass,N,,2026-05-19,1,0.741605,0.0,high,N,below ACTIVE confidence/coverage trade-gate threshold,active market context,-0.334288,0.940461,-0.006955,krw_weakness_vulnerable,달러가 강하고 원화가 약해져 KRW 기준 투자자의 환율 리스크가 커지는 장세입니다. 한국 자산과 USD 노출의 역할을 분리해 봅니다.
066570.KS,066570.KS,kr_stock,stagflation_reinflation_energy_shock,Stagflation / Reinflation / Energy Shock,물가·에너지 재상승장,us_global,0.194971,-0.006955,0.060252,positive,0.194971,low,72.569021,rolling_beta,v3,1,4621,4621,2,market,pass,N,,2026-05-19,1,0.74313,0.74313,high,Y,trade-gated adverse scenario with medium/high evidence,active market context,0.036754,,-0.006955,stagflation_vulnerable,성장 부담이 있는데 유가·원자재·인플레이션 압력이 다시 커지는 장세입니다. 에너지/원자재 수혜와 장기채 부담을 함께 봅니다.
066570.KS,066570.KS,kr_stock,china_trade_fragmentation_shock,China / Trade Fragmentation Shock,중국·무역분절 충격장,china_asia,0.590107,-0.006955,0.940461,positive,0.590107,medium,46.541871,rolling_beta,v3,1,1185,1185,5,market,pass,N,,2026-05-19,1,0.691684,0.0,medium,N,below ACTIVE confidence/coverage trade-gate threshold,active market context,0.931739,0.940461,-0.006955,china_asia_shock_vulnerable,중국 경기·무역갈등·공급망 충격이 한국/아시아와 반도체 자산에 번지는 장세입니다. 한국 반도체 factor와 원화 약세를 함께 확인합니다.
066570.KS,066570.KS,kr_stock,acute_global_stress_liquidity_crunch,Acute Global Stress / Liquidity Crunch,급성 리스크오프/유동성 경색장,us_global,0.346128,-0.006955,0.104082,positive,0.346128,medium,59.880692,rolling_beta,v3,1,4621,4621,3,market,pass,N,,2026-05-19,1,0.405911,0.0,high,N,context only: WATCH state,context only: WATCH state,0.060252,0.104082,-0.006955,liquidity_stress_vulnerable,변동성이 튀고 위험자산이 동반 약세를 보이는 단기 스트레스 장세입니다. 상관관계 상승과 유동성 악화를 우선 점검합니다.
066570.KS,066570.KS,kr_stock,geopolitical_escalation_supply_shock,Geopolitical Escalation / Supply Shock,지정학 확전·공급충격장,geopolitical,0.391296,-0.006955,0.060252,positive,0.391296,medium,68.226901,rolling_beta,v3,1,4195,4195,3,manual,pass,Y,,2026-05-19,1,0.401425,0.0,medium,N,context only: source_quality=manual,context only: source_quality=manual,0.036754,,-0.006955,geopolitical_supply_shock_vulnerable,"전쟁, 제재, 해상로 차질, 대만·중동·한반도 긴장처럼 유가·금·방산·변동성이 동시에 움직이는 이벤트성 충격 장세입니다. 뉴스 overlay는 가격 신호를 보강하는 용도로만 해석합니다."
066570.KS,066570.KS,kr_stock,soft_landing_goldilocks,Soft Landing / Goldilocks,우호적 위험선호장,us_global,0.060252,-0.006955,0.104082,positive,0.060252,low,52.393619,rolling_beta,v3,1,4621,4621,3,market,pass,N,,2026-05-19,1,0.385976,0.0,high,N,non-adverse scenario,context only: WATCH state,0.060252,0.104082,-0.006955,neutral_or_defensive,우호적 위험선호장 참여 민감도
066570.KS,066570.KS,kr_stock,semiconductor_ai_cycle_shock,Semiconductor / AI Cycle Shock,AI·반도체 사이클 충격장,korea_semiconductor,0.327744,-0.006955,0.0,positive,0.327744,medium,35.914571,rolling_beta,v3,1,1185,1185,6,market,pass,N,,2026-05-19,0,0.0,0.0,medium,N,scenario inactive,inactive scenario,0.031012,-0.070547,-0.006955,semiconductor_ai_shock_vulnerable,"AI capex 기대와 반도체 모멘텀이 꺾이면서 미국 성장주와 한국 반도체 대형주가 동시에 압박받는 장세입니다. SOXX, AI leader basket, 한국 반도체 basket의 동반 약세와 원화 압력을 함께 봅니다."
066570.KS,066570.KS,kr_stock,korea_domestic_financial_stress,Korea Domestic Financial Stress,한국 내수 금융스트레스장,korea_market,0.761895,-0.006955,0.940461,positive,0.761895,high,24.490447,rolling_beta,v3,1,4195,4195,5,seed,pass,Y,,2026-05-19,0,0.0,0.0,low,N,scenario inactive,inactive scenario,0.931739,0.940461,-0.006955,korea_financial_stress_vulnerable,"가계부채, 부동산 PF, 비은행권, 금융주와 건설주 스트레스가 한국 자산 전반으로 번지는 장세입니다. 금융/건설 basket, 신용 spread, 단기자금 spread, 원화 약세를 함께 점검합니다."
066570.KS,066570.KS,kr_stock,slowdown_recession_deflation_risk,Slowdown / Recession / Deflation Risk,경기둔화/침체 우려장,us_global,0.2826,-0.006955,0.104082,positive,0.2826,low,62.915468,rolling_beta,v3,1,4621,4621,3,market,pass,N,,2026-05-19,0,0.0,0.0,high,N,scenario inactive,inactive scenario,0.060252,0.104082,-0.006955,slowdown_vulnerable,수요 둔화와 침체/디플레이션 압력이 커지는 방어적 장세입니다. 주식 beta와 신용위험을 보수적으로 봅니다.
068270.KS,068270.KS,kr_stock,higher_for_longer_long_rate_shock,Higher-for-Longer / Long-Rate Shock,장기금리 부담장,us_global,0.0,-0.002263,0.0,neutral,0.0,low,84.792857,rolling_beta,v3,1,4621,4621,3,market,pass,N,,2026-05-19,1,0.957691,0.957691,high,Y,trade-gated adverse scenario with medium/high evidence,active market context,-0.040862,-0.000214,-0.002263,rate_sensitive,장기금리와 달러 강세 부담이 채권·성장주·신용자산을 압박하는 장세입니다. 고밸류 성장주와 반도체 factor 민감도를 점검합니다.
068270.KS,068270.KS,kr_stock,usd_strength_krw_weakness,USD Strength / KRW Weakness,달러강세/원화약세장,fx_krw,0.623606,-0.002263,0.809507,positive,0.623606,medium,55.911083,rolling_beta,v3,1,4195,4195,4,market,pass,N,,2026-05-19,1,0.741605,0.0,high,N,below ACTIVE confidence/coverage trade-gate threshold,active market context,-0.330203,0.809507,-0.002263,krw_weakness_vulnerable,달러가 강하고 원화가 약해져 KRW 기준 투자자의 환율 리스크가 커지는 장세입니다. 한국 자산과 USD 노출의 역할을 분리해 봅니다.
068270.KS,068270.KS,kr_stock,stagflation_reinflation_energy_shock,Stagflation / Reinflation / Energy Shock,물가·에너지 재상승장,us_global,0.056563,-0.002263,0.0,positive,0.056563,low,72.569021,rolling_beta,v3,1,4621,4621,2,market,pass,N,,2026-05-19,1,0.74313,0.74313,high,Y,trade-gated adverse scenario with medium/high evidence,active market context,-0.001845,,-0.002263,stagflation_vulnerable,성장 부담이 있는데 유가·원자재·인플레이션 압력이 다시 커지는 장세입니다. 에너지/원자재 수혜와 장기채 부담을 함께 봅니다.
068270.KS,068270.KS,kr_stock,china_trade_fragmentation_shock,China / Trade Fragmentation Shock,중국·무역분절 충격장,china_asia,0.495447,-0.002263,0.809507,positive,0.495447,medium,46.541871,rolling_beta,v3,1,1185,1185,5,market,pass,N,,2026-05-19,1,0.691684,0.0,medium,N,below ACTIVE confidence/coverage trade-gate threshold,active market context,0.683955,0.809507,-0.002263,china_asia_shock_vulnerable,중국 경기·무역갈등·공급망 충격이 한국/아시아와 반도체 자산에 번지는 장세입니다. 한국 반도체 factor와 원화 약세를 함께 확인합니다.
068270.KS,068270.KS,kr_stock,acute_global_stress_liquidity_crunch,Acute Global Stress / Liquidity Crunch,급성 리스크오프/유동성 경색장,us_global,0.101813,-0.002263,0.0,positive,0.101813,low,59.880692,rolling_beta,v3,1,4621,4621,3,market,pass,N,,2026-05-19,1,0.405911,0.0,high,N,context only: WATCH state,context only: WATCH state,-0.040862,-0.000214,-0.002263,liquidity_stress_vulnerable,변동성이 튀고 위험자산이 동반 약세를 보이는 단기 스트레스 장세입니다. 상관관계 상승과 유동성 악화를 우선 점검합니다.
068270.KS,068270.KS,kr_stock,geopolitical_escalation_supply_shock,Geopolitical Escalation / Supply Shock,지정학 확전·공급충격장,geopolitical,0.256563,-0.002263,0.0,positive,0.256563,low,68.226901,rolling_beta,v3,1,4195,4195,3,manual,pass,Y,,2026-05-19,1,0.401425,0.0,medium,N,context only: source_quality=manual,context only: source_quality=manual,-0.001845,,-0.002263,geopolitical_supply_shock_vulnerable,"전쟁, 제재, 해상로 차질, 대만·중동·한반도 긴장처럼 유가·금·방산·변동성이 동시에 움직이는 이벤트성 충격 장세입니다. 뉴스 overlay는 가격 신호를 보강하는 용도로만 해석합니다."
068270.KS,068270.KS,kr_stock,soft_landing_goldilocks,Soft Landing / Goldilocks,우호적 위험선호장,us_global,-0.040862,-0.002263,0.0,neutral,0.040862,low,52.393619,rolling_beta,v3,1,4621,4621,3,market,pass,N,,2026-05-19,1,0.385976,0.0,high,N,non-adverse scenario,context only: WATCH state,-0.040862,-0.000214,-0.002263,neutral_or_defensive,우호적 위험선호장 참여 민감도
068270.KS,068270.KS,kr_stock,semiconductor_ai_cycle_shock,Semiconductor / AI Cycle Shock,AI·반도체 사이클 충격장,korea_semiconductor,0.225218,-0.002263,0.0,positive,0.225218,low,35.914571,rolling_beta,v3,1,1185,1185,6,market,pass,N,,2026-05-19,0,0.0,0.0,medium,N,scenario inactive,inactive scenario,-0.063269,-0.015903,-0.002263,semiconductor_ai_shock_vulnerable,"AI capex 기대와 반도체 모멘텀이 꺾이면서 미국 성장주와 한국 반도체 대형주가 동시에 압박받는 장세입니다. SOXX, AI leader basket, 한국 반도체 basket의 동반 약세와 원화 압력을 함께 봅니다."
068270.KS,068270.KS,kr_stock,korea_domestic_financial_stress,Korea Domestic Financial Stress,한국 내수 금융스트레스장,korea_market,0.521619,-0.002263,0.809507,positive,0.521619,medium,24.490447,rolling_beta,v3,1,4195,4195,5,seed,pass,Y,,2026-05-19,0,0.0,0.0,low,N,scenario inactive,inactive scenario,0.683955,0.809507,-0.002263,korea_financial_stress_vulnerable,"가계부채, 부동산 PF, 비은행권, 금융주와 건설주 스트레스가 한국 자산 전반으로 번지는 장세입니다. 금융/건설 basket, 신용 spread, 단기자금 spread, 원화 약세를 함께 점검합니다."
068270.KS,068270.KS,kr_stock,slowdown_recession_deflation_risk,Slowdown / Recession / Deflation Risk,경기둔화/침체 우려장,us_global,0.052627,-0.002263,0.0,positive,0.052627,low,62.915468,rolling_beta,v3,1,4621,4621,3,market,pass,N,,2026-05-19,0,0.0,0.0,high,N,scenario inactive,inactive scenario,-0.040862,-0.000214,-0.002263,slowdown_vulnerable,수요 둔화와 침체/디플레이션 압력이 커지는 방어적 장세입니다. 주식 beta와 신용위험을 보수적으로 봅니다.
105560.KS,105560.KS,kr_stock,higher_for_longer_long_rate_shock,Higher-for-Longer / Long-Rate Shock,장기금리 부담장,us_global,0.002204,-0.006056,0.110282,neutral,0.002204,low,84.792857,rolling_beta,v3,1,4621,4621,3,market,pass,N,,2026-05-19,1,0.957691,0.957691,high,Y,trade-gated adverse scenario with medium/high evidence,active market context,0.004008,0.110282,-0.006056,rate_sensitive,장기금리와 달러 강세 부담이 채권·성장주·신용자산을 압박하는 장세입니다. 고밸류 성장주와 반도체 factor 민감도를 점검합니다.
105560.KS,105560.KS,kr_stock,usd_strength_krw_weakness,USD Strength / KRW Weakness,달러강세/원화약세장,fx_krw,0.633492,-0.006056,0.905735,positive,0.633492,medium,55.911083,rolling_beta,v3,1,4195,4195,4,market,pass,N,,2026-05-19,1,0.741605,0.0,high,N,below ACTIVE confidence/coverage trade-gate threshold,active market context,-0.398514,0.905735,-0.006056,krw_weakness_vulnerable,달러가 강하고 원화가 약해져 KRW 기준 투자자의 환율 리스크가 커지는 장세입니다. 한국 자산과 USD 노출의 역할을 분리해 봅니다.
105560.KS,105560.KS,kr_stock,stagflation_reinflation_energy_shock,Stagflation / Reinflation / Energy Shock,물가·에너지 재상승장,us_global,0.152793,-0.006056,0.004008,positive,0.152793,low,72.569021,rolling_beta,v3,1,4621,4621,2,market,pass,N,,2026-05-19,1,0.74313,0.74313,high,Y,trade-gated adverse scenario with medium/high evidence,active market context,-0.009579,,-0.006056,stagflation_vulnerable,성장 부담이 있는데 유가·원자재·인플레이션 압력이 다시 커지는 장세입니다. 에너지/원자재 수혜와 장기채 부담을 함께 봅니다.
105560.KS,105560.KS,kr_stock,china_trade_fragmentation_shock,China / Trade Fragmentation Shock,중국·무역분절 충격장,china_asia,0.598183,-0.006056,0.905735,positive,0.598183,medium,46.541871,rolling_beta,v3,1,1185,1185,5,market,pass,N,,2026-05-19,1,0.691684,0.0,medium,N,below ACTIVE confidence/coverage trade-gate threshold,active market context,0.852277,0.905735,-0.006056,china_asia_shock_vulnerable,중국 경기·무역갈등·공급망 충격이 한국/아시아와 반도체 자산에 번지는 장세입니다. 한국 반도체 factor와 원화 약세를 함께 확인합니다.
105560.KS,105560.KS,kr_stock,acute_global_stress_liquidity_crunch,Acute Global Stress / Liquidity Crunch,급성 리스크오프/유동성 경색장,us_global,0.274706,-0.006056,0.110282,positive,0.274706,low,59.880692,rolling_beta,v3,1,4621,4621,3,market,pass,N,,2026-05-19,1,0.405911,0.0,high,N,context only: WATCH state,context only: WATCH state,0.004008,0.110282,-0.006056,liquidity_stress_vulnerable,변동성이 튀고 위험자산이 동반 약세를 보이는 단기 스트레스 장세입니다. 상관관계 상승과 유동성 악화를 우선 점검합니다.
105560.KS,105560.KS,kr_stock,geopolitical_escalation_supply_shock,Geopolitical Escalation / Supply Shock,지정학 확전·공급충격장,geopolitical,0.352793,-0.006056,0.004008,positive,0.352793,medium,68.226901,rolling_beta,v3,1,4195,4195,3,manual,pass,Y,,2026-05-19,1,0.401425,0.0,medium,N,context only: source_quality=manual,context only: source_quality=manual,-0.009579,,-0.006056,geopolitical_supply_shock_vulnerable,"전쟁, 제재, 해상로 차질, 대만·중동·한반도 긴장처럼 유가·금·방산·변동성이 동시에 움직이는 이벤트성 충격 장세입니다. 뉴스 overlay는 가격 신호를 보강하는 용도로만 해석합니다."
105560.KS,105560.KS,kr_stock,soft_landing_goldilocks,Soft Landing / Goldilocks,우호적 위험선호장,us_global,0.004008,-0.006056,0.110282,neutral,0.004008,low,52.393619,rolling_beta,v3,1,4621,4621,3,market,pass,N,,2026-05-19,1,0.385976,0.0,high,N,non-adverse scenario,context only: WATCH state,0.004008,0.110282,-0.006056,neutral_or_defensive,우호적 위험선호장 참여 민감도
105560.KS,105560.KS,kr_stock,semiconductor_ai_cycle_shock,Semiconductor / AI Cycle Shock,AI·반도체 사이클 충격장,korea_semiconductor,0.303785,-0.006056,0.025002,positive,0.303785,medium,35.914571,rolling_beta,v3,1,1185,1185,6,market,pass,N,,2026-05-19,0,0.0,0.0,medium,N,scenario inactive,inactive scenario,0.021842,0.025002,-0.006056,semiconductor_ai_shock_vulnerable,"AI capex 기대와 반도체 모멘텀이 꺾이면서 미국 성장주와 한국 반도체 대형주가 동시에 압박받는 장세입니다. SOXX, AI leader basket, 한국 반도체 basket의 동반 약세와 원화 압력을 함께 봅니다."
105560.KS,105560.KS,kr_stock,korea_domestic_financial_stress,Korea Domestic Financial Stress,한국 내수 금융스트레스장,korea_market,1.315666,-0.006056,0.905735,positive,1.315666,high,24.490447,rolling_beta,v3,1,4195,4195,5,seed,pass,Y,,2026-05-19,0,0.0,0.0,low,N,scenario inactive,inactive scenario,0.852277,0.905735,-0.006056,korea_financial_stress_vulnerable,"가계부채, 부동산 PF, 비은행권, 금융주와 건설주 스트레스가 한국 자산 전반으로 번지는 장세입니다. 금융/건설 basket, 신용 spread, 단기자금 spread, 원화 약세를 함께 점검합니다."
105560.KS,105560.KS,kr_stock,slowdown_recession_deflation_risk,Slowdown / Recession / Deflation Risk,경기둔화/침체 우려장,us_global,0.214551,-0.006056,0.110282,positive,0.214551,low,62.915468,rolling_beta,v3,1,4621,4621,3,market,pass,N,,2026-05-19,0,0.0,0.0,high,N,scenario inactive,inactive scenario,0.004008,0.110282,-0.006056,slowdown_vulnerable,수요 둔화와 침체/디플레이션 압력이 커지는 방어적 장세입니다. 주식 beta와 신용위험을 보수적으로 봅니다.
207940.KS,207940.KS,kr_stock,higher_for_longer_long_rate_shock,Higher-for-Longer / Long-Rate Shock,장기금리 부담장,us_global,0.00387,-0.00163,0.0,neutral,0.00387,low,84.792857,rolling_beta,v3,1,2250,2250,3,market,pass,N,,2026-05-19,1,0.957691,0.957691,high,Y,trade-gated adverse scenario with medium/high evidence,active market context,0.007036,-0.053818,-0.00163,rate_sensitive,장기금리와 달러 강세 부담이 채권·성장주·신용자산을 압박하는 장세입니다. 고밸류 성장주와 반도체 factor 민감도를 점검합니다.
207940.KS,207940.KS,kr_stock,usd_strength_krw_weakness,USD Strength / KRW Weakness,달러강세/원화약세장,fx_krw,0.62742,-0.00163,0.634677,positive,0.62742,medium,55.911083,rolling_beta,v3,1,2054,2054,4,market,pass,N,,2026-05-19,1,0.741605,0.0,high,N,below ACTIVE confidence/coverage trade-gate threshold,active market context,-0.534893,0.634677,-0.00163,krw_weakness_vulnerable,달러가 강하고 원화가 약해져 KRW 기준 투자자의 환율 리스크가 커지는 장세입니다. 한국 자산과 USD 노출의 역할을 분리해 봅니다.
207940.KS,207940.KS,kr_stock,stagflation_reinflation_energy_shock,Stagflation / Reinflation / Energy Shock,물가·에너지 재상승장,us_global,0.043214,-0.00163,0.007036,neutral,0.043214,low,72.569021,rolling_beta,v3,1,2250,2250,2,market,pass,N,,2026-05-19,1,0.74313,0.74313,high,Y,trade-gated adverse scenario with medium/high evidence,active market context,-0.029459,,-0.00163,stagflation_vulnerable,성장 부담이 있는데 유가·원자재·인플레이션 압력이 다시 커지는 장세입니다. 에너지/원자재 수혜와 장기채 부담을 함께 봅니다.
207940.KS,207940.KS,kr_stock,china_trade_fragmentation_shock,China / Trade Fragmentation Shock,중국·무역분절 충격장,china_asia,0.482687,-0.00163,0.634677,positive,0.482687,medium,46.541871,rolling_beta,v3,1,1185,1185,5,market,pass,N,,2026-05-19,1,0.691684,0.0,medium,N,below ACTIVE confidence/coverage trade-gate threshold,active market context,0.561753,0.634677,-0.00163,china_asia_shock_vulnerable,중국 경기·무역갈등·공급망 충격이 한국/아시아와 반도체 자산에 번지는 장세입니다. 한국 반도체 factor와 원화 약세를 함께 확인합니다.
207940.KS,207940.KS,kr_stock,acute_global_stress_liquidity_crunch,Acute Global Stress / Liquidity Crunch,급성 리스크오프/유동성 경색장,us_global,0.077222,-0.00163,0.0,positive,0.077222,low,59.880692,rolling_beta,v3,1,2250,2250,3,market,pass,N,,2026-05-19,1,0.405911,0.0,high,N,context only: WATCH state,context only: WATCH state,0.007036,-0.053818,-0.00163,liquidity_stress_vulnerable,변동성이 튀고 위험자산이 동반 약세를 보이는 단기 스트레스 장세입니다. 상관관계 상승과 유동성 악화를 우선 점검합니다.
207940.KS,207940.KS,kr_stock,geopolitical_escalation_supply_shock,Geopolitical Escalation / Supply Shock,지정학 확전·공급충격장,geopolitical,0.243014,-0.00163,0.007036,positive,0.243014,low,68.226901,rolling_beta,v3,1,2054,2054,3,manual,pass,Y,,2026-05-19,1,0.401425,0.0,medium,N,context only: source_quality=manual,context only: source_quality=manual,-0.029459,,-0.00163,geopolitical_supply_shock_vulnerable,"전쟁, 제재, 해상로 차질, 대만·중동·한반도 긴장처럼 유가·금·방산·변동성이 동시에 움직이는 이벤트성 충격 장세입니다. 뉴스 overlay는 가격 신호를 보강하는 용도로만 해석합니다."
207940.KS,207940.KS,kr_stock,soft_landing_goldilocks,Soft Landing / Goldilocks,우호적 위험선호장,us_global,0.007036,-0.00163,0.0,neutral,0.007036,low,52.393619,rolling_beta,v3,1,2250,2250,3,market,pass,N,,2026-05-19,1,0.385976,0.0,high,N,non-adverse scenario,context only: WATCH state,0.007036,-0.053818,-0.00163,neutral_or_defensive,우호적 위험선호장 참여 민감도
207940.KS,207940.KS,kr_stock,semiconductor_ai_cycle_shock,Semiconductor / AI Cycle Shock,AI·반도체 사이클 충격장,korea_semiconductor,0.201267,-0.00163,0.0,positive,0.201267,low,35.914571,rolling_beta,v3,1,1185,1185,6,market,pass,N,,2026-05-19,0,0.0,0.0,medium,N,scenario inactive,inactive scenario,-0.0285,-0.065175,-0.00163,semiconductor_ai_shock_vulnerable,"AI capex 기대와 반도체 모멘텀이 꺾이면서 미국 성장주와 한국 반도체 대형주가 동시에 압박받는 장세입니다. SOXX, AI leader basket, 한국 반도체 basket의 동반 약세와 원화 압력을 함께 봅니다."
207940.KS,207940.KS,kr_stock,korea_domestic_financial_stress,Korea Domestic Financial Stress,한국 내수 금융스트레스장,korea_market,0.452557,-0.00163,0.634677,positive,0.452557,medium,24.490447,rolling_beta,v3,1,2054,2054,5,seed,pass,Y,,2026-05-19,0,0.0,0.0,low,N,scenario inactive,inactive scenario,0.561753,0.634677,-0.00163,korea_financial_stress_vulnerable,"가계부채, 부동산 PF, 비은행권, 금융주와 건설주 스트레스가 한국 자산 전반으로 번지는 장세입니다. 금융/건설 basket, 신용 spread, 단기자금 spread, 원화 약세를 함께 점검합니다."
207940.KS,207940.KS,kr_stock,slowdown_recession_deflation_risk,Slowdown / Recession / Deflation Risk,경기둔화/침체 우려장,us_global,0.061625,-0.00163,0.0,positive,0.061625,low,62.915468,rolling_beta,v3,1,2250,2250,3,market,pass,N,,2026-05-19,0,0.0,0.0,high,N,scenario inactive,inactive scenario,0.007036,-0.053818,-0.00163,slowdown_vulnerable,수요 둔화와 침체/디플레이션 압력이 커지는 방어적 장세입니다. 주식 beta와 신용위험을 보수적으로 봅니다.
AAPL,AAPL,us_stock,higher_for_longer_long_rate_shock,Higher-for-Longer / Long-Rate Shock,장기금리 부담장,us_global,0.479755,-0.001743,0.997283,positive,0.479755,medium,84.792857,rolling_beta,v3,1,4862,4862,3,market,pass,N,,2026-05-19,1,0.957691,0.957691,high,Y,trade-gated adverse scenario with medium/high evidence,active market context,1.0541,0.997283,-0.001743,rate_sensitive,장기금리와 달러 강세 부담이 채권·성장주·신용자산을 압박하는 장세입니다. 고밸류 성장주와 반도체 factor 민감도를 점검합니다.
AAPL,AAPL,us_stock,usd_strength_krw_weakness,USD Strength / KRW Weakness,달러강세/원화약세장,fx_krw,-0.086475,-0.001743,0.0,negative,0.086475,low,55.911083,rolling_beta,v3,1,4283,4283,4,market,pass,N,,2026-05-19,1,0.741605,0.0,high,N,below ACTIVE confidence/coverage trade-gate threshold,active market context,0.604097,-0.01584,-0.001743,krw_weakness_hedge,달러가 강하고 원화가 약해져 KRW 기준 투자자의 환율 리스크가 커지는 장세입니다. 한국 자산과 USD 노출의 역할을 분리해 봅니다.
AAPL,AAPL,us_stock,stagflation_reinflation_energy_shock,Stagflation / Reinflation / Energy Shock,물가·에너지 재상승장,us_global,0.412511,-0.001743,1.0541,positive,0.412511,medium,72.569021,rolling_beta,v3,1,4862,4862,2,market,pass,N,,2026-05-19,1,0.74313,0.74313,high,Y,trade-gated adverse scenario with medium/high evidence,active market context,0.208233,,-0.001743,stagflation_vulnerable,성장 부담이 있는데 유가·원자재·인플레이션 압력이 다시 커지는 장세입니다. 에너지/원자재 수혜와 장기채 부담을 함께 봅니다.
AAPL,AAPL,us_stock,china_trade_fragmentation_shock,China / Trade Fragmentation Shock,중국·무역분절 충격장,china_asia,0.154396,-0.001743,0.0,positive,0.154396,low,46.541871,rolling_beta,v3,1,1262,1262,5,market,pass,N,,2026-05-19,1,0.691684,0.0,medium,N,below ACTIVE confidence/coverage trade-gate threshold,active market context,0.046329,-0.01584,-0.001743,china_asia_shock_vulnerable,중국 경기·무역갈등·공급망 충격이 한국/아시아와 반도체 자산에 번지는 장세입니다. 한국 반도체 factor와 원화 약세를 함께 확인합니다.
AAPL,AAPL,us_stock,acute_global_stress_liquidity_crunch,Acute Global Stress / Liquidity Crunch,급성 리스크오프/유동성 경색장,us_global,0.658192,-0.001743,0.997283,positive,0.658192,medium,59.880692,rolling_beta,v3,1,4862,4862,3,market,pass,N,,2026-05-19,1,0.405911,0.0,high,N,context only: WATCH state,context only: WATCH state,1.0541,0.997283,-0.001743,liquidity_stress_vulnerable,변동성이 튀고 위험자산이 동반 약세를 보이는 단기 스트레스 장세입니다. 상관관계 상승과 유동성 악화를 우선 점검합니다.
AAPL,AAPL,us_stock,geopolitical_escalation_supply_shock,Geopolitical Escalation / Supply Shock,지정학 확전·공급충격장,geopolitical,0.361805,-0.001743,1.0541,positive,0.361805,medium,68.226901,rolling_beta,v3,1,4283,4283,3,manual,pass,Y,,2026-05-19,1,0.401425,0.0,medium,N,context only: source_quality=manual,context only: source_quality=manual,0.208233,,-0.001743,geopolitical_supply_shock_vulnerable,"전쟁, 제재, 해상로 차질, 대만·중동·한반도 긴장처럼 유가·금·방산·변동성이 동시에 움직이는 이벤트성 충격 장세입니다. 뉴스 overlay는 가격 신호를 보강하는 용도로만 해석합니다."
AAPL,AAPL,us_stock,soft_landing_goldilocks,Soft Landing / Goldilocks,우호적 위험선호장,us_global,1.0541,-0.001743,0.997283,positive,1.0541,high,52.393619,rolling_beta,v3,1,4862,4862,3,market,pass,N,,2026-05-19,1,0.385976,0.0,high,N,non-adverse scenario,context only: WATCH state,1.0541,0.997283,-0.001743,risk_on_participation,우호적 위험선호장 참여 민감도
AAPL,AAPL,us_stock,semiconductor_ai_cycle_shock,Semiconductor / AI Cycle Shock,AI·반도체 사이클 충격장,korea_semiconductor,0.394152,-0.001743,0.505993,positive,0.394152,medium,35.914571,rolling_beta,v3,1,1262,1262,6,market,pass,N,,2026-05-19,0,0.0,0.0,medium,N,scenario inactive,inactive scenario,0.469661,0.505993,-0.001743,semiconductor_ai_shock_vulnerable,"AI capex 기대와 반도체 모멘텀이 꺾이면서 미국 성장주와 한국 반도체 대형주가 동시에 압박받는 장세입니다. SOXX, AI leader basket, 한국 반도체 basket의 동반 약세와 원화 압력을 함께 봅니다."
AAPL,AAPL,us_stock,korea_domestic_financial_stress,Korea Domestic Financial Stress,한국 내수 금융스트레스장,korea_market,-0.049594,-0.001743,0.0,neutral,0.049594,low,24.490447,rolling_beta,v3,1,4283,4283,5,seed,pass,Y,,2026-05-19,0,0.0,0.0,low,N,scenario inactive,inactive scenario,0.046329,-0.01584,-0.001743,korea_financial_stress_hedge,"가계부채, 부동산 PF, 비은행권, 금융주와 건설주 스트레스가 한국 자산 전반으로 번지는 장세입니다. 금융/건설 basket, 신용 spread, 단기자금 spread, 원화 약세를 함께 점검합니다."
AAPL,AAPL,us_stock,slowdown_recession_deflation_risk,Slowdown / Recession / Deflation Risk,경기둔화/침체 우려장,us_global,0.746171,-0.001743,0.997283,positive,0.746171,medium,62.915468,rolling_beta,v3,1,4862,4862,3,market,pass,N,,2026-05-19,0,0.0,0.0,high,N,scenario inactive,inactive scenario,1.0541,0.997283,-0.001743,slowdown_vulnerable,수요 둔화와 침체/디플레이션 압력이 커지는 방어적 장세입니다. 주식 beta와 신용위험을 보수적으로 봅니다.
AMZN,AMZN,us_stock,higher_for_longer_long_rate_shock,Higher-for-Longer / Long-Rate Shock,장기금리 부담장,us_global,0.518454,4.7e-05,1.057538,positive,0.518454,medium,84.792857,rolling_beta,v3,1,4862,4862,3,market,pass,N,,2026-05-19,1,0.957691,0.957691,high,Y,trade-gated adverse scenario with medium/high evidence,active market context,1.124461,1.057538,4.7e-05,rate_sensitive,장기금리와 달러 강세 부담이 채권·성장주·신용자산을 압박하는 장세입니다. 고밸류 성장주와 반도체 factor 민감도를 점검합니다.
AMZN,AMZN,us_stock,usd_strength_krw_weakness,USD Strength / KRW Weakness,달러강세/원화약세장,fx_krw,-0.068885,4.7e-05,0.0,negative,0.068885,low,55.911083,rolling_beta,v3,1,4283,4283,4,market,pass,N,,2026-05-19,1,0.741605,0.0,high,N,below ACTIVE confidence/coverage trade-gate threshold,active market context,0.592667,-0.033543,4.7e-05,krw_weakness_hedge,달러가 강하고 원화가 약해져 KRW 기준 투자자의 환율 리스크가 커지는 장세입니다. 한국 자산과 USD 노출의 역할을 분리해 봅니다.
AMZN,AMZN,us_stock,stagflation_reinflation_energy_shock,Stagflation / Reinflation / Energy Shock,물가·에너지 재상승장,us_global,0.392391,4.7e-05,1.124461,positive,0.392391,medium,72.569021,rolling_beta,v3,1,4862,4862,2,market,pass,N,,2026-05-19,1,0.74313,0.74313,high,Y,trade-gated adverse scenario with medium/high evidence,active market context,0.20326,,4.7e-05,stagflation_vulnerable,성장 부담이 있는데 유가·원자재·인플레이션 압력이 다시 커지는 장세입니다. 에너지/원자재 수혜와 장기채 부담을 함께 봅니다.
AMZN,AMZN,us_stock,china_trade_fragmentation_shock,China / Trade Fragmentation Shock,중국·무역분절 충격장,china_asia,0.123721,4.7e-05,0.0,positive,0.123721,low,46.541871,rolling_beta,v3,1,1262,1262,5,market,pass,N,,2026-05-19,1,0.691684,0.0,medium,N,below ACTIVE confidence/coverage trade-gate threshold,active market context,0.037182,-0.033543,4.7e-05,china_asia_shock_vulnerable,중국 경기·무역갈등·공급망 충격이 한국/아시아와 반도체 자산에 번지는 장세입니다. 한국 반도체 factor와 원화 약세를 함께 확인합니다.
AMZN,AMZN,us_stock,acute_global_stress_liquidity_crunch,Acute Global Stress / Liquidity Crunch,급성 리스크오프/유동성 경색장,us_global,0.616346,4.7e-05,1.057538,positive,0.616346,medium,59.880692,rolling_beta,v3,1,4862,4862,3,market,pass,N,,2026-05-19,1,0.405911,0.0,high,N,context only: WATCH state,context only: WATCH state,1.124461,1.057538,4.7e-05,liquidity_stress_vulnerable,변동성이 튀고 위험자산이 동반 약세를 보이는 단기 스트레스 장세입니다. 상관관계 상승과 유동성 악화를 우선 점검합니다.
AMZN,AMZN,us_stock,geopolitical_escalation_supply_shock,Geopolitical Escalation / Supply Shock,지정학 확전·공급충격장,geopolitical,0.339991,4.7e-05,1.124461,positive,0.339991,medium,68.226901,rolling_beta,v3,1,4283,4283,3,manual,pass,Y,,2026-05-19,1,0.401425,0.0,medium,N,context only: source_quality=manual,context only: source_quality=manual,0.20326,,4.7e-05,geopolitical_supply_shock_vulnerable,"전쟁, 제재, 해상로 차질, 대만·중동·한반도 긴장처럼 유가·금·방산·변동성이 동시에 움직이는 이벤트성 충격 장세입니다. 뉴스 overlay는 가격 신호를 보강하는 용도로만 해석합니다."
AMZN,AMZN,us_stock,soft_landing_goldilocks,Soft Landing / Goldilocks,우호적 위험선호장,us_global,1.124461,4.7e-05,1.057538,positive,1.124461,high,52.393619,rolling_beta,v3,1,4862,4862,3,market,pass,N,,2026-05-19,1,0.385976,0.0,high,N,non-adverse scenario,context only: WATCH state,1.124461,1.057538,4.7e-05,risk_on_participation,우호적 위험선호장 참여 민감도
AMZN,AMZN,us_stock,semiconductor_ai_cycle_shock,Semiconductor / AI Cycle Shock,AI·반도체 사이클 충격장,korea_semiconductor,0.485439,4.7e-05,0.71973,positive,0.485439,medium,35.914571,rolling_beta,v3,1,1262,1262,6,market,pass,N,,2026-05-19,0,0.0,0.0,medium,N,scenario inactive,inactive scenario,0.594879,0.71973,4.7e-05,semiconductor_ai_shock_vulnerable,"AI capex 기대와 반도체 모멘텀이 꺾이면서 미국 성장주와 한국 반도체 대형주가 동시에 압박받는 장세입니다. SOXX, AI leader basket, 한국 반도체 basket의 동반 약세와 원화 압력을 함께 봅니다."
AMZN,AMZN,us_stock,korea_domestic_financial_stress,Korea Domestic Financial Stress,한국 내수 금융스트레스장,korea_market,-0.099257,4.7e-05,0.0,negative,0.099257,low,24.490447,rolling_beta,v3,1,4283,4283,5,seed,pass,Y,,2026-05-19,0,0.0,0.0,low,N,scenario inactive,inactive scenario,0.037182,-0.033543,4.7e-05,korea_financial_stress_hedge,"가계부채, 부동산 PF, 비은행권, 금융주와 건설주 스트레스가 한국 자산 전반으로 번지는 장세입니다. 금융/건설 basket, 신용 spread, 단기자금 spread, 원화 약세를 함께 점검합니다."
AMZN,AMZN,us_stock,slowdown_recession_deflation_risk,Slowdown / Recession / Deflation Risk,경기둔화/침체 우려장,us_global,0.729261,4.7e-05,1.057538,positive,0.729261,medium,62.915468,rolling_beta,v3,1,4862,4862,3,market,pass,N,,2026-05-19,0,0.0,0.0,high,N,scenario inactive,inactive scenario,1.124461,1.057538,4.7e-05,slowdown_vulnerable,수요 둔화와 침체/디플레이션 압력이 커지는 방어적 장세입니다. 주식 beta와 신용위험을 보수적으로 봅니다.
AVGO,AVGO,us_stock,higher_for_longer_long_rate_shock,Higher-for-Longer / Long-Rate Shock,장기금리 부담장,us_global,0.861024,0.00084,1.333386,positive,0.861024,high,84.792857,rolling_beta,v3,1,4221,4221,3,market,pass,N,,2026-05-19,1,0.957691,0.957691,high,Y,trade-gated adverse scenario with medium/high evidence,active market context,1.29277,1.333386,0.00084,rate_sensitive,장기금리와 달러 강세 부담이 채권·성장주·신용자산을 압박하는 장세입니다. 고밸류 성장주와 반도체 factor 민감도를 점검합니다.
AVGO,AVGO,us_stock,usd_strength_krw_weakness,USD Strength / KRW Weakness,달러강세/원화약세장,fx_krw,-0.026807,0.00084,0.059117,neutral,0.026807,low,55.911083,rolling_beta,v3,1,3723,3723,4,market,pass,N,,2026-05-19,1,0.741605,0.0,high,N,below ACTIVE confidence/coverage trade-gate threshold,active market context,0.507418,0.059117,0.00084,krw_weakness_hedge,달러가 강하고 원화가 약해져 KRW 기준 투자자의 환율 리스크가 커지는 장세입니다. 한국 자산과 USD 노출의 역할을 분리해 봅니다.
AVGO,AVGO,us_stock,stagflation_reinflation_energy_shock,Stagflation / Reinflation / Energy Shock,물가·에너지 재상승장,us_global,0.431477,0.00084,1.29277,positive,0.431477,medium,72.569021,rolling_beta,v3,1,4221,4221,2,market,pass,N,,2026-05-19,1,0.74313,0.74313,high,Y,trade-gated adverse scenario with medium/high evidence,active market context,0.226379,,0.00084,stagflation_vulnerable,성장 부담이 있는데 유가·원자재·인플레이션 압력이 다시 커지는 장세입니다. 에너지/원자재 수혜와 장기채 부담을 함께 봅니다.
AVGO,AVGO,us_stock,china_trade_fragmentation_shock,China / Trade Fragmentation Shock,중국·무역분절 충격장,china_asia,0.487561,0.00084,0.059117,positive,0.487561,medium,46.541871,rolling_beta,v3,1,1262,1262,5,market,pass,N,,2026-05-19,1,0.691684,0.0,medium,N,below ACTIVE confidence/coverage trade-gate threshold,active market context,0.110801,0.059117,0.00084,china_asia_shock_vulnerable,중국 경기·무역갈등·공급망 충격이 한국/아시아와 반도체 자산에 번지는 장세입니다. 한국 반도체 factor와 원화 약세를 함께 확인합니다.
AVGO,AVGO,us_stock,acute_global_stress_liquidity_crunch,Acute Global Stress / Liquidity Crunch,급성 리스크오프/유동성 경색장,us_global,0.673237,0.00084,1.333386,positive,0.673237,medium,59.880692,rolling_beta,v3,1,4221,4221,3,market,pass,N,,2026-05-19,1,0.405911,0.0,high,N,context only: WATCH state,context only: WATCH state,1.29277,1.333386,0.00084,liquidity_stress_vulnerable,변동성이 튀고 위험자산이 동반 약세를 보이는 단기 스트레스 장세입니다. 상관관계 상승과 유동성 악화를 우선 점검합니다.
AVGO,AVGO,us_stock,geopolitical_escalation_supply_shock,Geopolitical Escalation / Supply Shock,지정학 확전·공급충격장,geopolitical,0.364296,0.00084,1.29277,positive,0.364296,medium,68.226901,rolling_beta,v3,1,3723,3723,3,manual,pass,Y,,2026-05-19,1,0.401425,0.0,medium,N,context only: source_quality=manual,context only: source_quality=manual,0.226379,,0.00084,geopolitical_supply_shock_vulnerable,"전쟁, 제재, 해상로 차질, 대만·중동·한반도 긴장처럼 유가·금·방산·변동성이 동시에 움직이는 이벤트성 충격 장세입니다. 뉴스 overlay는 가격 신호를 보강하는 용도로만 해석합니다."
AVGO,AVGO,us_stock,soft_landing_goldilocks,Soft Landing / Goldilocks,우호적 위험선호장,us_global,1.29277,0.00084,1.333386,positive,1.29277,high,52.393619,rolling_beta,v3,1,4221,4221,3,market,pass,N,,2026-05-19,1,0.385976,0.0,high,N,non-adverse scenario,context only: WATCH state,1.29277,1.333386,0.00084,risk_on_participation,우호적 위험선호장 참여 민감도
AVGO,AVGO,us_stock,semiconductor_ai_cycle_shock,Semiconductor / AI Cycle Shock,AI·반도체 사이클 충격장,korea_semiconductor,1.195772,0.00084,0.955804,positive,1.195772,high,35.914571,rolling_beta,v3,1,1262,1262,6,market,pass,N,,2026-05-19,0,0.0,0.0,medium,N,scenario inactive,inactive scenario,0.923302,0.955804,0.00084,semiconductor_ai_shock_vulnerable,"AI capex 기대와 반도체 모멘텀이 꺾이면서 미국 성장주와 한국 반도체 대형주가 동시에 압박받는 장세입니다. SOXX, AI leader basket, 한국 반도체 basket의 동반 약세와 원화 압력을 함께 봅니다."
AVGO,AVGO,us_stock,korea_domestic_financial_stress,Korea Domestic Financial Stress,한국 내수 금융스트레스장,korea_market,-0.1061,0.00084,0.059117,negative,0.1061,low,24.490447,rolling_beta,v3,1,3723,3723,5,seed,pass,Y,,2026-05-19,0,0.0,0.0,low,N,scenario inactive,inactive scenario,0.110801,0.059117,0.00084,korea_financial_stress_hedge,"가계부채, 부동산 PF, 비은행권, 금융주와 건설주 스트레스가 한국 자산 전반으로 번지는 장세입니다. 금융/건설 basket, 신용 spread, 단기자금 spread, 원화 약세를 함께 점검합니다."
AVGO,AVGO,us_stock,slowdown_recession_deflation_risk,Slowdown / Recession / Deflation Risk,경기둔화/침체 우려장,us_global,0.810911,0.00084,1.333386,positive,0.810911,high,62.915468,rolling_beta,v3,1,4221,4221,3,market,pass,N,,2026-05-19,0,0.0,0.0,high,N,scenario inactive,inactive scenario,1.29277,1.333386,0.00084,slowdown_vulnerable,수요 둔화와 침체/디플레이션 압력이 커지는 방어적 장세입니다. 주식 beta와 신용위험을 보수적으로 봅니다.
BNB-USD,BNB-USD,crypto,higher_for_longer_long_rate_shock,Higher-for-Longer / Long-Rate Shock,장기금리 부담장,us_global,0.466981,0.008653,1.221815,positive,0.466981,medium,84.792857,rolling_beta,v3,1,2140,2140,3,market,pass,N,,2026-05-19,1,0.957691,0.957691,high,Y,trade-gated adverse scenario with medium/high evidence,active market context,1.030875,1.221815,0.008653,rate_sensitive,장기금리와 달러 강세 부담이 채권·성장주·신용자산을 압박하는 장세입니다. 고밸류 성장주와 반도체 factor 민감도를 점검합니다.
BNB-USD,BNB-USD,crypto,usd_strength_krw_weakness,USD Strength / KRW Weakness,달러강세/원화약세장,fx_krw,-0.092281,0.008653,0.0,negative,0.092281,low,55.911083,rolling_beta,v3,1,2085,2085,4,market,pass,N,,2026-05-19,1,0.741605,0.0,high,N,below ACTIVE confidence/coverage trade-gate threshold,active market context,0.79033,-0.111851,0.008653,krw_weakness_hedge,달러가 강하고 원화가 약해져 KRW 기준 투자자의 환율 리스크가 커지는 장세입니다. 한국 자산과 USD 노출의 역할을 분리해 봅니다.
BNB-USD,BNB-USD,crypto,stagflation_reinflation_energy_shock,Stagflation / Reinflation / Energy Shock,물가·에너지 재상승장,us_global,0.144489,0.008653,1.030875,positive,0.144489,low,72.569021,rolling_beta,v3,1,2140,2140,2,market,pass,N,,2026-05-19,1,0.74313,0.74313,high,Y,trade-gated adverse scenario with medium/high evidence,active market context,0.140659,,0.008653,stagflation_vulnerable,성장 부담이 있는데 유가·원자재·인플레이션 압력이 다시 커지는 장세입니다. 에너지/원자재 수혜와 장기채 부담을 함께 봅니다.
BNB-USD,BNB-USD,crypto,china_trade_fragmentation_shock,China / Trade Fragmentation Shock,중국·무역분절 충격장,china_asia,-0.110142,0.008653,0.0,negative,0.110142,low,46.541871,rolling_beta,v3,1,1262,1262,5,market,pass,N,,2026-05-19,1,0.691684,0.0,medium,N,below ACTIVE confidence/coverage trade-gate threshold,active market context,-0.075268,-0.111851,0.008653,china_asia_shock_hedge,중국 경기·무역갈등·공급망 충격이 한국/아시아와 반도체 자산에 번지는 장세입니다. 한국 반도체 factor와 원화 약세를 함께 확인합니다.
BNB-USD,BNB-USD,crypto,acute_global_stress_liquidity_crunch,Acute Global Stress / Liquidity Crunch,급성 리스크오프/유동성 경색장,us_global,0.17761,0.008653,1.221815,positive,0.17761,low,59.880692,rolling_beta,v3,1,2140,2140,3,market,pass,N,,2026-05-19,1,0.405911,0.0,high,N,context only: WATCH state,context only: WATCH state,1.030875,1.221815,0.008653,liquidity_stress_vulnerable,변동성이 튀고 위험자산이 동반 약세를 보이는 단기 스트레스 장세입니다. 상관관계 상승과 유동성 악화를 우선 점검합니다.
BNB-USD,BNB-USD,crypto,geopolitical_escalation_supply_shock,Geopolitical Escalation / Supply Shock,지정학 확전·공급충격장,geopolitical,0.100702,0.008653,1.030875,positive,0.100702,low,68.226901,rolling_beta,v3,1,2140,2140,3,manual,pass,Y,,2026-05-19,1,0.401425,0.0,medium,N,context only: source_quality=manual,context only: source_quality=manual,0.140659,,0.008653,geopolitical_supply_shock_vulnerable,"전쟁, 제재, 해상로 차질, 대만·중동·한반도 긴장처럼 유가·금·방산·변동성이 동시에 움직이는 이벤트성 충격 장세입니다. 뉴스 overlay는 가격 신호를 보강하는 용도로만 해석합니다."
BNB-USD,BNB-USD,crypto,soft_landing_goldilocks,Soft Landing / Goldilocks,우호적 위험선호장,us_global,1.030875,0.008653,1.221815,positive,1.030875,high,52.393619,rolling_beta,v3,1,2140,2140,3,market,pass,N,,2026-05-19,1,0.385976,0.0,high,N,non-adverse scenario,context only: WATCH state,1.030875,1.221815,0.008653,risk_on_participation,우호적 위험선호장 참여 민감도
BNB-USD,BNB-USD,crypto,semiconductor_ai_cycle_shock,Semiconductor / AI Cycle Shock,AI·반도체 사이클 충격장,korea_semiconductor,0.281938,0.008653,0.507963,positive,0.281938,low,35.914571,rolling_beta,v3,1,1262,1262,6,market,pass,N,,2026-05-19,0,0.0,0.0,medium,N,scenario inactive,inactive scenario,0.470965,0.507963,0.008653,semiconductor_ai_shock_vulnerable,"AI capex 기대와 반도체 모멘텀이 꺾이면서 미국 성장주와 한국 반도체 대형주가 동시에 압박받는 장세입니다. SOXX, AI leader basket, 한국 반도체 basket의 동반 약세와 원화 압력을 함께 봅니다."
BNB-USD,BNB-USD,crypto,korea_domestic_financial_stress,Korea Domestic Financial Stress,한국 내수 금융스트레스장,korea_market,-0.297768,0.008653,0.0,negative,0.297768,low,24.490447,rolling_beta,v3,1,2084,2084,5,seed,pass,Y,,2026-05-19,0,0.0,0.0,low,N,scenario inactive,inactive scenario,-0.075268,-0.111851,0.008653,korea_financial_stress_hedge,"가계부채, 부동산 PF, 비은행권, 금융주와 건설주 스트레스가 한국 자산 전반으로 번지는 장세입니다. 금융/건설 basket, 신용 spread, 단기자금 spread, 원화 약세를 함께 점검합니다."
BNB-USD,BNB-USD,crypto,slowdown_recession_deflation_risk,Slowdown / Recession / Deflation Risk,경기둔화/침체 우려장,us_global,0.367225,0.008653,1.221815,positive,0.367225,medium,62.915468,rolling_beta,v3,1,2140,2140,3,market,pass,N,,2026-05-19,0,0.0,0.0,high,N,scenario inactive,inactive scenario,1.030875,1.221815,0.008653,slowdown_vulnerable,수요 둔화와 침체/디플레이션 압력이 커지는 방어적 장세입니다. 주식 beta와 신용위험을 보수적으로 봅니다.
BRK-B,BRK-B,us_stock,higher_for_longer_long_rate_shock,Higher-for-Longer / Long-Rate Shock,장기금리 부담장,us_global,0.358024,-0.001186,0.825047,positive,0.358024,medium,84.792857,rolling_beta,v3,1,4862,4862,3,market,pass,N,,2026-05-19,1,0.957691,0.957691,high,Y,trade-gated adverse scenario with medium/high evidence,active market context,0.832771,0.825047,-0.001186,rate_sensitive,장기금리와 달러 강세 부담이 채권·성장주·신용자산을 압박하는 장세입니다. 고밸류 성장주와 반도체 factor 민감도를 점검합니다.
BRK-B,BRK-B,us_stock,usd_strength_krw_weakness,USD Strength / KRW Weakness,달러강세/원화약세장,fx_krw,-0.141807,-0.001186,0.0331,negative,0.141807,low,55.911083,rolling_beta,v3,1,4283,4283,4,market,pass,N,,2026-05-19,1,0.741605,0.0,high,N,below ACTIVE confidence/coverage trade-gate threshold,active market context,0.711044,0.0331,-0.001186,krw_weakness_hedge,달러가 강하고 원화가 약해져 KRW 기준 투자자의 환율 리스크가 커지는 장세입니다. 한국 자산과 USD 노출의 역할을 분리해 봅니다.
BRK-B,BRK-B,us_stock,stagflation_reinflation_energy_shock,Stagflation / Reinflation / Energy Shock,물가·에너지 재상승장,us_global,0.321129,-0.001186,0.832771,positive,0.321129,medium,72.569021,rolling_beta,v3,1,4862,4862,2,market,pass,N,,2026-05-19,1,0.74313,0.74313,high,Y,trade-gated adverse scenario with medium/high evidence,active market context,0.196586,,-0.001186,stagflation_vulnerable,성장 부담이 있는데 유가·원자재·인플레이션 압력이 다시 커지는 장세입니다. 에너지/원자재 수혜와 장기채 부담을 함께 봅니다.
BRK-B,BRK-B,us_stock,china_trade_fragmentation_shock,China / Trade Fragmentation Shock,중국·무역분절 충격장,china_asia,0.096213,-0.001186,0.0331,positive,0.096213,low,46.541871,rolling_beta,v3,1,1262,1262,5,market,pass,N,,2026-05-19,1,0.691684,0.0,medium,N,below ACTIVE confidence/coverage trade-gate threshold,active market context,0.030477,0.0331,-0.001186,china_asia_shock_vulnerable,중국 경기·무역갈등·공급망 충격이 한국/아시아와 반도체 자산에 번지는 장세입니다. 한국 반도체 factor와 원화 약세를 함께 확인합니다.
BRK-B,BRK-B,us_stock,acute_global_stress_liquidity_crunch,Acute Global Stress / Liquidity Crunch,급성 리스크오프/유동성 경색장,us_global,0.51141,-0.001186,0.825047,positive,0.51141,medium,59.880692,rolling_beta,v3,1,4862,4862,3,market,pass,N,,2026-05-19,1,0.405911,0.0,high,N,context only: WATCH state,context only: WATCH state,0.832771,0.825047,-0.001186,liquidity_stress_vulnerable,변동성이 튀고 위험자산이 동반 약세를 보이는 단기 스트레스 장세입니다. 상관관계 상승과 유동성 악화를 우선 점검합니다.
BRK-B,BRK-B,us_stock,geopolitical_escalation_supply_shock,Geopolitical Escalation / Supply Shock,지정학 확전·공급충격장,geopolitical,0.285202,-0.001186,0.832771,positive,0.285202,low,68.226901,rolling_beta,v3,1,4283,4283,3,manual,pass,Y,,2026-05-19,1,0.401425,0.0,medium,N,context only: source_quality=manual,context only: source_quality=manual,0.196586,,-0.001186,geopolitical_supply_shock_vulnerable,"전쟁, 제재, 해상로 차질, 대만·중동·한반도 긴장처럼 유가·금·방산·변동성이 동시에 움직이는 이벤트성 충격 장세입니다. 뉴스 overlay는 가격 신호를 보강하는 용도로만 해석합니다."
BRK-B,BRK-B,us_stock,soft_landing_goldilocks,Soft Landing / Goldilocks,우호적 위험선호장,us_global,0.832771,-0.001186,0.825047,positive,0.832771,high,52.393619,rolling_beta,v3,1,4862,4862,3,market,pass,N,,2026-05-19,1,0.385976,0.0,high,N,non-adverse scenario,context only: WATCH state,0.832771,0.825047,-0.001186,risk_on_participation,우호적 위험선호장 참여 민감도
BRK-B,BRK-B,us_stock,semiconductor_ai_cycle_shock,Semiconductor / AI Cycle Shock,AI·반도체 사이클 충격장,korea_semiconductor,0.166807,-0.001186,0.171822,positive,0.166807,low,35.914571,rolling_beta,v3,1,1262,1262,6,market,pass,N,,2026-05-19,0,0.0,0.0,medium,N,scenario inactive,inactive scenario,0.185349,0.171822,-0.001186,semiconductor_ai_shock_vulnerable,"AI capex 기대와 반도체 모멘텀이 꺾이면서 미국 성장주와 한국 반도체 대형주가 동시에 압박받는 장세입니다. SOXX, AI leader basket, 한국 반도체 basket의 동반 약세와 원화 압력을 함께 봅니다."
BRK-B,BRK-B,us_stock,korea_domestic_financial_stress,Korea Domestic Financial Stress,한국 내수 금융스트레스장,korea_market,-0.050766,-0.001186,0.0331,negative,0.050766,low,24.490447,rolling_beta,v3,1,4283,4283,5,seed,pass,Y,,2026-05-19,0,0.0,0.0,low,N,scenario inactive,inactive scenario,0.030477,0.0331,-0.001186,korea_financial_stress_hedge,"가계부채, 부동산 PF, 비은행권, 금융주와 건설주 스트레스가 한국 자산 전반으로 번지는 장세입니다. 금융/건설 basket, 신용 spread, 단기자금 spread, 원화 약세를 함께 점검합니다."
BRK-B,BRK-B,us_stock,slowdown_recession_deflation_risk,Slowdown / Recession / Deflation Risk,경기둔화/침체 우려장,us_global,0.582823,-0.001186,0.825047,positive,0.582823,medium,62.915468,rolling_beta,v3,1,4862,4862,3,market,pass,N,,2026-05-19,0,0.0,0.0,high,N,scenario inactive,inactive scenario,0.832771,0.825047,-0.001186,slowdown_vulnerable,수요 둔화와 침체/디플레이션 압력이 커지는 방어적 장세입니다. 주식 beta와 신용위험을 보수적으로 봅니다.
BTC-USD,BTC-USD,crypto,higher_for_longer_long_rate_shock,Higher-for-Longer / Long-Rate Shock,장기금리 부담장,us_global,0.360895,0.004874,0.931859,positive,0.360895,medium,84.792857,rolling_beta,v3,1,2934,2934,3,market,pass,N,,2026-05-19,1,0.957691,0.957691,high,Y,trade-gated adverse scenario with medium/high evidence,active market context,0.837991,0.931859,0.004874,rate_sensitive,crypto는 방어자산이 아니라 조건부 diversifier로만 해석
BTC-USD,BTC-USD,crypto,usd_strength_krw_weakness,USD Strength / KRW Weakness,달러강세/원화약세장,fx_krw,-0.140502,0.004874,0.0,negative,0.140502,low,55.911083,rolling_beta,v3,1,2853,2853,4,market,pass,N,,2026-05-19,1,0.741605,0.0,high,N,below ACTIVE confidence/coverage trade-gate threshold,active market context,0.91231,-0.154554,0.004874,krw_weakness_hedge,crypto는 방어자산이 아니라 조건부 diversifier로만 해석
BTC-USD,BTC-USD,crypto,stagflation_reinflation_energy_shock,Stagflation / Reinflation / Energy Shock,물가·에너지 재상승장,us_global,0.171455,0.004874,0.837991,positive,0.171455,low,72.569021,rolling_beta,v3,1,2934,2934,2,market,pass,N,,2026-05-19,1,0.74313,0.74313,high,Y,trade-gated adverse scenario with medium/high evidence,active market context,0.089837,,0.004874,stagflation_vulnerable,crypto는 방어자산이 아니라 조건부 diversifier로만 해석
BTC-USD,BTC-USD,crypto,china_trade_fragmentation_shock,China / Trade Fragmentation Shock,중국·무역분절 충격장,china_asia,-0.054244,0.004874,0.0,negative,0.054244,low,46.541871,rolling_beta,v3,1,1262,1262,5,market,pass,N,,2026-05-19,1,0.691684,0.0,medium,N,below ACTIVE confidence/coverage trade-gate threshold,active market context,-0.142298,-0.154554,0.004874,china_asia_shock_hedge,crypto는 방어자산이 아니라 조건부 diversifier로만 해석
BTC-USD,BTC-USD,crypto,acute_global_stress_liquidity_crunch,Acute Global Stress / Liquidity Crunch,급성 리스크오프/유동성 경색장,us_global,0.241579,0.004874,0.931859,positive,0.241579,low,59.880692,rolling_beta,v3,1,2934,2934,3,market,pass,N,,2026-05-19,1,0.405911,0.0,high,N,context only: WATCH state,context only: WATCH state,0.837991,0.931859,0.004874,liquidity_stress_vulnerable,crypto는 방어자산이 아니라 조건부 diversifier로만 해석
BTC-USD,BTC-USD,crypto,geopolitical_escalation_supply_shock,Geopolitical Escalation / Supply Shock,지정학 확전·공급충격장,geopolitical,0.154685,0.004874,0.837991,positive,0.154685,low,68.226901,rolling_beta,v3,1,2934,2934,3,manual,pass,Y,,2026-05-19,1,0.401425,0.0,medium,N,context only: source_quality=manual,context only: source_quality=manual,0.089837,,0.004874,geopolitical_supply_shock_vulnerable,crypto는 방어자산이 아니라 조건부 diversifier로만 해석
BTC-USD,BTC-USD,crypto,soft_landing_goldilocks,Soft Landing / Goldilocks,우호적 위험선호장,us_global,0.837991,0.004874,0.931859,positive,0.837991,high,52.393619,rolling_beta,v3,1,2934,2934,3,market,pass,N,,2026-05-19,1,0.385976,0.0,high,N,non-adverse scenario,context only: WATCH state,0.837991,0.931859,0.004874,risk_on_participation,우호적 위험선호장 참여 민감도; crypto는 방어자산이 아니라 조건부 diversifier로만 해석
BTC-USD,BTC-USD,crypto,semiconductor_ai_cycle_shock,Semiconductor / AI Cycle Shock,AI·반도체 사이클 충격장,korea_semiconductor,0.318237,0.004874,0.523867,positive,0.318237,medium,35.914571,rolling_beta,v3,1,1262,1262,6,market,pass,N,,2026-05-19,0,0.0,0.0,medium,N,scenario inactive,inactive scenario,0.50552,0.523867,0.004874,semiconductor_ai_shock_vulnerable,crypto는 방어자산이 아니라 조건부 diversifier로만 해석
BTC-USD,BTC-USD,crypto,korea_domestic_financial_stress,Korea Domestic Financial Stress,한국 내수 금융스트레스장,korea_market,-0.184996,0.004874,0.0,negative,0.184996,low,24.490447,rolling_beta,v3,1,2853,2853,5,seed,pass,Y,,2026-05-19,0,0.0,0.0,low,N,scenario inactive,inactive scenario,-0.142298,-0.154554,0.004874,korea_financial_stress_hedge,crypto는 방어자산이 아니라 조건부 diversifier로만 해석
BTC-USD,BTC-USD,crypto,slowdown_recession_deflation_risk,Slowdown / Recession / Deflation Risk,경기둔화/침체 우려장,us_global,0.374115,0.004874,0.931859,positive,0.374115,medium,62.915468,rolling_beta,v3,1,2934,2934,3,market,pass,N,,2026-05-19,0,0.0,0.0,high,N,scenario inactive,inactive scenario,0.837991,0.931859,0.004874,slowdown_vulnerable,crypto는 방어자산이 아니라 조건부 diversifier로만 해석
COST,COST,us_stock,higher_for_longer_long_rate_shock,Higher-for-Longer / Long-Rate Shock,장기금리 부담장,us_global,0.328668,-0.000158,0.777149,positive,0.328668,medium,84.792857,rolling_beta,v3,1,4862,4862,3,market,pass,N,,2026-05-19,1,0.957691,0.957691,high,Y,trade-gated adverse scenario with medium/high evidence,active market context,0.779396,0.777149,-0.000158,rate_sensitive,장기금리와 달러 강세 부담이 채권·성장주·신용자산을 압박하는 장세입니다. 고밸류 성장주와 반도체 factor 민감도를 점검합니다.
COST,COST,us_stock,usd_strength_krw_weakness,USD Strength / KRW Weakness,달러강세/원화약세장,fx_krw,-0.155151,-0.000158,0.0,negative,0.155151,low,55.911083,rolling_beta,v3,1,4283,4283,4,market,pass,N,,2026-05-19,1,0.741605,0.0,high,N,below ACTIVE confidence/coverage trade-gate threshold,active market context,0.738269,-0.090283,-0.000158,krw_weakness_hedge,달러가 강하고 원화가 약해져 KRW 기준 투자자의 환율 리스크가 커지는 장세입니다. 한국 자산과 USD 노출의 역할을 분리해 봅니다.
COST,COST,us_stock,stagflation_reinflation_energy_shock,Stagflation / Reinflation / Energy Shock,물가·에너지 재상승장,us_global,0.276727,-0.000158,0.779396,positive,0.276727,low,72.569021,rolling_beta,v3,1,4862,4862,2,market,pass,N,,2026-05-19,1,0.74313,0.74313,high,Y,trade-gated adverse scenario with medium/high evidence,active market context,0.141524,,-0.000158,stagflation_vulnerable,성장 부담이 있는데 유가·원자재·인플레이션 압력이 다시 커지는 장세입니다. 에너지/원자재 수혜와 장기채 부담을 함께 봅니다.
COST,COST,us_stock,china_trade_fragmentation_shock,China / Trade Fragmentation Shock,중국·무역분절 충격장,china_asia,0.059818,-0.000158,0.0,positive,0.059818,low,46.541871,rolling_beta,v3,1,1262,1262,5,market,pass,N,,2026-05-19,1,0.691684,0.0,medium,N,below ACTIVE confidence/coverage trade-gate threshold,active market context,-0.084485,-0.090283,-0.000158,china_asia_shock_vulnerable,중국 경기·무역갈등·공급망 충격이 한국/아시아와 반도체 자산에 번지는 장세입니다. 한국 반도체 factor와 원화 약세를 함께 확인합니다.
COST,COST,us_stock,acute_global_stress_liquidity_crunch,Acute Global Stress / Liquidity Crunch,급성 리스크오프/유동성 경색장,us_global,0.435757,-0.000158,0.777149,positive,0.435757,medium,59.880692,rolling_beta,v3,1,4862,4862,3,market,pass,N,,2026-05-19,1,0.405911,0.0,high,N,context only: WATCH state,context only: WATCH state,0.779396,0.777149,-0.000158,liquidity_stress_vulnerable,변동성이 튀고 위험자산이 동반 약세를 보이는 단기 스트레스 장세입니다. 상관관계 상승과 유동성 악화를 우선 점검합니다.
COST,COST,us_stock,geopolitical_escalation_supply_shock,Geopolitical Escalation / Supply Shock,지정학 확전·공급충격장,geopolitical,0.246584,-0.000158,0.779396,positive,0.246584,low,68.226901,rolling_beta,v3,1,4283,4283,3,manual,pass,Y,,2026-05-19,1,0.401425,0.0,medium,N,context only: source_quality=manual,context only: source_quality=manual,0.141524,,-0.000158,geopolitical_supply_shock_vulnerable,"전쟁, 제재, 해상로 차질, 대만·중동·한반도 긴장처럼 유가·금·방산·변동성이 동시에 움직이는 이벤트성 충격 장세입니다. 뉴스 overlay는 가격 신호를 보강하는 용도로만 해석합니다."
COST,COST,us_stock,soft_landing_goldilocks,Soft Landing / Goldilocks,우호적 위험선호장,us_global,0.779396,-0.000158,0.777149,positive,0.779396,high,52.393619,rolling_beta,v3,1,4862,4862,3,market,pass,N,,2026-05-19,1,0.385976,0.0,high,N,non-adverse scenario,context only: WATCH state,0.779396,0.777149,-0.000158,risk_on_participation,우호적 위험선호장 참여 민감도
COST,COST,us_stock,semiconductor_ai_cycle_shock,Semiconductor / AI Cycle Shock,AI·반도체 사이클 충격장,korea_semiconductor,0.211423,-0.000158,0.278913,positive,0.211423,low,35.914571,rolling_beta,v3,1,1262,1262,6,market,pass,N,,2026-05-19,0,0.0,0.0,medium,N,scenario inactive,inactive scenario,0.28045,0.278913,-0.000158,semiconductor_ai_shock_vulnerable,"AI capex 기대와 반도체 모멘텀이 꺾이면서 미국 성장주와 한국 반도체 대형주가 동시에 압박받는 장세입니다. SOXX, AI leader basket, 한국 반도체 basket의 동반 약세와 원화 압력을 함께 봅니다."
COST,COST,us_stock,korea_domestic_financial_stress,Korea Domestic Financial Stress,한국 내수 금융스트레스장,korea_market,-0.085321,-0.000158,0.0,negative,0.085321,low,24.490447,rolling_beta,v3,1,4283,4283,5,seed,pass,Y,,2026-05-19,0,0.0,0.0,low,N,scenario inactive,inactive scenario,-0.084485,-0.090283,-0.000158,korea_financial_stress_hedge,"가계부채, 부동산 PF, 비은행권, 금융주와 건설주 스트레스가 한국 자산 전반으로 번지는 장세입니다. 금융/건설 basket, 신용 spread, 단기자금 spread, 원화 약세를 함께 점검합니다."
COST,COST,us_stock,slowdown_recession_deflation_risk,Slowdown / Recession / Deflation Risk,경기둔화/침체 우려장,us_global,0.512121,-0.000158,0.777149,positive,0.512121,medium,62.915468,rolling_beta,v3,1,4862,4862,3,market,pass,N,,2026-05-19,0,0.0,0.0,high,N,scenario inactive,inactive scenario,0.779396,0.777149,-0.000158,slowdown_vulnerable,수요 둔화와 침체/디플레이션 압력이 커지는 방어적 장세입니다. 주식 beta와 신용위험을 보수적으로 봅니다.
DBC,DBC,commodity_etf,higher_for_longer_long_rate_shock,Higher-for-Longer / Long-Rate Shock,장기금리 부담장,us_global,0.188842,-0.003664,0.610574,positive,0.188842,low,84.792857,rolling_beta,v3,1,4862,4862,3,market,pass,N,,2026-05-19,1,0.957691,0.957691,high,Y,trade-gated adverse scenario with medium/high evidence,active market context,0.525167,0.610574,-0.003664,rate_sensitive,장기금리와 달러 강세 부담이 채권·성장주·신용자산을 압박하는 장세입니다. 고밸류 성장주와 반도체 factor 민감도를 점검합니다.
DBC,DBC,commodity_etf,usd_strength_krw_weakness,USD Strength / KRW Weakness,달러강세/원화약세장,fx_krw,-0.218708,-0.003664,0.071561,negative,0.218708,low,55.911083,rolling_beta,v3,1,4283,4283,4,market,pass,N,,2026-05-19,1,0.741605,0.0,high,N,below ACTIVE confidence/coverage trade-gate threshold,active market context,0.770201,0.071561,-0.003664,krw_weakness_hedge,달러가 강하고 원화가 약해져 KRW 기준 투자자의 환율 리스크가 커지는 장세입니다. 한국 자산과 USD 노출의 역할을 분리해 봅니다.
DBC,DBC,commodity_etf,stagflation_reinflation_energy_shock,Stagflation / Reinflation / Energy Shock,물가·에너지 재상승장,us_global,-0.174584,-0.003664,0.525167,negative,0.174584,low,72.569021,rolling_beta,v3,1,4862,4862,2,market,pass,N,,2026-05-19,1,0.74313,0.74313,high,Y,trade-gated adverse scenario with medium/high evidence,active market context,0.475831,,-0.003664,inflation_hedge,성장 부담이 있는데 유가·원자재·인플레이션 압력이 다시 커지는 장세입니다. 에너지/원자재 수혜와 장기채 부담을 함께 봅니다.
DBC,DBC,commodity_etf,china_trade_fragmentation_shock,China / Trade Fragmentation Shock,중국·무역분절 충격장,china_asia,0.096641,-0.003664,0.071561,positive,0.096641,low,46.541871,rolling_beta,v3,1,1262,1262,5,market,pass,N,,2026-05-19,1,0.691684,0.0,medium,N,below ACTIVE confidence/coverage trade-gate threshold,active market context,0.022039,0.071561,-0.003664,china_asia_shock_vulnerable,중국 경기·무역갈등·공급망 충격이 한국/아시아와 반도체 자산에 번지는 장세입니다. 한국 반도체 factor와 원화 약세를 함께 확인합니다.
DBC,DBC,commodity_etf,acute_global_stress_liquidity_crunch,Acute Global Stress / Liquidity Crunch,급성 리스크오프/유동성 경색장,us_global,0.453735,-0.003664,0.610574,positive,0.453735,medium,59.880692,rolling_beta,v3,1,4862,4862,3,market,pass,N,,2026-05-19,1,0.405911,0.0,high,N,context only: WATCH state,context only: WATCH state,0.525167,0.610574,-0.003664,liquidity_stress_vulnerable,변동성이 튀고 위험자산이 동반 약세를 보이는 단기 스트레스 장세입니다. 상관관계 상승과 유동성 악화를 우선 점검합니다.
DBC,DBC,commodity_etf,geopolitical_escalation_supply_shock,Geopolitical Escalation / Supply Shock,지정학 확전·공급충격장,geopolitical,-0.157882,-0.003664,0.525167,negative,0.157882,low,68.226901,rolling_beta,v3,1,4283,4283,3,manual,pass,Y,,2026-05-19,1,0.401425,0.0,medium,N,context only: source_quality=manual,context only: source_quality=manual,0.475831,,-0.003664,geopolitical_supply_shock_hedge,"전쟁, 제재, 해상로 차질, 대만·중동·한반도 긴장처럼 유가·금·방산·변동성이 동시에 움직이는 이벤트성 충격 장세입니다. 뉴스 overlay는 가격 신호를 보강하는 용도로만 해석합니다."
DBC,DBC,commodity_etf,soft_landing_goldilocks,Soft Landing / Goldilocks,우호적 위험선호장,us_global,0.525167,-0.003664,0.610574,positive,0.525167,medium,52.393619,rolling_beta,v3,1,4862,4862,3,market,pass,N,,2026-05-19,1,0.385976,0.0,high,N,non-adverse scenario,context only: WATCH state,0.525167,0.610574,-0.003664,risk_on_participation,우호적 위험선호장 참여 민감도
DBC,DBC,commodity_etf,semiconductor_ai_cycle_shock,Semiconductor / AI Cycle Shock,AI·반도체 사이클 충격장,korea_semiconductor,0.122722,-0.003664,0.144708,positive,0.122722,low,35.914571,rolling_beta,v3,1,1262,1262,6,market,pass,N,,2026-05-19,0,0.0,0.0,medium,N,scenario inactive,inactive scenario,0.110198,0.144708,-0.003664,semiconductor_ai_shock_vulnerable,"AI capex 기대와 반도체 모멘텀이 꺾이면서 미국 성장주와 한국 반도체 대형주가 동시에 압박받는 장세입니다. SOXX, AI leader basket, 한국 반도체 basket의 동반 약세와 원화 압력을 함께 봅니다."
DBC,DBC,commodity_etf,korea_domestic_financial_stress,Korea Domestic Financial Stress,한국 내수 금융스트레스장,korea_market,0.014851,-0.003664,0.071561,neutral,0.014851,low,24.490447,rolling_beta,v3,1,4283,4283,5,seed,pass,Y,,2026-05-19,0,0.0,0.0,low,N,scenario inactive,inactive scenario,0.022039,0.071561,-0.003664,korea_financial_stress_vulnerable,"가계부채, 부동산 PF, 비은행권, 금융주와 건설주 스트레스가 한국 자산 전반으로 번지는 장세입니다. 금융/건설 basket, 신용 spread, 단기자금 spread, 원화 약세를 함께 점검합니다."
DBC,DBC,commodity_etf,slowdown_recession_deflation_risk,Slowdown / Recession / Deflation Risk,경기둔화/침체 우려장,us_global,0.469609,-0.003664,0.610574,positive,0.469609,medium,62.915468,rolling_beta,v3,1,4862,4862,3,market,pass,N,,2026-05-19,0,0.0,0.0,high,N,scenario inactive,inactive scenario,0.525167,0.610574,-0.003664,slowdown_vulnerable,수요 둔화와 침체/디플레이션 압력이 커지는 방어적 장세입니다. 주식 beta와 신용위험을 보수적으로 봅니다.
DIA,DIA,etf,higher_for_longer_long_rate_shock,Higher-for-Longer / Long-Rate Shock,장기금리 부담장,us_global,0.416587,-0.001311,0.944099,positive,0.416587,medium,84.792857,rolling_beta,v3,1,4862,4862,3,market,pass,N,,2026-05-19,1,0.957691,0.957691,high,Y,trade-gated adverse scenario with medium/high evidence,active market context,0.939249,0.944099,-0.001311,rate_sensitive,장기금리와 달러 강세 부담이 채권·성장주·신용자산을 압박하는 장세입니다. 고밸류 성장주와 반도체 factor 민감도를 점검합니다.
DIA,DIA,etf,usd_strength_krw_weakness,USD Strength / KRW Weakness,달러강세/원화약세장,fx_krw,-0.115188,-0.001311,0.033777,negative,0.115188,low,55.911083,rolling_beta,v3,1,4283,4283,4,market,pass,N,,2026-05-19,1,0.741605,0.0,high,N,below ACTIVE confidence/coverage trade-gate threshold,active market context,0.637808,0.033777,-0.001311,krw_weakness_hedge,달러가 강하고 원화가 약해져 KRW 기준 투자자의 환율 리스크가 커지는 장세입니다. 한국 자산과 USD 노출의 역할을 분리해 봅니다.
DIA,DIA,etf,stagflation_reinflation_energy_shock,Stagflation / Reinflation / Energy Shock,물가·에너지 재상승장,us_global,0.361501,-0.001311,0.939249,positive,0.361501,medium,72.569021,rolling_beta,v3,1,4862,4862,2,market,pass,N,,2026-05-19,1,0.74313,0.74313,high,Y,trade-gated adverse scenario with medium/high evidence,active market context,0.20559,,-0.001311,stagflation_vulnerable,성장 부담이 있는데 유가·원자재·인플레이션 압력이 다시 커지는 장세입니다. 에너지/원자재 수혜와 장기채 부담을 함께 봅니다.
DIA,DIA,etf,china_trade_fragmentation_shock,China / Trade Fragmentation Shock,중국·무역분절 충격장,china_asia,0.120613,-0.001311,0.033777,positive,0.120613,low,46.541871,rolling_beta,v3,1,1262,1262,5,market,pass,N,,2026-05-19,1,0.691684,0.0,medium,N,below ACTIVE confidence/coverage trade-gate threshold,active market context,0.046471,0.033777,-0.001311,china_asia_shock_vulnerable,중국 경기·무역갈등·공급망 충격이 한국/아시아와 반도체 자산에 번지는 장세입니다. 한국 반도체 factor와 원화 약세를 함께 확인합니다.
DIA,DIA,etf,acute_global_stress_liquidity_crunch,Acute Global Stress / Liquidity Crunch,급성 리스크오프/유동성 경색장,us_global,0.575562,-0.001311,0.944099,positive,0.575562,medium,59.880692,rolling_beta,v3,1,4862,4862,3,market,pass,N,,2026-05-19,1,0.405911,0.0,high,N,context only: WATCH state,context only: WATCH state,0.939249,0.944099,-0.001311,liquidity_stress_vulnerable,변동성이 튀고 위험자산이 동반 약세를 보이는 단기 스트레스 장세입니다. 상관관계 상승과 유동성 악화를 우선 점검합니다.
DIA,DIA,etf,geopolitical_escalation_supply_shock,Geopolitical Escalation / Supply Shock,지정학 확전·공급충격장,geopolitical,0.312406,-0.001311,0.939249,positive,0.312406,medium,68.226901,rolling_beta,v3,1,4283,4283,3,manual,pass,Y,,2026-05-19,1,0.401425,0.0,medium,N,context only: source_quality=manual,context only: source_quality=manual,0.20559,,-0.001311,geopolitical_supply_shock_vulnerable,"전쟁, 제재, 해상로 차질, 대만·중동·한반도 긴장처럼 유가·금·방산·변동성이 동시에 움직이는 이벤트성 충격 장세입니다. 뉴스 overlay는 가격 신호를 보강하는 용도로만 해석합니다."
DIA,DIA,etf,soft_landing_goldilocks,Soft Landing / Goldilocks,우호적 위험선호장,us_global,0.939249,-0.001311,0.944099,positive,0.939249,high,52.393619,rolling_beta,v3,1,4862,4862,3,market,pass,N,,2026-05-19,1,0.385976,0.0,high,N,non-adverse scenario,context only: WATCH state,0.939249,0.944099,-0.001311,risk_on_participation,우호적 위험선호장 참여 민감도
DIA,DIA,etf,semiconductor_ai_cycle_shock,Semiconductor / AI Cycle Shock,AI·반도체 사이클 충격장,korea_semiconductor,0.2536,-0.001311,0.288888,positive,0.2536,low,35.914571,rolling_beta,v3,1,1262,1262,6,market,pass,N,,2026-05-19,0,0.0,0.0,medium,N,scenario inactive,inactive scenario,0.293443,0.288888,-0.001311,semiconductor_ai_shock_vulnerable,"AI capex 기대와 반도체 모멘텀이 꺾이면서 미국 성장주와 한국 반도체 대형주가 동시에 압박받는 장세입니다. SOXX, AI leader basket, 한국 반도체 basket의 동반 약세와 원화 압력을 함께 봅니다."
DIA,DIA,etf,korea_domestic_financial_stress,Korea Domestic Financial Stress,한국 내수 금융스트레스장,korea_market,-0.0553,-0.001311,0.033777,negative,0.0553,low,24.490447,rolling_beta,v3,1,4283,4283,5,seed,pass,Y,,2026-05-19,0,0.0,0.0,low,N,scenario inactive,inactive scenario,0.046471,0.033777,-0.001311,korea_financial_stress_hedge,"가계부채, 부동산 PF, 비은행권, 금융주와 건설주 스트레스가 한국 자산 전반으로 번지는 장세입니다. 금융/건설 basket, 신용 spread, 단기자금 spread, 원화 약세를 함께 점검합니다."
DIA,DIA,etf,slowdown_recession_deflation_risk,Slowdown / Recession / Deflation Risk,경기둔화/침체 우려장,us_global,0.656381,-0.001311,0.944099,positive,0.656381,medium,62.915468,rolling_beta,v3,1,4862,4862,3,market,pass,N,,2026-05-19,0,0.0,0.0,high,N,scenario inactive,inactive scenario,0.939249,0.944099,-0.001311,slowdown_vulnerable,수요 둔화와 침체/디플레이션 압력이 커지는 방어적 장세입니다. 주식 beta와 신용위험을 보수적으로 봅니다.
EFA,EFA,etf,higher_for_longer_long_rate_shock,Higher-for-Longer / Long-Rate Shock,장기금리 부담장,us_global,0.415173,-0.001541,0.96541,positive,0.415173,medium,84.792857,rolling_beta,v3,1,4862,4862,3,market,pass,N,,2026-05-19,1,0.957691,0.957691,high,Y,trade-gated adverse scenario with medium/high evidence,active market context,0.936678,0.96541,-0.001541,rate_sensitive,장기금리와 달러 강세 부담이 채권·성장주·신용자산을 압박하는 장세입니다. 고밸류 성장주와 반도체 factor 민감도를 점검합니다.
EFA,EFA,etf,usd_strength_krw_weakness,USD Strength / KRW Weakness,달러강세/원화약세장,fx_krw,-0.115831,-0.001541,0.095614,negative,0.115831,low,55.911083,rolling_beta,v3,1,4283,4283,4,market,pass,N,,2026-05-19,1,0.741605,0.0,high,N,below ACTIVE confidence/coverage trade-gate threshold,active market context,0.501625,0.095614,-0.001541,krw_weakness_hedge,달러가 강하고 원화가 약해져 KRW 기준 투자자의 환율 리스크가 커지는 장세입니다. 한국 자산과 USD 노출의 역할을 분리해 봅니다.
EFA,EFA,etf,stagflation_reinflation_energy_shock,Stagflation / Reinflation / Energy Shock,물가·에너지 재상승장,us_global,0.36635,-0.001541,0.936678,positive,0.36635,medium,72.569021,rolling_beta,v3,1,4862,4862,2,market,pass,N,,2026-05-19,1,0.74313,0.74313,high,Y,trade-gated adverse scenario with medium/high evidence,active market context,0.226112,,-0.001541,stagflation_vulnerable,성장 부담이 있는데 유가·원자재·인플레이션 압력이 다시 커지는 장세입니다. 에너지/원자재 수혜와 장기채 부담을 함께 봅니다.
EFA,EFA,etf,china_trade_fragmentation_shock,China / Trade Fragmentation Shock,중국·무역분절 충격장,china_asia,0.125848,-0.001541,0.095614,positive,0.125848,low,46.541871,rolling_beta,v3,1,1262,1262,5,market,pass,N,,2026-05-19,1,0.691684,0.0,medium,N,below ACTIVE confidence/coverage trade-gate threshold,active market context,0.115021,0.095614,-0.001541,china_asia_shock_vulnerable,중국 경기·무역갈등·공급망 충격이 한국/아시아와 반도체 자산에 번지는 장세입니다. 한국 반도체 factor와 원화 약세를 함께 확인합니다.
EFA,EFA,etf,acute_global_stress_liquidity_crunch,Acute Global Stress / Liquidity Crunch,급성 리스크오프/유동성 경색장,us_global,0.584496,-0.001541,0.96541,positive,0.584496,medium,59.880692,rolling_beta,v3,1,4862,4862,3,market,pass,N,,2026-05-19,1,0.405911,0.0,high,N,context only: WATCH state,context only: WATCH state,0.936678,0.96541,-0.001541,liquidity_stress_vulnerable,변동성이 튀고 위험자산이 동반 약세를 보이는 단기 스트레스 장세입니다. 상관관계 상승과 유동성 악화를 우선 점검합니다.
EFA,EFA,etf,geopolitical_escalation_supply_shock,Geopolitical Escalation / Supply Shock,지정학 확전·공급충격장,geopolitical,0.289646,-0.001541,0.936678,positive,0.289646,low,68.226901,rolling_beta,v3,1,4283,4283,3,manual,pass,Y,,2026-05-19,1,0.401425,0.0,medium,N,context only: source_quality=manual,context only: source_quality=manual,0.226112,,-0.001541,geopolitical_supply_shock_vulnerable,"전쟁, 제재, 해상로 차질, 대만·중동·한반도 긴장처럼 유가·금·방산·변동성이 동시에 움직이는 이벤트성 충격 장세입니다. 뉴스 overlay는 가격 신호를 보강하는 용도로만 해석합니다."
EFA,EFA,etf,soft_landing_goldilocks,Soft Landing / Goldilocks,우호적 위험선호장,us_global,0.936678,-0.001541,0.96541,positive,0.936678,high,52.393619,rolling_beta,v3,1,4862,4862,3,market,pass,N,,2026-05-19,1,0.385976,0.0,high,N,non-adverse scenario,context only: WATCH state,0.936678,0.96541,-0.001541,risk_on_participation,우호적 위험선호장 참여 민감도
EFA,EFA,etf,semiconductor_ai_cycle_shock,Semiconductor / AI Cycle Shock,AI·반도체 사이클 충격장,korea_semiconductor,0.283299,-0.001541,0.31641,positive,0.283299,low,35.914571,rolling_beta,v3,1,1262,1262,6,market,pass,N,,2026-05-19,0,0.0,0.0,medium,N,scenario inactive,inactive scenario,0.319676,0.31641,-0.001541,semiconductor_ai_shock_vulnerable,"AI capex 기대와 반도체 모멘텀이 꺾이면서 미국 성장주와 한국 반도체 대형주가 동시에 압박받는 장세입니다. SOXX, AI leader basket, 한국 반도체 basket의 동반 약세와 원화 압력을 함께 봅니다."
EFA,EFA,etf,korea_domestic_financial_stress,Korea Domestic Financial Stress,한국 내수 금융스트레스장,korea_market,-0.039217,-0.001541,0.095614,neutral,0.039217,low,24.490447,rolling_beta,v3,1,4283,4283,5,seed,pass,Y,,2026-05-19,0,0.0,0.0,low,N,scenario inactive,inactive scenario,0.115021,0.095614,-0.001541,korea_financial_stress_hedge,"가계부채, 부동산 PF, 비은행권, 금융주와 건설주 스트레스가 한국 자산 전반으로 번지는 장세입니다. 금융/건설 basket, 신용 spread, 단기자금 spread, 원화 약세를 함께 점검합니다."
EFA,EFA,etf,slowdown_recession_deflation_risk,Slowdown / Recession / Deflation Risk,경기둔화/침체 우려장,us_global,0.662759,-0.001541,0.96541,positive,0.662759,medium,62.915468,rolling_beta,v3,1,4862,4862,3,market,pass,N,,2026-05-19,0,0.0,0.0,high,N,scenario inactive,inactive scenario,0.936678,0.96541,-0.001541,slowdown_vulnerable,수요 둔화와 침체/디플레이션 압력이 커지는 방어적 장세입니다. 주식 beta와 신용위험을 보수적으로 봅니다.
ETH-USD,ETH-USD,crypto,higher_for_longer_long_rate_shock,Higher-for-Longer / Long-Rate Shock,장기금리 부담장,us_global,0.588905,0.00827,1.368258,positive,0.588905,medium,84.792857,rolling_beta,v3,1,2140,2140,3,market,pass,N,,2026-05-19,1,0.957691,0.957691,high,Y,trade-gated adverse scenario with medium/high evidence,active market context,1.252555,1.368258,0.00827,rate_sensitive,crypto는 방어자산이 아니라 조건부 diversifier로만 해석
ETH-USD,ETH-USD,crypto,usd_strength_krw_weakness,USD Strength / KRW Weakness,달러강세/원화약세장,fx_krw,-0.036861,0.00827,0.0109,neutral,0.036861,low,55.911083,rolling_beta,v3,1,2085,2085,4,market,pass,N,,2026-05-19,1,0.741605,0.0,high,N,below ACTIVE confidence/coverage trade-gate threshold,active market context,0.607084,0.0109,0.00827,krw_weakness_hedge,crypto는 방어자산이 아니라 조건부 diversifier로만 해석
ETH-USD,ETH-USD,crypto,stagflation_reinflation_energy_shock,Stagflation / Reinflation / Energy Shock,물가·에너지 재상승장,us_global,0.231651,0.00827,1.252555,positive,0.231651,low,72.569021,rolling_beta,v3,1,2140,2140,2,market,pass,N,,2026-05-19,1,0.74313,0.74313,high,Y,trade-gated adverse scenario with medium/high evidence,active market context,0.149246,,0.00827,stagflation_vulnerable,crypto는 방어자산이 아니라 조건부 diversifier로만 해석
ETH-USD,ETH-USD,crypto,china_trade_fragmentation_shock,China / Trade Fragmentation Shock,중국·무역분절 충격장,china_asia,-0.056233,0.00827,0.0109,negative,0.056233,low,46.541871,rolling_beta,v3,1,1262,1262,5,market,pass,N,,2026-05-19,1,0.691684,0.0,medium,N,below ACTIVE confidence/coverage trade-gate threshold,active market context,-0.021168,0.0109,0.00827,china_asia_shock_hedge,crypto는 방어자산이 아니라 조건부 diversifier로만 해석
ETH-USD,ETH-USD,crypto,acute_global_stress_liquidity_crunch,Acute Global Stress / Liquidity Crunch,급성 리스크오프/유동성 경색장,us_global,0.316767,0.00827,1.368258,positive,0.316767,medium,59.880692,rolling_beta,v3,1,2140,2140,3,market,pass,N,,2026-05-19,1,0.405911,0.0,high,N,context only: WATCH state,context only: WATCH state,1.252555,1.368258,0.00827,liquidity_stress_vulnerable,crypto는 방어자산이 아니라 조건부 diversifier로만 해석
ETH-USD,ETH-USD,crypto,geopolitical_escalation_supply_shock,Geopolitical Escalation / Supply Shock,지정학 확전·공급충격장,geopolitical,0.158276,0.00827,1.252555,positive,0.158276,low,68.226901,rolling_beta,v3,1,2140,2140,3,manual,pass,Y,,2026-05-19,1,0.401425,0.0,medium,N,context only: source_quality=manual,context only: source_quality=manual,0.149246,,0.00827,geopolitical_supply_shock_vulnerable,crypto는 방어자산이 아니라 조건부 diversifier로만 해석
ETH-USD,ETH-USD,crypto,soft_landing_goldilocks,Soft Landing / Goldilocks,우호적 위험선호장,us_global,1.252555,0.00827,1.368258,positive,1.252555,high,52.393619,rolling_beta,v3,1,2140,2140,3,market,pass,N,,2026-05-19,1,0.385976,0.0,high,N,non-adverse scenario,context only: WATCH state,1.252555,1.368258,0.00827,risk_on_participation,우호적 위험선호장 참여 민감도; crypto는 방어자산이 아니라 조건부 diversifier로만 해석
ETH-USD,ETH-USD,crypto,semiconductor_ai_cycle_shock,Semiconductor / AI Cycle Shock,AI·반도체 사이클 충격장,korea_semiconductor,0.473641,0.00827,0.765334,positive,0.473641,medium,35.914571,rolling_beta,v3,1,1262,1262,6,market,pass,N,,2026-05-19,0,0.0,0.0,medium,N,scenario inactive,inactive scenario,0.724375,0.765334,0.00827,semiconductor_ai_shock_vulnerable,crypto는 방어자산이 아니라 조건부 diversifier로만 해석
ETH-USD,ETH-USD,crypto,korea_domestic_financial_stress,Korea Domestic Financial Stress,한국 내수 금융스트레스장,korea_market,-0.315681,0.00827,0.0109,negative,0.315681,medium,24.490447,rolling_beta,v3,1,2084,2084,5,seed,pass,Y,,2026-05-19,0,0.0,0.0,low,N,scenario inactive,inactive scenario,-0.021168,0.0109,0.00827,korea_financial_stress_hedge,crypto는 방어자산이 아니라 조건부 diversifier로만 해석
ETH-USD,ETH-USD,crypto,slowdown_recession_deflation_risk,Slowdown / Recession / Deflation Risk,경기둔화/침체 우려장,us_global,0.52472,0.00827,1.368258,positive,0.52472,medium,62.915468,rolling_beta,v3,1,2140,2140,3,market,pass,N,,2026-05-19,0,0.0,0.0,high,N,scenario inactive,inactive scenario,1.252555,1.368258,0.00827,slowdown_vulnerable,crypto는 방어자산이 아니라 조건부 diversifier로만 해석
EWY,EWY,etf,higher_for_longer_long_rate_shock,Higher-for-Longer / Long-Rate Shock,장기금리 부담장,us_global,0.437131,-0.003203,0.991222,positive,0.437131,medium,84.792857,rolling_beta,v3,1,4862,4862,3,market,pass,N,,2026-05-19,1,0.957691,0.957691,high,Y,trade-gated adverse scenario with medium/high evidence,active market context,0.976603,0.991222,-0.003203,rate_sensitive,장기금리와 달러 강세 부담이 채권·성장주·신용자산을 압박하는 장세입니다. 고밸류 성장주와 반도체 factor 민감도를 점검합니다.
EWY,EWY,etf,usd_strength_krw_weakness,USD Strength / KRW Weakness,달러강세/원화약세장,fx_krw,0.361479,-0.003203,0.462773,positive,0.361479,medium,55.911083,rolling_beta,v3,1,4283,4283,4,market,pass,N,,2026-05-19,1,0.741605,0.0,high,N,below ACTIVE confidence/coverage trade-gate threshold,active market context,0.13513,0.462773,-0.003203,krw_weakness_vulnerable,달러가 강하고 원화가 약해져 KRW 기준 투자자의 환율 리스크가 커지는 장세입니다. 한국 자산과 USD 노출의 역할을 분리해 봅니다.
EWY,EWY,etf,stagflation_reinflation_energy_shock,Stagflation / Reinflation / Energy Shock,물가·에너지 재상승장,us_global,0.421894,-0.003203,0.976603,positive,0.421894,medium,72.569021,rolling_beta,v3,1,4862,4862,2,market,pass,N,,2026-05-19,1,0.74313,0.74313,high,Y,trade-gated adverse scenario with medium/high evidence,active market context,0.208139,,-0.003203,stagflation_vulnerable,성장 부담이 있는데 유가·원자재·인플레이션 압력이 다시 커지는 장세입니다. 에너지/원자재 수혜와 장기채 부담을 함께 봅니다.
EWY,EWY,etf,china_trade_fragmentation_shock,China / Trade Fragmentation Shock,중국·무역분절 충격장,china_asia,0.489266,-0.003203,0.462773,positive,0.489266,medium,46.541871,rolling_beta,v3,1,1262,1262,5,market,pass,N,,2026-05-19,1,0.691684,0.0,medium,N,below ACTIVE confidence/coverage trade-gate threshold,active market context,0.605687,0.462773,-0.003203,china_asia_shock_vulnerable,중국 경기·무역갈등·공급망 충격이 한국/아시아와 반도체 자산에 번지는 장세입니다. 한국 반도체 factor와 원화 약세를 함께 확인합니다.
EWY,EWY,etf,acute_global_stress_liquidity_crunch,Acute Global Stress / Liquidity Crunch,급성 리스크오프/유동성 경색장,us_global,0.681281,-0.003203,0.991222,positive,0.681281,medium,59.880692,rolling_beta,v3,1,4862,4862,3,market,pass,N,,2026-05-19,1,0.405911,0.0,high,N,context only: WATCH state,context only: WATCH state,0.976603,0.991222,-0.003203,liquidity_stress_vulnerable,변동성이 튀고 위험자산이 동반 약세를 보이는 단기 스트레스 장세입니다. 상관관계 상승과 유동성 악화를 우선 점검합니다.
EWY,EWY,etf,geopolitical_escalation_supply_shock,Geopolitical Escalation / Supply Shock,지정학 확전·공급충격장,geopolitical,0.49888,-0.003203,0.976603,positive,0.49888,medium,68.226901,rolling_beta,v3,1,4283,4283,3,manual,pass,Y,,2026-05-19,1,0.401425,0.0,medium,N,context only: source_quality=manual,context only: source_quality=manual,0.208139,,-0.003203,geopolitical_supply_shock_vulnerable,"전쟁, 제재, 해상로 차질, 대만·중동·한반도 긴장처럼 유가·금·방산·변동성이 동시에 움직이는 이벤트성 충격 장세입니다. 뉴스 overlay는 가격 신호를 보강하는 용도로만 해석합니다."
EWY,EWY,etf,soft_landing_goldilocks,Soft Landing / Goldilocks,우호적 위험선호장,us_global,0.976603,-0.003203,0.991222,positive,0.976603,high,52.393619,rolling_beta,v3,1,4862,4862,3,market,pass,N,,2026-05-19,1,0.385976,0.0,high,N,non-adverse scenario,context only: WATCH state,0.976603,0.991222,-0.003203,risk_on_participation,우호적 위험선호장 참여 민감도
EWY,EWY,etf,semiconductor_ai_cycle_shock,Semiconductor / AI Cycle Shock,AI·반도체 사이클 충격장,korea_semiconductor,0.579897,-0.003203,0.46235,positive,0.579897,medium,35.914571,rolling_beta,v3,1,1262,1262,6,market,pass,N,,2026-05-19,0,0.0,0.0,medium,N,scenario inactive,inactive scenario,0.484408,0.46235,-0.003203,semiconductor_ai_shock_vulnerable,"AI capex 기대와 반도체 모멘텀이 꺾이면서 미국 성장주와 한국 반도체 대형주가 동시에 압박받는 장세입니다. SOXX, AI leader basket, 한국 반도체 basket의 동반 약세와 원화 압력을 함께 봅니다."
EWY,EWY,etf,korea_domestic_financial_stress,Korea Domestic Financial Stress,한국 내수 금융스트레스장,korea_market,0.328149,-0.003203,0.462773,positive,0.328149,medium,24.490447,rolling_beta,v3,1,4283,4283,5,seed,pass,Y,,2026-05-19,0,0.0,0.0,low,N,scenario inactive,inactive scenario,0.605687,0.462773,-0.003203,korea_financial_stress_vulnerable,"가계부채, 부동산 PF, 비은행권, 금융주와 건설주 스트레스가 한국 자산 전반으로 번지는 장세입니다. 금융/건설 basket, 신용 spread, 단기자금 spread, 원화 약세를 함께 점검합니다."
EWY,EWY,etf,slowdown_recession_deflation_risk,Slowdown / Recession / Deflation Risk,경기둔화/침체 우려장,us_global,0.746908,-0.003203,0.991222,positive,0.746908,medium,62.915468,rolling_beta,v3,1,4862,4862,3,market,pass,N,,2026-05-19,0,0.0,0.0,high,N,scenario inactive,inactive scenario,0.976603,0.991222,-0.003203,slowdown_vulnerable,수요 둔화와 침체/디플레이션 압력이 커지는 방어적 장세입니다. 주식 beta와 신용위험을 보수적으로 봅니다.
GLD,GLD,gold_etf,higher_for_longer_long_rate_shock,Higher-for-Longer / Long-Rate Shock,장기금리 부담장,us_global,0.045495,-0.000627,0.268143,neutral,0.045495,low,84.792857,rolling_beta,v3,1,4862,4862,3,market,pass,N,,2026-05-19,1,0.957691,0.957691,high,Y,trade-gated adverse scenario with medium/high evidence,active market context,0.264537,0.268143,-0.000627,rate_sensitive,장기금리와 달러 강세 부담이 채권·성장주·신용자산을 압박하는 장세입니다. 고밸류 성장주와 반도체 factor 민감도를 점검합니다.
GLD,GLD,gold_etf,usd_strength_krw_weakness,USD Strength / KRW Weakness,달러강세/원화약세장,fx_krw,-0.283866,-0.000627,0.0,negative,0.283866,low,55.911083,rolling_beta,v3,1,4283,4283,4,market,pass,N,,2026-05-19,1,0.741605,0.0,high,N,below ACTIVE confidence/coverage trade-gate threshold,active market context,0.851358,-0.037696,-0.000627,krw_weakness_hedge,달러가 강하고 원화가 약해져 KRW 기준 투자자의 환율 리스크가 커지는 장세입니다. 한국 자산과 USD 노출의 역할을 분리해 봅니다.
GLD,GLD,gold_etf,stagflation_reinflation_energy_shock,Stagflation / Reinflation / Energy Shock,물가·에너지 재상승장,us_global,-0.341726,-0.000627,0.264537,negative,0.341726,medium,72.569021,rolling_beta,v3,1,4862,4862,2,market,pass,N,,2026-05-19,1,0.74313,0.74313,high,Y,trade-gated adverse scenario with medium/high evidence,active market context,0.149802,,-0.000627,inflation_hedge,성장 부담이 있는데 유가·원자재·인플레이션 압력이 다시 커지는 장세입니다. 에너지/원자재 수혜와 장기채 부담을 함께 봅니다.
GLD,GLD,gold_etf,china_trade_fragmentation_shock,China / Trade Fragmentation Shock,중국·무역분절 충격장,china_asia,-0.031407,-0.000627,0.0,neutral,0.031407,low,46.541871,rolling_beta,v3,1,1262,1262,5,market,pass,N,,2026-05-19,1,0.691684,0.0,medium,N,below ACTIVE confidence/coverage trade-gate threshold,active market context,-0.059866,-0.037696,-0.000627,china_asia_shock_hedge,중국 경기·무역갈등·공급망 충격이 한국/아시아와 반도체 자산에 번지는 장세입니다. 한국 반도체 factor와 원화 약세를 함께 확인합니다.
GLD,GLD,gold_etf,acute_global_stress_liquidity_crunch,Acute Global Stress / Liquidity Crunch,급성 리스크오프/유동성 경색장,us_global,-0.12627,-0.000627,0.268143,negative,0.12627,low,59.880692,rolling_beta,v3,1,4862,4862,3,market,pass,N,,2026-05-19,1,0.405911,0.0,high,N,context only: WATCH state,context only: WATCH state,0.264537,0.268143,-0.000627,liquidity_stress_defense,변동성이 튀고 위험자산이 동반 약세를 보이는 단기 스트레스 장세입니다. 상관관계 상승과 유동성 악화를 우선 점검합니다.
GLD,GLD,gold_etf,geopolitical_escalation_supply_shock,Geopolitical Escalation / Supply Shock,지정학 확전·공급충격장,geopolitical,-0.579003,-0.000627,0.264537,negative,0.579003,medium,68.226901,rolling_beta,v3,1,4283,4283,3,manual,pass,Y,,2026-05-19,1,0.401425,0.0,medium,N,context only: source_quality=manual,context only: source_quality=manual,0.149802,,-0.000627,geopolitical_supply_shock_hedge,"전쟁, 제재, 해상로 차질, 대만·중동·한반도 긴장처럼 유가·금·방산·변동성이 동시에 움직이는 이벤트성 충격 장세입니다. 뉴스 overlay는 가격 신호를 보강하는 용도로만 해석합니다."
GLD,GLD,gold_etf,soft_landing_goldilocks,Soft Landing / Goldilocks,우호적 위험선호장,us_global,0.264537,-0.000627,0.268143,positive,0.264537,low,52.393619,rolling_beta,v3,1,4862,4862,3,market,pass,N,,2026-05-19,1,0.385976,0.0,high,N,non-adverse scenario,context only: WATCH state,0.264537,0.268143,-0.000627,risk_on_participation,우호적 위험선호장 참여 민감도
GLD,GLD,gold_etf,semiconductor_ai_cycle_shock,Semiconductor / AI Cycle Shock,AI·반도체 사이클 충격장,korea_semiconductor,-0.208585,-0.000627,0.090221,negative,0.208585,low,35.914571,rolling_beta,v3,1,1262,1262,6,market,pass,N,,2026-05-19,0,0.0,0.0,medium,N,scenario inactive,inactive scenario,0.09033,0.090221,-0.000627,semiconductor_ai_shock_hedge,"AI capex 기대와 반도체 모멘텀이 꺾이면서 미국 성장주와 한국 반도체 대형주가 동시에 압박받는 장세입니다. SOXX, AI leader basket, 한국 반도체 basket의 동반 약세와 원화 압력을 함께 봅니다."
GLD,GLD,gold_etf,korea_domestic_financial_stress,Korea Domestic Financial Stress,한국 내수 금융스트레스장,korea_market,-0.35661,-0.000627,0.0,negative,0.35661,medium,24.490447,rolling_beta,v3,1,4283,4283,5,seed,pass,Y,,2026-05-19,0,0.0,0.0,low,N,scenario inactive,inactive scenario,-0.059866,-0.037696,-0.000627,korea_financial_stress_hedge,"가계부채, 부동산 PF, 비은행권, 금융주와 건설주 스트레스가 한국 자산 전반으로 번지는 장세입니다. 금융/건설 basket, 신용 spread, 단기자금 spread, 원화 약세를 함께 점검합니다."
GLD,GLD,gold_etf,slowdown_recession_deflation_risk,Slowdown / Recession / Deflation Risk,경기둔화/침체 우려장,us_global,-0.156091,-0.000627,0.268143,negative,0.156091,low,62.915468,rolling_beta,v3,1,4862,4862,3,market,pass,N,,2026-05-19,0,0.0,0.0,high,N,scenario inactive,inactive scenario,0.264537,0.268143,-0.000627,slowdown_defense,수요 둔화와 침체/디플레이션 압력이 커지는 방어적 장세입니다. 주식 beta와 신용위험을 보수적으로 봅니다.
GOOGL,GOOGL,us_stock,higher_for_longer_long_rate_shock,Higher-for-Longer / Long-Rate Shock,장기금리 부담장,us_global,0.463552,-0.003505,0.992943,positive,0.463552,medium,84.792857,rolling_beta,v3,1,4862,4862,3,market,pass,N,,2026-05-19,1,0.957691,0.957691,high,Y,trade-gated adverse scenario with medium/high evidence,active market context,1.02464,0.992943,-0.003505,rate_sensitive,장기금리와 달러 강세 부담이 채권·성장주·신용자산을 압박하는 장세입니다. 고밸류 성장주와 반도체 factor 민감도를 점검합니다.
GOOGL,GOOGL,us_stock,usd_strength_krw_weakness,USD Strength / KRW Weakness,달러강세/원화약세장,fx_krw,-0.09384,-0.003505,0.007287,negative,0.09384,low,55.911083,rolling_beta,v3,1,4283,4283,4,market,pass,N,,2026-05-19,1,0.741605,0.0,high,N,below ACTIVE confidence/coverage trade-gate threshold,active market context,0.617748,0.007287,-0.003505,krw_weakness_hedge,달러가 강하고 원화가 약해져 KRW 기준 투자자의 환율 리스크가 커지는 장세입니다. 한국 자산과 USD 노출의 역할을 분리해 봅니다.
GOOGL,GOOGL,us_stock,stagflation_reinflation_energy_shock,Stagflation / Reinflation / Energy Shock,물가·에너지 재상승장,us_global,0.446241,-0.003505,1.02464,positive,0.446241,medium,72.569021,rolling_beta,v3,1,4862,4862,2,market,pass,N,,2026-05-19,1,0.74313,0.74313,high,Y,trade-gated adverse scenario with medium/high evidence,active market context,0.185111,,-0.003505,stagflation_vulnerable,성장 부담이 있는데 유가·원자재·인플레이션 압력이 다시 커지는 장세입니다. 에너지/원자재 수혜와 장기채 부담을 함께 봅니다.
GOOGL,GOOGL,us_stock,china_trade_fragmentation_shock,China / Trade Fragmentation Shock,중국·무역분절 충격장,china_asia,0.192545,-0.003505,0.007287,positive,0.192545,low,46.541871,rolling_beta,v3,1,1262,1262,5,market,pass,N,,2026-05-19,1,0.691684,0.0,medium,N,below ACTIVE confidence/coverage trade-gate threshold,active market context,0.050396,0.007287,-0.003505,china_asia_shock_vulnerable,중국 경기·무역갈등·공급망 충격이 한국/아시아와 반도체 자산에 번지는 장세입니다. 한국 반도체 factor와 원화 약세를 함께 확인합니다.
GOOGL,GOOGL,us_stock,acute_global_stress_liquidity_crunch,Acute Global Stress / Liquidity Crunch,급성 리스크오프/유동성 경색장,us_global,0.721263,-0.003505,0.992943,positive,0.721263,medium,59.880692,rolling_beta,v3,1,4862,4862,3,market,pass,N,,2026-05-19,1,0.405911,0.0,high,N,context only: WATCH state,context only: WATCH state,1.02464,0.992943,-0.003505,liquidity_stress_vulnerable,변동성이 튀고 위험자산이 동반 약세를 보이는 단기 스트레스 장세입니다. 상관관계 상승과 유동성 악화를 우선 점검합니다.
GOOGL,GOOGL,us_stock,geopolitical_escalation_supply_shock,Geopolitical Escalation / Supply Shock,지정학 확전·공급충격장,geopolitical,0.397311,-0.003505,1.02464,positive,0.397311,medium,68.226901,rolling_beta,v3,1,4283,4283,3,manual,pass,Y,,2026-05-19,1,0.401425,0.0,medium,N,context only: source_quality=manual,context only: source_quality=manual,0.185111,,-0.003505,geopolitical_supply_shock_vulnerable,"전쟁, 제재, 해상로 차질, 대만·중동·한반도 긴장처럼 유가·금·방산·변동성이 동시에 움직이는 이벤트성 충격 장세입니다. 뉴스 overlay는 가격 신호를 보강하는 용도로만 해석합니다."
GOOGL,GOOGL,us_stock,soft_landing_goldilocks,Soft Landing / Goldilocks,우호적 위험선호장,us_global,1.02464,-0.003505,0.992943,positive,1.02464,high,52.393619,rolling_beta,v3,1,4862,4862,3,market,pass,N,,2026-05-19,1,0.385976,0.0,high,N,non-adverse scenario,context only: WATCH state,1.02464,0.992943,-0.003505,risk_on_participation,우호적 위험선호장 참여 민감도
GOOGL,GOOGL,us_stock,semiconductor_ai_cycle_shock,Semiconductor / AI Cycle Shock,AI·반도체 사이클 충격장,korea_semiconductor,0.629151,-0.003505,0.526867,positive,0.629151,medium,35.914571,rolling_beta,v3,1,1262,1262,6,market,pass,N,,2026-05-19,0,0.0,0.0,medium,N,scenario inactive,inactive scenario,0.50591,0.526867,-0.003505,semiconductor_ai_shock_vulnerable,"AI capex 기대와 반도체 모멘텀이 꺾이면서 미국 성장주와 한국 반도체 대형주가 동시에 압박받는 장세입니다. SOXX, AI leader basket, 한국 반도체 basket의 동반 약세와 원화 압력을 함께 봅니다."
GOOGL,GOOGL,us_stock,korea_domestic_financial_stress,Korea Domestic Financial Stress,한국 내수 금융스트레스장,korea_market,-0.002082,-0.003505,0.007287,neutral,0.002082,low,24.490447,rolling_beta,v3,1,4283,4283,5,seed,pass,Y,,2026-05-19,0,0.0,0.0,low,N,scenario inactive,inactive scenario,0.050396,0.007287,-0.003505,korea_financial_stress_hedge,"가계부채, 부동산 PF, 비은행권, 금융주와 건설주 스트레스가 한국 자산 전반으로 번지는 장세입니다. 금융/건설 basket, 신용 spread, 단기자금 spread, 원화 약세를 함께 점검합니다."
GOOGL,GOOGL,us_stock,slowdown_recession_deflation_risk,Slowdown / Recession / Deflation Risk,경기둔화/침체 우려장,us_global,0.78868,-0.003505,0.992943,positive,0.78868,high,62.915468,rolling_beta,v3,1,4862,4862,3,market,pass,N,,2026-05-19,0,0.0,0.0,high,N,scenario inactive,inactive scenario,1.02464,0.992943,-0.003505,slowdown_vulnerable,수요 둔화와 침체/디플레이션 압력이 커지는 방어적 장세입니다. 주식 beta와 신용위험을 보수적으로 봅니다.
HD,HD,us_stock,higher_for_longer_long_rate_shock,Higher-for-Longer / Long-Rate Shock,장기금리 부담장,us_global,0.448803,0.000454,0.986758,positive,0.448803,medium,84.792857,rolling_beta,v3,1,4862,4862,3,market,pass,N,,2026-05-19,1,0.957691,0.957691,high,Y,trade-gated adverse scenario with medium/high evidence,active market context,0.997824,0.986758,0.000454,rate_sensitive,장기금리와 달러 강세 부담이 채권·성장주·신용자산을 압박하는 장세입니다. 고밸류 성장주와 반도체 factor 민감도를 점검합니다.
HD,HD,us_stock,usd_strength_krw_weakness,USD Strength / KRW Weakness,달러강세/원화약세장,fx_krw,-0.100544,0.000454,0.0,negative,0.100544,low,55.911083,rolling_beta,v3,1,4283,4283,4,market,pass,N,,2026-05-19,1,0.741605,0.0,high,N,below ACTIVE confidence/coverage trade-gate threshold,active market context,0.702673,-0.007255,0.000454,krw_weakness_hedge,달러가 강하고 원화가 약해져 KRW 기준 투자자의 환율 리스크가 커지는 장세입니다. 한국 자산과 USD 노출의 역할을 분리해 봅니다.
HD,HD,us_stock,stagflation_reinflation_energy_shock,Stagflation / Reinflation / Energy Shock,물가·에너지 재상승장,us_global,0.337897,0.000454,0.997824,positive,0.337897,medium,72.569021,rolling_beta,v3,1,4862,4862,2,market,pass,N,,2026-05-19,1,0.74313,0.74313,high,Y,trade-gated adverse scenario with medium/high evidence,active market context,0.174825,,0.000454,stagflation_vulnerable,성장 부담이 있는데 유가·원자재·인플레이션 압력이 다시 커지는 장세입니다. 에너지/원자재 수혜와 장기채 부담을 함께 봅니다.
HD,HD,us_stock,china_trade_fragmentation_shock,China / Trade Fragmentation Shock,중국·무역분절 충격장,china_asia,0.088224,0.000454,0.0,positive,0.088224,low,46.541871,rolling_beta,v3,1,1262,1262,5,market,pass,N,,2026-05-19,1,0.691684,0.0,medium,N,below ACTIVE confidence/coverage trade-gate threshold,active market context,0.022547,-0.007255,0.000454,china_asia_shock_vulnerable,중국 경기·무역갈등·공급망 충격이 한국/아시아와 반도체 자산에 번지는 장세입니다. 한국 반도체 factor와 원화 약세를 함께 확인합니다.
HD,HD,us_stock,acute_global_stress_liquidity_crunch,Acute Global Stress / Liquidity Crunch,급성 리스크오프/유동성 경색장,us_global,0.528389,0.000454,0.986758,positive,0.528389,medium,59.880692,rolling_beta,v3,1,4862,4862,3,market,pass,N,,2026-05-19,1,0.405911,0.0,high,N,context only: WATCH state,context only: WATCH state,0.997824,0.986758,0.000454,liquidity_stress_vulnerable,변동성이 튀고 위험자산이 동반 약세를 보이는 단기 스트레스 장세입니다. 상관관계 상승과 유동성 악화를 우선 점검합니다.
HD,HD,us_stock,geopolitical_escalation_supply_shock,Geopolitical Escalation / Supply Shock,지정학 확전·공급충격장,geopolitical,0.301926,0.000454,0.997824,positive,0.301926,medium,68.226901,rolling_beta,v3,1,4283,4283,3,manual,pass,Y,,2026-05-19,1,0.401425,0.0,medium,N,context only: source_quality=manual,context only: source_quality=manual,0.174825,,0.000454,geopolitical_supply_shock_vulnerable,"전쟁, 제재, 해상로 차질, 대만·중동·한반도 긴장처럼 유가·금·방산·변동성이 동시에 움직이는 이벤트성 충격 장세입니다. 뉴스 overlay는 가격 신호를 보강하는 용도로만 해석합니다."
HD,HD,us_stock,soft_landing_goldilocks,Soft Landing / Goldilocks,우호적 위험선호장,us_global,0.997824,0.000454,0.986758,positive,0.997824,high,52.393619,rolling_beta,v3,1,4862,4862,3,market,pass,N,,2026-05-19,1,0.385976,0.0,high,N,non-adverse scenario,context only: WATCH state,0.997824,0.986758,0.000454,risk_on_participation,우호적 위험선호장 참여 민감도
HD,HD,us_stock,semiconductor_ai_cycle_shock,Semiconductor / AI Cycle Shock,AI·반도체 사이클 충격장,korea_semiconductor,0.228013,0.000454,0.243954,positive,0.228013,low,35.914571,rolling_beta,v3,1,1262,1262,6,market,pass,N,,2026-05-19,0,0.0,0.0,medium,N,scenario inactive,inactive scenario,0.295992,0.243954,0.000454,semiconductor_ai_shock_vulnerable,"AI capex 기대와 반도체 모멘텀이 꺾이면서 미국 성장주와 한국 반도체 대형주가 동시에 압박받는 장세입니다. SOXX, AI leader basket, 한국 반도체 basket의 동반 약세와 원화 압력을 함께 봅니다."
HD,HD,us_stock,korea_domestic_financial_stress,Korea Domestic Financial Stress,한국 내수 금융스트레스장,korea_market,-0.098049,0.000454,0.0,negative,0.098049,low,24.490447,rolling_beta,v3,1,4283,4283,5,seed,pass,Y,,2026-05-19,0,0.0,0.0,low,N,scenario inactive,inactive scenario,0.022547,-0.007255,0.000454,korea_financial_stress_hedge,"가계부채, 부동산 PF, 비은행권, 금융주와 건설주 스트레스가 한국 자산 전반으로 번지는 장세입니다. 금융/건설 basket, 신용 spread, 단기자금 spread, 원화 약세를 함께 점검합니다."
HD,HD,us_stock,slowdown_recession_deflation_risk,Slowdown / Recession / Deflation Risk,경기둔화/침체 우려장,us_global,0.632708,0.000454,0.986758,positive,0.632708,medium,62.915468,rolling_beta,v3,1,4862,4862,3,market,pass,N,,2026-05-19,0,0.0,0.0,high,N,scenario inactive,inactive scenario,0.997824,0.986758,0.000454,slowdown_vulnerable,수요 둔화와 침체/디플레이션 압력이 커지는 방어적 장세입니다. 주식 beta와 신용위험을 보수적으로 봅니다.
HYG,HYG,bond_etf,higher_for_longer_long_rate_shock,Higher-for-Longer / Long-Rate Shock,장기금리 부담장,us_global,0.621545,-0.001305,0.49202,positive,0.621545,medium,84.792857,rolling_beta,v3,1,4795,4795,3,market,pass,N,,2026-05-19,1,0.957691,0.957691,high,Y,trade-gated adverse scenario with medium/high evidence,active market context,0.493717,0.49202,-0.001305,rate_sensitive,장기금리와 달러 강세 부담이 채권·성장주·신용자산을 압박하는 장세입니다. 고밸류 성장주와 반도체 factor 민감도를 점검합니다.
HYG,HYG,bond_etf,usd_strength_krw_weakness,USD Strength / KRW Weakness,달러강세/원화약세장,fx_krw,-0.226571,-0.001305,0.009334,negative,0.226571,low,55.911083,rolling_beta,v3,1,4217,4217,4,market,pass,N,,2026-05-19,1,0.741605,0.0,high,N,below ACTIVE confidence/coverage trade-gate threshold,active market context,0.746701,0.009334,-0.001305,krw_weakness_hedge,달러가 강하고 원화가 약해져 KRW 기준 투자자의 환율 리스크가 커지는 장세입니다. 한국 자산과 USD 노출의 역할을 분리해 봅니다.
HYG,HYG,bond_etf,stagflation_reinflation_energy_shock,Stagflation / Reinflation / Energy Shock,물가·에너지 재상승장,us_global,0.405436,-0.001305,0.493717,positive,0.405436,medium,72.569021,rolling_beta,v3,1,4795,4795,2,market,pass,N,,2026-05-19,1,0.74313,0.74313,high,Y,trade-gated adverse scenario with medium/high evidence,active market context,0.134074,,-0.001305,stagflation_vulnerable,성장 부담이 있는데 유가·원자재·인플레이션 압력이 다시 커지는 장세입니다. 에너지/원자재 수혜와 장기채 부담을 함께 봅니다.
HYG,HYG,bond_etf,china_trade_fragmentation_shock,China / Trade Fragmentation Shock,중국·무역분절 충격장,china_asia,0.031378,-0.001305,0.009334,neutral,0.031378,low,46.541871,rolling_beta,v3,1,1262,1262,5,market,pass,N,,2026-05-19,1,0.691684,0.0,medium,N,below ACTIVE confidence/coverage trade-gate threshold,active market context,-0.021476,0.009334,-0.001305,china_asia_shock_vulnerable,중국 경기·무역갈등·공급망 충격이 한국/아시아와 반도체 자산에 번지는 장세입니다. 한국 반도체 factor와 원화 약세를 함께 확인합니다.
HYG,HYG,bond_etf,acute_global_stress_liquidity_crunch,Acute Global Stress / Liquidity Crunch,급성 리스크오프/유동성 경색장,us_global,0.030287,-0.001305,0.49202,neutral,0.030287,low,59.880692,rolling_beta,v3,1,4795,4795,3,market,pass,N,,2026-05-19,1,0.405911,0.0,high,N,context only: WATCH state,context only: WATCH state,0.493717,0.49202,-0.001305,liquidity_stress_vulnerable,변동성이 튀고 위험자산이 동반 약세를 보이는 단기 스트레스 장세입니다. 상관관계 상승과 유동성 악화를 우선 점검합니다.
HYG,HYG,bond_etf,geopolitical_escalation_supply_shock,Geopolitical Escalation / Supply Shock,지정학 확전·공급충격장,geopolitical,-0.072232,-0.001305,0.493717,negative,0.072232,low,68.226901,rolling_beta,v3,1,4217,4217,3,manual,pass,Y,,2026-05-19,1,0.401425,0.0,medium,N,context only: source_quality=manual,context only: source_quality=manual,0.134074,,-0.001305,geopolitical_supply_shock_hedge,"전쟁, 제재, 해상로 차질, 대만·중동·한반도 긴장처럼 유가·금·방산·변동성이 동시에 움직이는 이벤트성 충격 장세입니다. 뉴스 overlay는 가격 신호를 보강하는 용도로만 해석합니다."
HYG,HYG,bond_etf,soft_landing_goldilocks,Soft Landing / Goldilocks,우호적 위험선호장,us_global,0.493717,-0.001305,0.49202,positive,0.493717,medium,52.393619,rolling_beta,v3,1,4795,4795,3,market,pass,N,,2026-05-19,1,0.385976,0.0,high,N,non-adverse scenario,context only: WATCH state,0.493717,0.49202,-0.001305,risk_on_participation,우호적 위험선호장 참여 민감도
HYG,HYG,bond_etf,semiconductor_ai_cycle_shock,Semiconductor / AI Cycle Shock,AI·반도체 사이클 충격장,korea_semiconductor,-0.142092,-0.001305,0.140631,negative,0.142092,low,35.914571,rolling_beta,v3,1,1262,1262,6,market,pass,N,,2026-05-19,0,0.0,0.0,medium,N,scenario inactive,inactive scenario,0.150812,0.140631,-0.001305,semiconductor_ai_shock_hedge,"AI capex 기대와 반도체 모멘텀이 꺾이면서 미국 성장주와 한국 반도체 대형주가 동시에 압박받는 장세입니다. SOXX, AI leader basket, 한국 반도체 basket의 동반 약세와 원화 압력을 함께 봅니다."
HYG,HYG,bond_etf,korea_domestic_financial_stress,Korea Domestic Financial Stress,한국 내수 금융스트레스장,korea_market,-0.25536,-0.001305,0.009334,negative,0.25536,low,24.490447,rolling_beta,v3,1,4217,4217,5,seed,pass,Y,,2026-05-19,0,0.0,0.0,low,N,scenario inactive,inactive scenario,-0.021476,0.009334,-0.001305,korea_financial_stress_hedge,"가계부채, 부동산 PF, 비은행권, 금융주와 건설주 스트레스가 한국 자산 전반으로 번지는 장세입니다. 금융/건설 basket, 신용 spread, 단기자금 spread, 원화 약세를 함께 점검합니다."
HYG,HYG,bond_etf,slowdown_recession_deflation_risk,Slowdown / Recession / Deflation Risk,경기둔화/침체 우려장,us_global,0.016605,-0.001305,0.49202,neutral,0.016605,low,62.915468,rolling_beta,v3,1,4795,4795,3,market,pass,N,,2026-05-19,0,0.0,0.0,high,N,scenario inactive,inactive scenario,0.493717,0.49202,-0.001305,slowdown_vulnerable,수요 둔화와 침체/디플레이션 압력이 커지는 방어적 장세입니다. 주식 beta와 신용위험을 보수적으로 봅니다.
IAU,IAU,gold_etf,higher_for_longer_long_rate_shock,Higher-for-Longer / Long-Rate Shock,장기금리 부담장,us_global,0.044683,-0.000527,0.265932,neutral,0.044683,low,84.792857,rolling_beta,v3,1,4862,4862,3,market,pass,N,,2026-05-19,1,0.957691,0.957691,high,Y,trade-gated adverse scenario with medium/high evidence,active market context,0.26306,0.265932,-0.000527,rate_sensitive,장기금리와 달러 강세 부담이 채권·성장주·신용자산을 압박하는 장세입니다. 고밸류 성장주와 반도체 factor 민감도를 점검합니다.
IAU,IAU,gold_etf,usd_strength_krw_weakness,USD Strength / KRW Weakness,달러강세/원화약세장,fx_krw,-0.284235,-0.000527,0.0,negative,0.284235,low,55.911083,rolling_beta,v3,1,4283,4283,4,market,pass,N,,2026-05-19,1,0.741605,0.0,high,N,below ACTIVE confidence/coverage trade-gate threshold,active market context,0.852937,-0.03531,-0.000527,krw_weakness_hedge,달러가 강하고 원화가 약해져 KRW 기준 투자자의 환율 리스크가 커지는 장세입니다. 한국 자산과 USD 노출의 역할을 분리해 봅니다.
IAU,IAU,gold_etf,stagflation_reinflation_energy_shock,Stagflation / Reinflation / Energy Shock,물가·에너지 재상승장,us_global,-0.344751,-0.000527,0.26306,negative,0.344751,medium,72.569021,rolling_beta,v3,1,4862,4862,2,market,pass,N,,2026-05-19,1,0.74313,0.74313,high,Y,trade-gated adverse scenario with medium/high evidence,active market context,0.150727,,-0.000527,inflation_hedge,성장 부담이 있는데 유가·원자재·인플레이션 압력이 다시 커지는 장세입니다. 에너지/원자재 수혜와 장기채 부담을 함께 봅니다.
IAU,IAU,gold_etf,china_trade_fragmentation_shock,China / Trade Fragmentation Shock,중국·무역분절 충격장,china_asia,-0.03421,-0.000527,0.0,neutral,0.03421,low,46.541871,rolling_beta,v3,1,1262,1262,5,market,pass,N,,2026-05-19,1,0.691684,0.0,medium,N,below ACTIVE confidence/coverage trade-gate threshold,active market context,-0.060023,-0.03531,-0.000527,china_asia_shock_hedge,중국 경기·무역갈등·공급망 충격이 한국/아시아와 반도체 자산에 번지는 장세입니다. 한국 반도체 factor와 원화 약세를 함께 확인합니다.
IAU,IAU,gold_etf,acute_global_stress_liquidity_crunch,Acute Global Stress / Liquidity Crunch,급성 리스크오프/유동성 경색장,us_global,-0.131596,-0.000527,0.265932,negative,0.131596,low,59.880692,rolling_beta,v3,1,4862,4862,3,market,pass,N,,2026-05-19,1,0.405911,0.0,high,N,context only: WATCH state,context only: WATCH state,0.26306,0.265932,-0.000527,liquidity_stress_defense,변동성이 튀고 위험자산이 동반 약세를 보이는 단기 스트레스 장세입니다. 상관관계 상승과 유동성 악화를 우선 점검합니다.
IAU,IAU,gold_etf,geopolitical_escalation_supply_shock,Geopolitical Escalation / Supply Shock,지정학 확전·공급충격장,geopolitical,-0.581721,-0.000527,0.26306,negative,0.581721,medium,68.226901,rolling_beta,v3,1,4283,4283,3,manual,pass,Y,,2026-05-19,1,0.401425,0.0,medium,N,context only: source_quality=manual,context only: source_quality=manual,0.150727,,-0.000527,geopolitical_supply_shock_hedge,"전쟁, 제재, 해상로 차질, 대만·중동·한반도 긴장처럼 유가·금·방산·변동성이 동시에 움직이는 이벤트성 충격 장세입니다. 뉴스 overlay는 가격 신호를 보강하는 용도로만 해석합니다."
IAU,IAU,gold_etf,soft_landing_goldilocks,Soft Landing / Goldilocks,우호적 위험선호장,us_global,0.26306,-0.000527,0.265932,positive,0.26306,low,52.393619,rolling_beta,v3,1,4862,4862,3,market,pass,N,,2026-05-19,1,0.385976,0.0,high,N,non-adverse scenario,context only: WATCH state,0.26306,0.265932,-0.000527,risk_on_participation,우호적 위험선호장 참여 민감도
IAU,IAU,gold_etf,semiconductor_ai_cycle_shock,Semiconductor / AI Cycle Shock,AI·반도체 사이클 충격장,korea_semiconductor,-0.209728,-0.000527,0.090709,negative,0.209728,low,35.914571,rolling_beta,v3,1,1262,1262,6,market,pass,N,,2026-05-19,0,0.0,0.0,medium,N,scenario inactive,inactive scenario,0.090043,0.090709,-0.000527,semiconductor_ai_shock_hedge,"AI capex 기대와 반도체 모멘텀이 꺾이면서 미국 성장주와 한국 반도체 대형주가 동시에 압박받는 장세입니다. SOXX, AI leader basket, 한국 반도체 basket의 동반 약세와 원화 압력을 함께 봅니다."
IAU,IAU,gold_etf,korea_domestic_financial_stress,Korea Domestic Financial Stress,한국 내수 금융스트레스장,korea_market,-0.358881,-0.000527,0.0,negative,0.358881,medium,24.490447,rolling_beta,v3,1,4283,4283,5,seed,pass,Y,,2026-05-19,0,0.0,0.0,low,N,scenario inactive,inactive scenario,-0.060023,-0.03531,-0.000527,korea_financial_stress_hedge,"가계부채, 부동산 PF, 비은행권, 금융주와 건설주 스트레스가 한국 자산 전반으로 번지는 장세입니다. 금융/건설 basket, 신용 spread, 단기자금 spread, 원화 약세를 함께 점검합니다."
IAU,IAU,gold_etf,slowdown_recession_deflation_risk,Slowdown / Recession / Deflation Risk,경기둔화/침체 우려장,us_global,-0.160561,-0.000527,0.265932,negative,0.160561,low,62.915468,rolling_beta,v3,1,4862,4862,3,market,pass,N,,2026-05-19,0,0.0,0.0,high,N,scenario inactive,inactive scenario,0.26306,0.265932,-0.000527,slowdown_defense,수요 둔화와 침체/디플레이션 압력이 커지는 방어적 장세입니다. 주식 beta와 신용위험을 보수적으로 봅니다.
IEF,IEF,bond_etf,higher_for_longer_long_rate_shock,Higher-for-Longer / Long-Rate Shock,장기금리 부담장,us_global,0.437466,0.000289,0.108459,positive,0.437466,medium,84.792857,rolling_beta,v3,1,4862,4862,3,market,pass,N,,2026-05-19,1,0.957691,0.957691,high,Y,trade-gated adverse scenario with medium/high evidence,active market context,0.159029,0.108459,0.000289,rate_sensitive,장기금리와 달러 강세 부담이 채권·성장주·신용자산을 압박하는 장세입니다. 고밸류 성장주와 반도체 factor 민감도를 점검합니다.
IEF,IEF,bond_etf,usd_strength_krw_weakness,USD Strength / KRW Weakness,달러강세/원화약세장,fx_krw,-0.310243,0.000289,0.0,negative,0.310243,medium,55.911083,rolling_beta,v3,1,4283,4283,4,market,pass,N,,2026-05-19,1,0.741605,0.0,high,N,below ACTIVE confidence/coverage trade-gate threshold,active market context,0.965981,-0.151172,0.000289,krw_weakness_hedge,달러가 강하고 원화가 약해져 KRW 기준 투자자의 환율 리스크가 커지는 장세입니다. 한국 자산과 USD 노출의 역할을 분리해 봅니다.
IEF,IEF,bond_etf,stagflation_reinflation_energy_shock,Stagflation / Reinflation / Energy Shock,물가·에너지 재상승장,us_global,0.248443,0.000289,0.159029,positive,0.248443,low,72.569021,rolling_beta,v3,1,4862,4862,2,market,pass,N,,2026-05-19,1,0.74313,0.74313,high,Y,trade-gated adverse scenario with medium/high evidence,active market context,0.045658,,0.000289,stagflation_vulnerable,성장 부담이 있는데 유가·원자재·인플레이션 압력이 다시 커지는 장세입니다. 에너지/원자재 수혜와 장기채 부담을 함께 봅니다.
IEF,IEF,bond_etf,china_trade_fragmentation_shock,China / Trade Fragmentation Shock,중국·무역분절 충격장,china_asia,-0.075411,0.000289,0.0,negative,0.075411,low,46.541871,rolling_beta,v3,1,1262,1262,5,market,pass,N,,2026-05-19,1,0.691684,0.0,medium,N,below ACTIVE confidence/coverage trade-gate threshold,active market context,-0.155599,-0.151172,0.000289,china_asia_shock_hedge,중국 경기·무역갈등·공급망 충격이 한국/아시아와 반도체 자산에 번지는 장세입니다. 한국 반도체 factor와 원화 약세를 함께 확인합니다.
IEF,IEF,bond_etf,acute_global_stress_liquidity_crunch,Acute Global Stress / Liquidity Crunch,급성 리스크오프/유동성 경색장,us_global,-0.225524,0.000289,0.108459,negative,0.225524,low,59.880692,rolling_beta,v3,1,4862,4862,3,market,pass,N,,2026-05-19,1,0.405911,0.0,high,N,context only: WATCH state,context only: WATCH state,0.159029,0.108459,0.000289,liquidity_stress_defense,변동성이 튀고 위험자산이 동반 약세를 보이는 단기 스트레스 장세입니다. 상관관계 상승과 유동성 악화를 우선 점검합니다.
IEF,IEF,bond_etf,geopolitical_escalation_supply_shock,Geopolitical Escalation / Supply Shock,지정학 확전·공급충격장,geopolitical,-0.200907,0.000289,0.159029,negative,0.200907,low,68.226901,rolling_beta,v3,1,4283,4283,3,manual,pass,Y,,2026-05-19,1,0.401425,0.0,medium,N,context only: source_quality=manual,context only: source_quality=manual,0.045658,,0.000289,geopolitical_supply_shock_hedge,"전쟁, 제재, 해상로 차질, 대만·중동·한반도 긴장처럼 유가·금·방산·변동성이 동시에 움직이는 이벤트성 충격 장세입니다. 뉴스 overlay는 가격 신호를 보강하는 용도로만 해석합니다."
IEF,IEF,bond_etf,soft_landing_goldilocks,Soft Landing / Goldilocks,우호적 위험선호장,us_global,0.159029,0.000289,0.108459,positive,0.159029,low,52.393619,rolling_beta,v3,1,4862,4862,3,market,pass,N,,2026-05-19,1,0.385976,0.0,high,N,non-adverse scenario,context only: WATCH state,0.159029,0.108459,0.000289,neutral_or_defensive,우호적 위험선호장 참여 민감도
IEF,IEF,bond_etf,semiconductor_ai_cycle_shock,Semiconductor / AI Cycle Shock,AI·반도체 사이클 충격장,korea_semiconductor,-0.273297,0.000289,0.000875,negative,0.273297,low,35.914571,rolling_beta,v3,1,1262,1262,6,market,pass,N,,2026-05-19,0,0.0,0.0,medium,N,scenario inactive,inactive scenario,0.033671,0.000875,0.000289,semiconductor_ai_shock_hedge,"AI capex 기대와 반도체 모멘텀이 꺾이면서 미국 성장주와 한국 반도체 대형주가 동시에 압박받는 장세입니다. SOXX, AI leader basket, 한국 반도체 basket의 동반 약세와 원화 압력을 함께 봅니다."
IEF,IEF,bond_etf,korea_domestic_financial_stress,Korea Domestic Financial Stress,한국 내수 금융스트레스장,korea_market,-0.36232,0.000289,0.0,negative,0.36232,medium,24.490447,rolling_beta,v3,1,4283,4283,5,seed,pass,Y,,2026-05-19,0,0.0,0.0,low,N,scenario inactive,inactive scenario,-0.155599,-0.151172,0.000289,korea_financial_stress_hedge,"가계부채, 부동산 PF, 비은행권, 금융주와 건설주 스트레스가 한국 자산 전반으로 번지는 장세입니다. 금융/건설 basket, 신용 spread, 단기자금 spread, 원화 약세를 함께 점검합니다."
IEF,IEF,bond_etf,slowdown_recession_deflation_risk,Slowdown / Recession / Deflation Risk,경기둔화/침체 우려장,us_global,-0.256735,0.000289,0.108459,negative,0.256735,low,62.915468,rolling_beta,v3,1,4862,4862,3,market,pass,N,,2026-05-19,0,0.0,0.0,high,N,scenario inactive,inactive scenario,0.159029,0.108459,0.000289,slowdown_defense,수요 둔화와 침체/디플레이션 압력이 커지는 방어적 장세입니다. 주식 beta와 신용위험을 보수적으로 봅니다.
ITA,ITA,etf,higher_for_longer_long_rate_shock,Higher-for-Longer / Long-Rate Shock,장기금리 부담장,us_global,0.433106,-0.002696,1.024695,positive,0.433106,medium,84.792857,rolling_beta,v3,1,4862,4862,3,market,pass,N,,2026-05-19,1,0.957691,0.957691,high,Y,trade-gated adverse scenario with medium/high evidence,active market context,0.969284,1.024695,-0.002696,rate_sensitive,장기금리와 달러 강세 부담이 채권·성장주·신용자산을 압박하는 장세입니다. 고밸류 성장주와 반도체 factor 민감도를 점검합니다.
ITA,ITA,etf,usd_strength_krw_weakness,USD Strength / KRW Weakness,달러강세/원화약세장,fx_krw,-0.107679,-0.002696,0.061743,negative,0.107679,low,55.911083,rolling_beta,v3,1,4283,4283,4,market,pass,N,,2026-05-19,1,0.741605,0.0,high,N,below ACTIVE confidence/coverage trade-gate threshold,active market context,0.604057,0.061743,-0.002696,krw_weakness_hedge,달러가 강하고 원화가 약해져 KRW 기준 투자자의 환율 리스크가 커지는 장세입니다. 한국 자산과 USD 노출의 역할을 분리해 봅니다.
ITA,ITA,etf,stagflation_reinflation_energy_shock,Stagflation / Reinflation / Energy Shock,물가·에너지 재상승장,us_global,-0.043345,-0.002696,0.969284,neutral,0.043345,low,72.569021,rolling_beta,v3,1,4862,4862,2,market,pass,N,,2026-05-19,1,0.74313,0.74313,high,Y,trade-gated adverse scenario with medium/high evidence,active market context,0.229749,,-0.002696,inflation_hedge,성장 부담이 있는데 유가·원자재·인플레이션 압력이 다시 커지는 장세입니다. 에너지/원자재 수혜와 장기채 부담을 함께 봅니다.
ITA,ITA,etf,china_trade_fragmentation_shock,China / Trade Fragmentation Shock,중국·무역분절 충격장,china_asia,0.161262,-0.002696,0.061743,positive,0.161262,low,46.541871,rolling_beta,v3,1,1262,1262,5,market,pass,N,,2026-05-19,1,0.691684,0.0,medium,N,below ACTIVE confidence/coverage trade-gate threshold,active market context,0.072965,0.061743,-0.002696,china_asia_shock_vulnerable,중국 경기·무역갈등·공급망 충격이 한국/아시아와 반도체 자산에 번지는 장세입니다. 한국 반도체 factor와 원화 약세를 함께 확인합니다.
ITA,ITA,etf,acute_global_stress_liquidity_crunch,Acute Global Stress / Liquidity Crunch,급성 리스크오프/유동성 경색장,us_global,0.654436,-0.002696,1.024695,positive,0.654436,medium,59.880692,rolling_beta,v3,1,4862,4862,3,market,pass,N,,2026-05-19,1,0.405911,0.0,high,N,context only: WATCH state,context only: WATCH state,0.969284,1.024695,-0.002696,liquidity_stress_vulnerable,변동성이 튀고 위험자산이 동반 약세를 보이는 단기 스트레스 장세입니다. 상관관계 상승과 유동성 악화를 우선 점검합니다.
ITA,ITA,etf,geopolitical_escalation_supply_shock,Geopolitical Escalation / Supply Shock,지정학 확전·공급충격장,geopolitical,-0.000876,-0.002696,0.969284,neutral,0.000876,low,68.226901,rolling_beta,v3,1,4283,4283,3,manual,pass,Y,,2026-05-19,1,0.401425,0.0,medium,N,context only: source_quality=manual,context only: source_quality=manual,0.229749,,-0.002696,geopolitical_supply_shock_hedge,"전쟁, 제재, 해상로 차질, 대만·중동·한반도 긴장처럼 유가·금·방산·변동성이 동시에 움직이는 이벤트성 충격 장세입니다. 뉴스 overlay는 가격 신호를 보강하는 용도로만 해석합니다."
ITA,ITA,etf,soft_landing_goldilocks,Soft Landing / Goldilocks,우호적 위험선호장,us_global,0.969284,-0.002696,1.024695,positive,0.969284,high,52.393619,rolling_beta,v3,1,4862,4862,3,market,pass,N,,2026-05-19,1,0.385976,0.0,high,N,non-adverse scenario,context only: WATCH state,0.969284,1.024695,-0.002696,risk_on_participation,우호적 위험선호장 참여 민감도
ITA,ITA,etf,semiconductor_ai_cycle_shock,Semiconductor / AI Cycle Shock,AI·반도체 사이클 충격장,korea_semiconductor,0.30665,-0.002696,0.384371,positive,0.30665,medium,35.914571,rolling_beta,v3,1,1262,1262,6,market,pass,N,,2026-05-19,0,0.0,0.0,medium,N,scenario inactive,inactive scenario,0.314306,0.384371,-0.002696,semiconductor_ai_shock_vulnerable,"AI capex 기대와 반도체 모멘텀이 꺾이면서 미국 성장주와 한국 반도체 대형주가 동시에 압박받는 장세입니다. SOXX, AI leader basket, 한국 반도체 basket의 동반 약세와 원화 압력을 함께 봅니다."
ITA,ITA,etf,korea_domestic_financial_stress,Korea Domestic Financial Stress,한국 내수 금융스트레스장,korea_market,-0.01253,-0.002696,0.061743,neutral,0.01253,low,24.490447,rolling_beta,v3,1,4283,4283,5,seed,pass,Y,,2026-05-19,0,0.0,0.0,low,N,scenario inactive,inactive scenario,0.072965,0.061743,-0.002696,korea_financial_stress_hedge,"가계부채, 부동산 PF, 비은행권, 금융주와 건설주 스트레스가 한국 자산 전반으로 번지는 장세입니다. 금융/건설 basket, 신용 spread, 단기자금 spread, 원화 약세를 함께 점검합니다."
ITA,ITA,etf,slowdown_recession_deflation_risk,Slowdown / Recession / Deflation Risk,경기둔화/침체 우려장,us_global,0.724402,-0.002696,1.024695,positive,0.724402,medium,62.915468,rolling_beta,v3,1,4862,4862,3,market,pass,N,,2026-05-19,0,0.0,0.0,high,N,scenario inactive,inactive scenario,0.969284,1.024695,-0.002696,slowdown_vulnerable,수요 둔화와 침체/디플레이션 압력이 커지는 방어적 장세입니다. 주식 beta와 신용위험을 보수적으로 봅니다.
IWM,IWM,etf,higher_for_longer_long_rate_shock,Higher-for-Longer / Long-Rate Shock,장기금리 부담장,us_global,0.500519,-0.001818,1.090414,positive,0.500519,medium,84.792857,rolling_beta,v3,1,4862,4862,3,market,pass,N,,2026-05-19,1,0.957691,0.957691,high,Y,trade-gated adverse scenario with medium/high evidence,active market context,1.091852,1.090414,-0.001818,rate_sensitive,장기금리와 달러 강세 부담이 채권·성장주·신용자산을 압박하는 장세입니다. 고밸류 성장주와 반도체 factor 민감도를 점검합니다.
IWM,IWM,etf,usd_strength_krw_weakness,USD Strength / KRW Weakness,달러강세/원화약세장,fx_krw,-0.077037,-0.001818,0.014657,negative,0.077037,low,55.911083,rolling_beta,v3,1,4283,4283,4,market,pass,N,,2026-05-19,1,0.741605,0.0,high,N,below ACTIVE confidence/coverage trade-gate threshold,active market context,0.537785,0.014657,-0.001818,krw_weakness_hedge,달러가 강하고 원화가 약해져 KRW 기준 투자자의 환율 리스크가 커지는 장세입니다. 한국 자산과 USD 노출의 역할을 분리해 봅니다.
IWM,IWM,etf,stagflation_reinflation_energy_shock,Stagflation / Reinflation / Energy Shock,물가·에너지 재상승장,us_global,0.427592,-0.001818,1.091852,positive,0.427592,medium,72.569021,rolling_beta,v3,1,4862,4862,2,market,pass,N,,2026-05-19,1,0.74313,0.74313,high,Y,trade-gated adverse scenario with medium/high evidence,active market context,0.238061,,-0.001818,stagflation_vulnerable,성장 부담이 있는데 유가·원자재·인플레이션 압력이 다시 커지는 장세입니다. 에너지/원자재 수혜와 장기채 부담을 함께 봅니다.
IWM,IWM,etf,china_trade_fragmentation_shock,China / Trade Fragmentation Shock,중국·무역분절 충격장,china_asia,0.163814,-0.001818,0.014657,positive,0.163814,low,46.541871,rolling_beta,v3,1,1262,1262,5,market,pass,N,,2026-05-19,1,0.691684,0.0,medium,N,below ACTIVE confidence/coverage trade-gate threshold,active market context,0.065019,0.014657,-0.001818,china_asia_shock_vulnerable,중국 경기·무역갈등·공급망 충격이 한국/아시아와 반도체 자산에 번지는 장세입니다. 한국 반도체 factor와 원화 약세를 함께 확인합니다.
IWM,IWM,etf,acute_global_stress_liquidity_crunch,Acute Global Stress / Liquidity Crunch,급성 리스크오프/유동성 경색장,us_global,0.682317,-0.001818,1.090414,positive,0.682317,medium,59.880692,rolling_beta,v3,1,4862,4862,3,market,pass,N,,2026-05-19,1,0.405911,0.0,high,N,context only: WATCH state,context only: WATCH state,1.091852,1.090414,-0.001818,liquidity_stress_vulnerable,변동성이 튀고 위험자산이 동반 약세를 보이는 단기 스트레스 장세입니다. 상관관계 상승과 유동성 악화를 우선 점검합니다.
IWM,IWM,etf,geopolitical_escalation_supply_shock,Geopolitical Escalation / Supply Shock,지정학 확전·공급충격장,geopolitical,0.361039,-0.001818,1.091852,positive,0.361039,medium,68.226901,rolling_beta,v3,1,4283,4283,3,manual,pass,Y,,2026-05-19,1,0.401425,0.0,medium,N,context only: source_quality=manual,context only: source_quality=manual,0.238061,,-0.001818,geopolitical_supply_shock_vulnerable,"전쟁, 제재, 해상로 차질, 대만·중동·한반도 긴장처럼 유가·금·방산·변동성이 동시에 움직이는 이벤트성 충격 장세입니다. 뉴스 overlay는 가격 신호를 보강하는 용도로만 해석합니다."
IWM,IWM,etf,soft_landing_goldilocks,Soft Landing / Goldilocks,우호적 위험선호장,us_global,1.091852,-0.001818,1.090414,positive,1.091852,high,52.393619,rolling_beta,v3,1,4862,4862,3,market,pass,N,,2026-05-19,1,0.385976,0.0,high,N,non-adverse scenario,context only: WATCH state,1.091852,1.090414,-0.001818,risk_on_participation,우호적 위험선호장 참여 민감도
IWM,IWM,etf,semiconductor_ai_cycle_shock,Semiconductor / AI Cycle Shock,AI·반도체 사이클 충격장,korea_semiconductor,0.394118,-0.001818,0.485123,positive,0.394118,medium,35.914571,rolling_beta,v3,1,1262,1262,6,market,pass,N,,2026-05-19,0,0.0,0.0,medium,N,scenario inactive,inactive scenario,0.464304,0.485123,-0.001818,semiconductor_ai_shock_vulnerable,"AI capex 기대와 반도체 모멘텀이 꺾이면서 미국 성장주와 한국 반도체 대형주가 동시에 압박받는 장세입니다. SOXX, AI leader basket, 한국 반도체 basket의 동반 약세와 원화 압력을 함께 봅니다."
IWM,IWM,etf,korea_domestic_financial_stress,Korea Domestic Financial Stress,한국 내수 금융스트레스장,korea_market,-0.049231,-0.001818,0.014657,neutral,0.049231,low,24.490447,rolling_beta,v3,1,4283,4283,5,seed,pass,Y,,2026-05-19,0,0.0,0.0,low,N,scenario inactive,inactive scenario,0.065019,0.014657,-0.001818,korea_financial_stress_hedge,"가계부채, 부동산 PF, 비은행권, 금융주와 건설주 스트레스가 한국 자산 전반으로 번지는 장세입니다. 금융/건설 basket, 신용 spread, 단기자금 spread, 원화 약세를 함께 점검합니다."
IWM,IWM,etf,slowdown_recession_deflation_risk,Slowdown / Recession / Deflation Risk,경기둔화/침체 우려장,us_global,0.773325,-0.001818,1.090414,positive,0.773325,high,62.915468,rolling_beta,v3,1,4862,4862,3,market,pass,N,,2026-05-19,0,0.0,0.0,high,N,scenario inactive,inactive scenario,1.091852,1.090414,-0.001818,slowdown_vulnerable,수요 둔화와 침체/디플레이션 압력이 커지는 방어적 장세입니다. 주식 beta와 신용위험을 보수적으로 봅니다.
JNJ,JNJ,us_stock,higher_for_longer_long_rate_shock,Higher-for-Longer / Long-Rate Shock,장기금리 부담장,us_global,0.253455,-0.000541,0.640549,positive,0.253455,low,84.792857,rolling_beta,v3,1,4862,4862,3,market,pass,N,,2026-05-19,1,0.957691,0.957691,high,Y,trade-gated adverse scenario with medium/high evidence,active market context,0.642646,0.640549,-0.000541,rate_sensitive,장기금리와 달러 강세 부담이 채권·성장주·신용자산을 압박하는 장세입니다. 고밸류 성장주와 반도체 factor 민감도를 점검합니다.
JNJ,JNJ,us_stock,usd_strength_krw_weakness,USD Strength / KRW Weakness,달러강세/원화약세장,fx_krw,-0.189339,-0.000541,0.0,negative,0.189339,low,55.911083,rolling_beta,v3,1,4283,4283,4,market,pass,N,,2026-05-19,1,0.741605,0.0,high,N,below ACTIVE confidence/coverage trade-gate threshold,active market context,0.79648,-0.015532,-0.000541,krw_weakness_hedge,달러가 강하고 원화가 약해져 KRW 기준 투자자의 환율 리스크가 커지는 장세입니다. 한국 자산과 USD 노출의 역할을 분리해 봅니다.
JNJ,JNJ,us_stock,stagflation_reinflation_energy_shock,Stagflation / Reinflation / Energy Shock,물가·에너지 재상승장,us_global,0.238446,-0.000541,0.642646,positive,0.238446,low,72.569021,rolling_beta,v3,1,4862,4862,2,market,pass,N,,2026-05-19,1,0.74313,0.74313,high,Y,trade-gated adverse scenario with medium/high evidence,active market context,0.128772,,-0.000541,stagflation_vulnerable,성장 부담이 있는데 유가·원자재·인플레이션 압력이 다시 커지는 장세입니다. 에너지/원자재 수혜와 장기채 부담을 함께 봅니다.
JNJ,JNJ,us_stock,china_trade_fragmentation_shock,China / Trade Fragmentation Shock,중국·무역분절 충격장,china_asia,0.04205,-0.000541,0.0,neutral,0.04205,low,46.541871,rolling_beta,v3,1,1262,1262,5,market,pass,N,,2026-05-19,1,0.691684,0.0,medium,N,below ACTIVE confidence/coverage trade-gate threshold,active market context,-0.05104,-0.015532,-0.000541,china_asia_shock_vulnerable,중국 경기·무역갈등·공급망 충격이 한국/아시아와 반도체 자산에 번지는 장세입니다. 한국 반도체 factor와 원화 약세를 함께 확인합니다.
JNJ,JNJ,us_stock,acute_global_stress_liquidity_crunch,Acute Global Stress / Liquidity Crunch,급성 리스크오프/유동성 경색장,us_global,0.077792,-0.000541,0.640549,positive,0.077792,low,59.880692,rolling_beta,v3,1,4862,4862,3,market,pass,N,,2026-05-19,1,0.405911,0.0,high,N,context only: WATCH state,context only: WATCH state,0.642646,0.640549,-0.000541,liquidity_stress_vulnerable,변동성이 튀고 위험자산이 동반 약세를 보이는 단기 스트레스 장세입니다. 상관관계 상승과 유동성 악화를 우선 점검합니다.
JNJ,JNJ,us_stock,geopolitical_escalation_supply_shock,Geopolitical Escalation / Supply Shock,지정학 확전·공급충격장,geopolitical,-0.034083,-0.000541,0.642646,neutral,0.034083,low,68.226901,rolling_beta,v3,1,4283,4283,3,manual,pass,Y,,2026-05-19,1,0.401425,0.0,medium,N,context only: source_quality=manual,context only: source_quality=manual,0.128772,,-0.000541,geopolitical_supply_shock_hedge,"전쟁, 제재, 해상로 차질, 대만·중동·한반도 긴장처럼 유가·금·방산·변동성이 동시에 움직이는 이벤트성 충격 장세입니다. 뉴스 overlay는 가격 신호를 보강하는 용도로만 해석합니다."
JNJ,JNJ,us_stock,soft_landing_goldilocks,Soft Landing / Goldilocks,우호적 위험선호장,us_global,0.642646,-0.000541,0.640549,positive,0.642646,medium,52.393619,rolling_beta,v3,1,4862,4862,3,market,pass,N,,2026-05-19,1,0.385976,0.0,high,N,non-adverse scenario,context only: WATCH state,0.642646,0.640549,-0.000541,risk_on_participation,우호적 위험선호장 참여 민감도
JNJ,JNJ,us_stock,semiconductor_ai_cycle_shock,Semiconductor / AI Cycle Shock,AI·반도체 사이클 충격장,korea_semiconductor,-0.218992,-0.000541,0.0,negative,0.218992,low,35.914571,rolling_beta,v3,1,1262,1262,6,market,pass,N,,2026-05-19,0,0.0,0.0,medium,N,scenario inactive,inactive scenario,0.028339,-0.079267,-0.000541,semiconductor_ai_shock_hedge,"AI capex 기대와 반도체 모멘텀이 꺾이면서 미국 성장주와 한국 반도체 대형주가 동시에 압박받는 장세입니다. SOXX, AI leader basket, 한국 반도체 basket의 동반 약세와 원화 압력을 함께 봅니다."
JNJ,JNJ,us_stock,korea_domestic_financial_stress,Korea Domestic Financial Stress,한국 내수 금융스트레스장,korea_market,-0.367008,-0.000541,0.0,negative,0.367008,medium,24.490447,rolling_beta,v3,1,4283,4283,5,seed,pass,Y,,2026-05-19,0,0.0,0.0,low,N,scenario inactive,inactive scenario,-0.05104,-0.015532,-0.000541,korea_financial_stress_hedge,"가계부채, 부동산 PF, 비은행권, 금융주와 건설주 스트레스가 한국 자산 전반으로 번지는 장세입니다. 금융/건설 basket, 신용 spread, 단기자금 spread, 원화 약세를 함께 점검합니다."
JNJ,JNJ,us_stock,slowdown_recession_deflation_risk,Slowdown / Recession / Deflation Risk,경기둔화/침체 우려장,us_global,0.086648,-0.000541,0.640549,positive,0.086648,low,62.915468,rolling_beta,v3,1,4862,4862,3,market,pass,N,,2026-05-19,0,0.0,0.0,high,N,scenario inactive,inactive scenario,0.642646,0.640549,-0.000541,slowdown_vulnerable,수요 둔화와 침체/디플레이션 압력이 커지는 방어적 장세입니다. 주식 beta와 신용위험을 보수적으로 봅니다.
JPM,JPM,us_stock,higher_for_longer_long_rate_shock,Higher-for-Longer / Long-Rate Shock,장기금리 부담장,us_global,0.598824,0.001095,1.262468,positive,0.598824,medium,84.792857,rolling_beta,v3,1,4862,4862,3,market,pass,N,,2026-05-19,1,0.957691,0.957691,high,Y,trade-gated adverse scenario with medium/high evidence,active market context,1.270589,1.262468,0.001095,rate_sensitive,장기금리와 달러 강세 부담이 채권·성장주·신용자산을 압박하는 장세입니다. 고밸류 성장주와 반도체 factor 민감도를 점검합니다.
JPM,JPM,us_stock,usd_strength_krw_weakness,USD Strength / KRW Weakness,달러강세/원화약세장,fx_krw,-0.032353,0.001095,0.022343,neutral,0.032353,low,55.911083,rolling_beta,v3,1,4283,4283,4,market,pass,N,,2026-05-19,1,0.741605,0.0,high,N,below ACTIVE confidence/coverage trade-gate threshold,active market context,0.454224,0.022343,0.001095,krw_weakness_hedge,달러가 강하고 원화가 약해져 KRW 기준 투자자의 환율 리스크가 커지는 장세입니다. 한국 자산과 USD 노출의 역할을 분리해 봅니다.
JPM,JPM,us_stock,stagflation_reinflation_energy_shock,Stagflation / Reinflation / Energy Shock,물가·에너지 재상승장,us_global,0.417325,0.001095,1.270589,positive,0.417325,medium,72.569021,rolling_beta,v3,1,4862,4862,2,market,pass,N,,2026-05-19,1,0.74313,0.74313,high,Y,trade-gated adverse scenario with medium/high evidence,active market context,0.262429,,0.001095,stagflation_vulnerable,성장 부담이 있는데 유가·원자재·인플레이션 압력이 다시 커지는 장세입니다. 에너지/원자재 수혜와 장기채 부담을 함께 봅니다.
JPM,JPM,us_stock,china_trade_fragmentation_shock,China / Trade Fragmentation Shock,중국·무역분절 충격장,china_asia,0.126737,0.001095,0.022343,positive,0.126737,low,46.541871,rolling_beta,v3,1,1262,1262,5,market,pass,N,,2026-05-19,1,0.691684,0.0,medium,N,below ACTIVE confidence/coverage trade-gate threshold,active market context,0.067042,0.022343,0.001095,china_asia_shock_vulnerable,중국 경기·무역갈등·공급망 충격이 한국/아시아와 반도체 자산에 번지는 장세입니다. 한국 반도체 factor와 원화 약세를 함께 확인합니다.
JPM,JPM,us_stock,acute_global_stress_liquidity_crunch,Acute Global Stress / Liquidity Crunch,급성 리스크오프/유동성 경색장,us_global,0.649538,0.001095,1.262468,positive,0.649538,medium,59.880692,rolling_beta,v3,1,4862,4862,3,market,pass,N,,2026-05-19,1,0.405911,0.0,high,N,context only: WATCH state,context only: WATCH state,1.270589,1.262468,0.001095,liquidity_stress_vulnerable,변동성이 튀고 위험자산이 동반 약세를 보이는 단기 스트레스 장세입니다. 상관관계 상승과 유동성 악화를 우선 점검합니다.
JPM,JPM,us_stock,geopolitical_escalation_supply_shock,Geopolitical Escalation / Supply Shock,지정학 확전·공급충격장,geopolitical,0.352149,0.001095,1.270589,positive,0.352149,medium,68.226901,rolling_beta,v3,1,4283,4283,3,manual,pass,Y,,2026-05-19,1,0.401425,0.0,medium,N,context only: source_quality=manual,context only: source_quality=manual,0.262429,,0.001095,geopolitical_supply_shock_vulnerable,"전쟁, 제재, 해상로 차질, 대만·중동·한반도 긴장처럼 유가·금·방산·변동성이 동시에 움직이는 이벤트성 충격 장세입니다. 뉴스 overlay는 가격 신호를 보강하는 용도로만 해석합니다."
JPM,JPM,us_stock,soft_landing_goldilocks,Soft Landing / Goldilocks,우호적 위험선호장,us_global,1.270589,0.001095,1.262468,positive,1.270589,high,52.393619,rolling_beta,v3,1,4862,4862,3,market,pass,N,,2026-05-19,1,0.385976,0.0,high,N,non-adverse scenario,context only: WATCH state,1.270589,1.262468,0.001095,risk_on_participation,우호적 위험선호장 참여 민감도
JPM,JPM,us_stock,semiconductor_ai_cycle_shock,Semiconductor / AI Cycle Shock,AI·반도체 사이클 충격장,korea_semiconductor,0.290799,0.001095,0.357017,positive,0.290799,low,35.914571,rolling_beta,v3,1,1262,1262,6,market,pass,N,,2026-05-19,0,0.0,0.0,medium,N,scenario inactive,inactive scenario,0.313456,0.357017,0.001095,semiconductor_ai_shock_vulnerable,"AI capex 기대와 반도체 모멘텀이 꺾이면서 미국 성장주와 한국 반도체 대형주가 동시에 압박받는 장세입니다. SOXX, AI leader basket, 한국 반도체 basket의 동반 약세와 원화 압력을 함께 봅니다."
JPM,JPM,us_stock,korea_domestic_financial_stress,Korea Domestic Financial Stress,한국 내수 금융스트레스장,korea_market,0.320464,0.001095,0.022343,positive,0.320464,medium,24.490447,rolling_beta,v3,1,4283,4283,5,seed,pass,Y,,2026-05-19,0,0.0,0.0,low,N,scenario inactive,inactive scenario,0.067042,0.022343,0.001095,korea_financial_stress_vulnerable,"가계부채, 부동산 PF, 비은행권, 금융주와 건설주 스트레스가 한국 자산 전반으로 번지는 장세입니다. 금융/건설 basket, 신용 spread, 단기자금 spread, 원화 약세를 함께 점검합니다."
JPM,JPM,us_stock,slowdown_recession_deflation_risk,Slowdown / Recession / Deflation Risk,경기둔화/침체 우려장,us_global,0.78755,0.001095,1.262468,positive,0.78755,high,62.915468,rolling_beta,v3,1,4862,4862,3,market,pass,N,,2026-05-19,0,0.0,0.0,high,N,scenario inactive,inactive scenario,1.270589,1.262468,0.001095,slowdown_vulnerable,수요 둔화와 침체/디플레이션 압력이 커지는 방어적 장세입니다. 주식 beta와 신용위험을 보수적으로 봅니다.
KO,KO,us_stock,higher_for_longer_long_rate_shock,Higher-for-Longer / Long-Rate Shock,장기금리 부담장,us_global,0.258993,-0.002396,0.703882,positive,0.258993,low,84.792857,rolling_beta,v3,1,4862,4862,3,market,pass,N,,2026-05-19,1,0.957691,0.957691,high,Y,trade-gated adverse scenario with medium/high evidence,active market context,0.652714,0.703882,-0.002396,rate_sensitive,장기금리와 달러 강세 부담이 채권·성장주·신용자산을 압박하는 장세입니다. 고밸류 성장주와 반도체 factor 민감도를 점검합니다.
KO,KO,us_stock,usd_strength_krw_weakness,USD Strength / KRW Weakness,달러강세/원화약세장,fx_krw,-0.186822,-0.002396,0.025584,negative,0.186822,low,55.911083,rolling_beta,v3,1,4283,4283,4,market,pass,N,,2026-05-19,1,0.741605,0.0,high,N,below ACTIVE confidence/coverage trade-gate threshold,active market context,0.760475,0.025584,-0.002396,krw_weakness_hedge,달러가 강하고 원화가 약해져 KRW 기준 투자자의 환율 리스크가 커지는 장세입니다. 한국 자산과 USD 노출의 역할을 분리해 봅니다.
KO,KO,us_stock,stagflation_reinflation_energy_shock,Stagflation / Reinflation / Energy Shock,물가·에너지 재상승장,us_global,0.288355,-0.002396,0.652714,positive,0.288355,low,72.569021,rolling_beta,v3,1,4862,4862,2,market,pass,N,,2026-05-19,1,0.74313,0.74313,high,Y,trade-gated adverse scenario with medium/high evidence,active market context,0.143348,,-0.002396,stagflation_vulnerable,성장 부담이 있는데 유가·원자재·인플레이션 압력이 다시 커지는 장세입니다. 에너지/원자재 수혜와 장기채 부담을 함께 봅니다.
KO,KO,us_stock,china_trade_fragmentation_shock,China / Trade Fragmentation Shock,중국·무역분절 충격장,china_asia,0.090448,-0.002396,0.025584,positive,0.090448,low,46.541871,rolling_beta,v3,1,1262,1262,5,market,pass,N,,2026-05-19,1,0.691684,0.0,medium,N,below ACTIVE confidence/coverage trade-gate threshold,active market context,-0.02451,0.025584,-0.002396,china_asia_shock_vulnerable,중국 경기·무역갈등·공급망 충격이 한국/아시아와 반도체 자산에 번지는 장세입니다. 한국 반도체 factor와 원화 약세를 함께 확인합니다.
KO,KO,us_stock,acute_global_stress_liquidity_crunch,Acute Global Stress / Liquidity Crunch,급성 리스크오프/유동성 경색장,us_global,0.166822,-0.002396,0.703882,positive,0.166822,low,59.880692,rolling_beta,v3,1,4862,4862,3,market,pass,N,,2026-05-19,1,0.405911,0.0,high,N,context only: WATCH state,context only: WATCH state,0.652714,0.703882,-0.002396,liquidity_stress_vulnerable,변동성이 튀고 위험자산이 동반 약세를 보이는 단기 스트레스 장세입니다. 상관관계 상승과 유동성 악화를 우선 점검합니다.
KO,KO,us_stock,geopolitical_escalation_supply_shock,Geopolitical Escalation / Supply Shock,지정학 확전·공급충격장,geopolitical,0.008942,-0.002396,0.652714,neutral,0.008942,low,68.226901,rolling_beta,v3,1,4283,4283,3,manual,pass,Y,,2026-05-19,1,0.401425,0.0,medium,N,context only: source_quality=manual,context only: source_quality=manual,0.143348,,-0.002396,geopolitical_supply_shock_vulnerable,"전쟁, 제재, 해상로 차질, 대만·중동·한반도 긴장처럼 유가·금·방산·변동성이 동시에 움직이는 이벤트성 충격 장세입니다. 뉴스 overlay는 가격 신호를 보강하는 용도로만 해석합니다."
KO,KO,us_stock,soft_landing_goldilocks,Soft Landing / Goldilocks,우호적 위험선호장,us_global,0.652714,-0.002396,0.703882,positive,0.652714,medium,52.393619,rolling_beta,v3,1,4862,4862,3,market,pass,N,,2026-05-19,1,0.385976,0.0,high,N,non-adverse scenario,context only: WATCH state,0.652714,0.703882,-0.002396,risk_on_participation,우호적 위험선호장 참여 민감도
KO,KO,us_stock,semiconductor_ai_cycle_shock,Semiconductor / AI Cycle Shock,AI·반도체 사이클 충격장,korea_semiconductor,-0.182669,-0.002396,0.018482,negative,0.182669,low,35.914571,rolling_beta,v3,1,1262,1262,6,market,pass,N,,2026-05-19,0,0.0,0.0,medium,N,scenario inactive,inactive scenario,0.058692,0.018482,-0.002396,semiconductor_ai_shock_hedge,"AI capex 기대와 반도체 모멘텀이 꺾이면서 미국 성장주와 한국 반도체 대형주가 동시에 압박받는 장세입니다. SOXX, AI leader basket, 한국 반도체 basket의 동반 약세와 원화 압력을 함께 봅니다."
KO,KO,us_stock,korea_domestic_financial_stress,Korea Domestic Financial Stress,한국 내수 금융스트레스장,korea_market,-0.326024,-0.002396,0.025584,negative,0.326024,medium,24.490447,rolling_beta,v3,1,4283,4283,5,seed,pass,Y,,2026-05-19,0,0.0,0.0,low,N,scenario inactive,inactive scenario,-0.02451,0.025584,-0.002396,korea_financial_stress_hedge,"가계부채, 부동산 PF, 비은행권, 금융주와 건설주 스트레스가 한국 자산 전반으로 번지는 장세입니다. 금융/건설 basket, 신용 spread, 단기자금 spread, 원화 약세를 함께 점검합니다."
KO,KO,us_stock,slowdown_recession_deflation_risk,Slowdown / Recession / Deflation Risk,경기둔화/침체 우려장,us_global,0.158131,-0.002396,0.703882,positive,0.158131,low,62.915468,rolling_beta,v3,1,4862,4862,3,market,pass,N,,2026-05-19,0,0.0,0.0,high,N,scenario inactive,inactive scenario,0.652714,0.703882,-0.002396,slowdown_vulnerable,수요 둔화와 침체/디플레이션 압력이 커지는 방어적 장세입니다. 주식 beta와 신용위험을 보수적으로 봅니다.
LQD,LQD,bond_etf,higher_for_longer_long_rate_shock,Higher-for-Longer / Long-Rate Shock,장기금리 부담장,us_global,0.512646,-0.000832,0.287431,positive,0.512646,medium,84.792857,rolling_beta,v3,1,4862,4862,3,market,pass,N,,2026-05-19,1,0.957691,0.957691,high,Y,trade-gated adverse scenario with medium/high evidence,active market context,0.29572,0.287431,-0.000832,rate_sensitive,장기금리와 달러 강세 부담이 채권·성장주·신용자산을 압박하는 장세입니다. 고밸류 성장주와 반도체 factor 민감도를 점검합니다.
LQD,LQD,bond_etf,usd_strength_krw_weakness,USD Strength / KRW Weakness,달러강세/원화약세장,fx_krw,-0.27607,-0.000832,0.0,negative,0.27607,low,55.911083,rolling_beta,v3,1,4283,4283,4,market,pass,N,,2026-05-19,1,0.741605,0.0,high,N,below ACTIVE confidence/coverage trade-gate threshold,active market context,0.885226,-0.083027,-0.000832,krw_weakness_hedge,달러가 강하고 원화가 약해져 KRW 기준 투자자의 환율 리스크가 커지는 장세입니다. 한국 자산과 USD 노출의 역할을 분리해 봅니다.
LQD,LQD,bond_etf,stagflation_reinflation_energy_shock,Stagflation / Reinflation / Energy Shock,물가·에너지 재상승장,us_global,0.3243,-0.000832,0.29572,positive,0.3243,medium,72.569021,rolling_beta,v3,1,4862,4862,2,market,pass,N,,2026-05-19,1,0.74313,0.74313,high,Y,trade-gated adverse scenario with medium/high evidence,active market context,0.074657,,-0.000832,stagflation_vulnerable,성장 부담이 있는데 유가·원자재·인플레이션 압력이 다시 커지는 장세입니다. 에너지/원자재 수혜와 장기채 부담을 함께 봅니다.
LQD,LQD,bond_etf,china_trade_fragmentation_shock,China / Trade Fragmentation Shock,중국·무역분절 충격장,china_asia,-0.020058,-0.000832,0.0,neutral,0.020058,low,46.541871,rolling_beta,v3,1,1262,1262,5,market,pass,N,,2026-05-19,1,0.691684,0.0,medium,N,below ACTIVE confidence/coverage trade-gate threshold,active market context,-0.102611,-0.083027,-0.000832,china_asia_shock_hedge,중국 경기·무역갈등·공급망 충격이 한국/아시아와 반도체 자산에 번지는 장세입니다. 한국 반도체 factor와 원화 약세를 함께 확인합니다.
LQD,LQD,bond_etf,acute_global_stress_liquidity_crunch,Acute Global Stress / Liquidity Crunch,급성 리스크오프/유동성 경색장,us_global,-0.099917,-0.000832,0.287431,negative,0.099917,low,59.880692,rolling_beta,v3,1,4862,4862,3,market,pass,N,,2026-05-19,1,0.405911,0.0,high,N,context only: WATCH state,context only: WATCH state,0.29572,0.287431,-0.000832,liquidity_stress_defense,변동성이 튀고 위험자산이 동반 약세를 보이는 단기 스트레스 장세입니다. 상관관계 상승과 유동성 악화를 우선 점검합니다.
LQD,LQD,bond_etf,geopolitical_escalation_supply_shock,Geopolitical Escalation / Supply Shock,지정학 확전·공급충격장,geopolitical,-0.135882,-0.000832,0.29572,negative,0.135882,low,68.226901,rolling_beta,v3,1,4283,4283,3,manual,pass,Y,,2026-05-19,1,0.401425,0.0,medium,N,context only: source_quality=manual,context only: source_quality=manual,0.074657,,-0.000832,geopolitical_supply_shock_hedge,"전쟁, 제재, 해상로 차질, 대만·중동·한반도 긴장처럼 유가·금·방산·변동성이 동시에 움직이는 이벤트성 충격 장세입니다. 뉴스 overlay는 가격 신호를 보강하는 용도로만 해석합니다."
LQD,LQD,bond_etf,soft_landing_goldilocks,Soft Landing / Goldilocks,우호적 위험선호장,us_global,0.29572,-0.000832,0.287431,positive,0.29572,low,52.393619,rolling_beta,v3,1,4862,4862,3,market,pass,N,,2026-05-19,1,0.385976,0.0,high,N,non-adverse scenario,context only: WATCH state,0.29572,0.287431,-0.000832,risk_on_participation,우호적 위험선호장 참여 민감도
LQD,LQD,bond_etf,semiconductor_ai_cycle_shock,Semiconductor / AI Cycle Shock,AI·반도체 사이클 충격장,korea_semiconductor,-0.210833,-0.000832,0.059833,negative,0.210833,low,35.914571,rolling_beta,v3,1,1262,1262,6,market,pass,N,,2026-05-19,0,0.0,0.0,medium,N,scenario inactive,inactive scenario,0.090794,0.059833,-0.000832,semiconductor_ai_shock_hedge,"AI capex 기대와 반도체 모멘텀이 꺾이면서 미국 성장주와 한국 반도체 대형주가 동시에 압박받는 장세입니다. SOXX, AI leader basket, 한국 반도체 basket의 동반 약세와 원화 압력을 함께 봅니다."
LQD,LQD,bond_etf,korea_domestic_financial_stress,Korea Domestic Financial Stress,한국 내수 금융스트레스장,korea_market,-0.246418,-0.000832,0.0,negative,0.246418,low,24.490447,rolling_beta,v3,1,4283,4283,5,seed,pass,Y,,2026-05-19,0,0.0,0.0,low,N,scenario inactive,inactive scenario,-0.102611,-0.083027,-0.000832,korea_financial_stress_hedge,"가계부채, 부동산 PF, 비은행권, 금융주와 건설주 스트레스가 한국 자산 전반으로 번지는 장세입니다. 금융/건설 basket, 신용 spread, 단기자금 spread, 원화 약세를 함께 점검합니다."
LQD,LQD,bond_etf,slowdown_recession_deflation_risk,Slowdown / Recession / Deflation Risk,경기둔화/침체 우려장,us_global,-0.128664,-0.000832,0.287431,negative,0.128664,low,62.915468,rolling_beta,v3,1,4862,4862,3,market,pass,N,,2026-05-19,0,0.0,0.0,high,N,scenario inactive,inactive scenario,0.29572,0.287431,-0.000832,slowdown_defense,수요 둔화와 침체/디플레이션 압력이 커지는 방어적 장세입니다. 주식 beta와 신용위험을 보수적으로 봅니다.
MA,MA,us_stock,higher_for_longer_long_rate_shock,Higher-for-Longer / Long-Rate Shock,장기금리 부담장,us_global,0.502102,0.000256,1.061371,positive,0.502102,medium,84.792857,rolling_beta,v3,1,4862,4862,3,market,pass,N,,2026-05-19,1,0.957691,0.957691,high,Y,trade-gated adverse scenario with medium/high evidence,active market context,1.09473,1.061371,0.000256,rate_sensitive,장기금리와 달러 강세 부담이 채권·성장주·신용자산을 압박하는 장세입니다. 고밸류 성장주와 반도체 factor 민감도를 점검합니다.
MA,MA,us_stock,usd_strength_krw_weakness,USD Strength / KRW Weakness,달러강세/원화약세장,fx_krw,-0.076317,0.000256,0.076894,negative,0.076317,low,55.911083,rolling_beta,v3,1,4283,4283,4,market,pass,N,,2026-05-19,1,0.741605,0.0,high,N,below ACTIVE confidence/coverage trade-gate threshold,active market context,0.568371,0.076894,0.000256,krw_weakness_hedge,달러가 강하고 원화가 약해져 KRW 기준 투자자의 환율 리스크가 커지는 장세입니다. 한국 자산과 USD 노출의 역할을 분리해 봅니다.
MA,MA,us_stock,stagflation_reinflation_energy_shock,Stagflation / Reinflation / Energy Shock,물가·에너지 재상승장,us_global,0.376757,0.000256,1.09473,positive,0.376757,medium,72.569021,rolling_beta,v3,1,4862,4862,2,market,pass,N,,2026-05-19,1,0.74313,0.74313,high,Y,trade-gated adverse scenario with medium/high evidence,active market context,0.236603,,0.000256,stagflation_vulnerable,성장 부담이 있는데 유가·원자재·인플레이션 압력이 다시 커지는 장세입니다. 에너지/원자재 수혜와 장기채 부담을 함께 봅니다.
MA,MA,us_stock,china_trade_fragmentation_shock,China / Trade Fragmentation Shock,중국·무역분절 충격장,china_asia,0.112548,0.000256,0.076894,positive,0.112548,low,46.541871,rolling_beta,v3,1,1262,1262,5,market,pass,N,,2026-05-19,1,0.691684,0.0,medium,N,below ACTIVE confidence/coverage trade-gate threshold,active market context,0.08654,0.076894,0.000256,china_asia_shock_vulnerable,중국 경기·무역갈등·공급망 충격이 한국/아시아와 반도체 자산에 번지는 장세입니다. 한국 반도체 factor와 원화 약세를 함께 확인합니다.
MA,MA,us_stock,acute_global_stress_liquidity_crunch,Acute Global Stress / Liquidity Crunch,급성 리스크오프/유동성 경색장,us_global,0.590585,0.000256,1.061371,positive,0.590585,medium,59.880692,rolling_beta,v3,1,4862,4862,3,market,pass,N,,2026-05-19,1,0.405911,0.0,high,N,context only: WATCH state,context only: WATCH state,1.09473,1.061371,0.000256,liquidity_stress_vulnerable,변동성이 튀고 위험자산이 동반 약세를 보이는 단기 스트레스 장세입니다. 상관관계 상승과 유동성 악화를 우선 점검합니다.
MA,MA,us_stock,geopolitical_escalation_supply_shock,Geopolitical Escalation / Supply Shock,지정학 확전·공급충격장,geopolitical,0.317628,0.000256,1.09473,positive,0.317628,medium,68.226901,rolling_beta,v3,1,4283,4283,3,manual,pass,Y,,2026-05-19,1,0.401425,0.0,medium,N,context only: source_quality=manual,context only: source_quality=manual,0.236603,,0.000256,geopolitical_supply_shock_vulnerable,"전쟁, 제재, 해상로 차질, 대만·중동·한반도 긴장처럼 유가·금·방산·변동성이 동시에 움직이는 이벤트성 충격 장세입니다. 뉴스 overlay는 가격 신호를 보강하는 용도로만 해석합니다."
MA,MA,us_stock,soft_landing_goldilocks,Soft Landing / Goldilocks,우호적 위험선호장,us_global,1.09473,0.000256,1.061371,positive,1.09473,high,52.393619,rolling_beta,v3,1,4862,4862,3,market,pass,N,,2026-05-19,1,0.385976,0.0,high,N,non-adverse scenario,context only: WATCH state,1.09473,1.061371,0.000256,risk_on_participation,우호적 위험선호장 참여 민감도
MA,MA,us_stock,semiconductor_ai_cycle_shock,Semiconductor / AI Cycle Shock,AI·반도체 사이클 충격장,korea_semiconductor,0.252995,0.000256,0.244507,positive,0.252995,low,35.914571,rolling_beta,v3,1,1262,1262,6,market,pass,N,,2026-05-19,0,0.0,0.0,medium,N,scenario inactive,inactive scenario,0.304934,0.244507,0.000256,semiconductor_ai_shock_vulnerable,"AI capex 기대와 반도체 모멘텀이 꺾이면서 미국 성장주와 한국 반도체 대형주가 동시에 압박받는 장세입니다. SOXX, AI leader basket, 한국 반도체 basket의 동반 약세와 원화 압력을 함께 봅니다."
MA,MA,us_stock,korea_domestic_financial_stress,Korea Domestic Financial Stress,한국 내수 금융스트레스장,korea_market,0.365743,0.000256,0.076894,positive,0.365743,medium,24.490447,rolling_beta,v3,1,4283,4283,5,seed,pass,Y,,2026-05-19,0,0.0,0.0,low,N,scenario inactive,inactive scenario,0.08654,0.076894,0.000256,korea_financial_stress_vulnerable,"가계부채, 부동산 PF, 비은행권, 금융주와 건설주 스트레스가 한국 자산 전반으로 번지는 장세입니다. 금융/건설 basket, 신용 spread, 단기자금 spread, 원화 약세를 함께 점검합니다."
MA,MA,us_stock,slowdown_recession_deflation_risk,Slowdown / Recession / Deflation Risk,경기둔화/침체 우려장,us_global,0.702617,0.000256,1.061371,positive,0.702617,medium,62.915468,rolling_beta,v3,1,4862,4862,3,market,pass,N,,2026-05-19,0,0.0,0.0,high,N,scenario inactive,inactive scenario,1.09473,1.061371,0.000256,slowdown_vulnerable,수요 둔화와 침체/디플레이션 압력이 커지는 방어적 장세입니다. 주식 beta와 신용위험을 보수적으로 봅니다.
META,META,us_stock,higher_for_longer_long_rate_shock,Higher-for-Longer / Long-Rate Shock,장기금리 부담장,us_global,0.564334,-0.002534,1.232336,positive,0.564334,medium,84.792857,rolling_beta,v3,1,3519,3519,3,market,pass,N,,2026-05-19,1,0.957691,0.957691,high,Y,trade-gated adverse scenario with medium/high evidence,active market context,1.20788,1.232336,-0.002534,rate_sensitive,장기금리와 달러 강세 부담이 채권·성장주·신용자산을 압박하는 장세입니다. 고밸류 성장주와 반도체 factor 민감도를 점검합니다.
META,META,us_stock,usd_strength_krw_weakness,USD Strength / KRW Weakness,달러강세/원화약세장,fx_krw,-0.04803,-0.002534,0.071925,neutral,0.04803,low,55.911083,rolling_beta,v3,1,3101,3101,4,market,pass,N,,2026-05-19,1,0.741605,0.0,high,N,below ACTIVE confidence/coverage trade-gate threshold,active market context,0.609603,0.071925,-0.002534,krw_weakness_hedge,달러가 강하고 원화가 약해져 KRW 기준 투자자의 환율 리스크가 커지는 장세입니다. 한국 자산과 USD 노출의 역할을 분리해 봅니다.
META,META,us_stock,stagflation_reinflation_energy_shock,Stagflation / Reinflation / Energy Shock,물가·에너지 재상승장,us_global,0.486103,-0.002534,1.20788,positive,0.486103,medium,72.569021,rolling_beta,v3,1,3519,3519,2,market,pass,N,,2026-05-19,1,0.74313,0.74313,high,Y,trade-gated adverse scenario with medium/high evidence,active market context,0.130361,,-0.002534,stagflation_vulnerable,성장 부담이 있는데 유가·원자재·인플레이션 압력이 다시 커지는 장세입니다. 에너지/원자재 수혜와 장기채 부담을 함께 봅니다.
META,META,us_stock,china_trade_fragmentation_shock,China / Trade Fragmentation Shock,중국·무역분절 충격장,china_asia,0.204921,-0.002534,0.071925,positive,0.204921,low,46.541871,rolling_beta,v3,1,1262,1262,5,market,pass,N,,2026-05-19,1,0.691684,0.0,medium,N,below ACTIVE confidence/coverage trade-gate threshold,active market context,0.039243,0.071925,-0.002534,china_asia_shock_vulnerable,중국 경기·무역갈등·공급망 충격이 한국/아시아와 반도체 자산에 번지는 장세입니다. 한국 반도체 factor와 원화 약세를 함께 확인합니다.
META,META,us_stock,acute_global_stress_liquidity_crunch,Acute Global Stress / Liquidity Crunch,급성 리스크오프/유동성 경색장,us_global,0.778355,-0.002534,1.232336,positive,0.778355,high,59.880692,rolling_beta,v3,1,3519,3519,3,market,pass,N,,2026-05-19,1,0.405911,0.0,high,N,context only: WATCH state,context only: WATCH state,1.20788,1.232336,-0.002534,liquidity_stress_vulnerable,변동성이 튀고 위험자산이 동반 약세를 보이는 단기 스트레스 장세입니다. 상관관계 상승과 유동성 악화를 우선 점검합니다.
META,META,us_stock,geopolitical_escalation_supply_shock,Geopolitical Escalation / Supply Shock,지정학 확전·공급충격장,geopolitical,0.444055,-0.002534,1.20788,positive,0.444055,medium,68.226901,rolling_beta,v3,1,3101,3101,3,manual,pass,Y,,2026-05-19,1,0.401425,0.0,medium,N,context only: source_quality=manual,context only: source_quality=manual,0.130361,,-0.002534,geopolitical_supply_shock_vulnerable,"전쟁, 제재, 해상로 차질, 대만·중동·한반도 긴장처럼 유가·금·방산·변동성이 동시에 움직이는 이벤트성 충격 장세입니다. 뉴스 overlay는 가격 신호를 보강하는 용도로만 해석합니다."
META,META,us_stock,soft_landing_goldilocks,Soft Landing / Goldilocks,우호적 위험선호장,us_global,1.20788,-0.002534,1.232336,positive,1.20788,high,52.393619,rolling_beta,v3,1,3519,3519,3,market,pass,N,,2026-05-19,1,0.385976,0.0,high,N,non-adverse scenario,context only: WATCH state,1.20788,1.232336,-0.002534,risk_on_participation,우호적 위험선호장 참여 민감도
META,META,us_stock,semiconductor_ai_cycle_shock,Semiconductor / AI Cycle Shock,AI·반도체 사이클 충격장,korea_semiconductor,0.525551,-0.002534,0.655265,positive,0.525551,medium,35.914571,rolling_beta,v3,1,1262,1262,6,market,pass,N,,2026-05-19,0,0.0,0.0,medium,N,scenario inactive,inactive scenario,0.649305,0.655265,-0.002534,semiconductor_ai_shock_vulnerable,"AI capex 기대와 반도체 모멘텀이 꺾이면서 미국 성장주와 한국 반도체 대형주가 동시에 압박받는 장세입니다. SOXX, AI leader basket, 한국 반도체 basket의 동반 약세와 원화 압력을 함께 봅니다."
META,META,us_stock,korea_domestic_financial_stress,Korea Domestic Financial Stress,한국 내수 금융스트레스장,korea_market,-0.031479,-0.002534,0.071925,neutral,0.031479,low,24.490447,rolling_beta,v3,1,3101,3101,5,seed,pass,Y,,2026-05-19,0,0.0,0.0,low,N,scenario inactive,inactive scenario,0.039243,0.071925,-0.002534,korea_financial_stress_hedge,"가계부채, 부동산 PF, 비은행권, 금융주와 건설주 스트레스가 한국 자산 전반으로 번지는 장세입니다. 금융/건설 basket, 신용 spread, 단기자금 spread, 원화 약세를 함께 점검합니다."
META,META,us_stock,slowdown_recession_deflation_risk,Slowdown / Recession / Deflation Risk,경기둔화/침체 우려장,us_global,0.873805,-0.002534,1.232336,positive,0.873805,high,62.915468,rolling_beta,v3,1,3519,3519,3,market,pass,N,,2026-05-19,0,0.0,0.0,high,N,scenario inactive,inactive scenario,1.20788,1.232336,-0.002534,slowdown_vulnerable,수요 둔화와 침체/디플레이션 압력이 커지는 방어적 장세입니다. 주식 beta와 신용위험을 보수적으로 봅니다.
MSFT,MSFT,us_stock,higher_for_longer_long_rate_shock,Higher-for-Longer / Long-Rate Shock,장기금리 부담장,us_global,0.478307,-0.002233,1.037948,positive,0.478307,medium,84.792857,rolling_beta,v3,1,4862,4862,3,market,pass,N,,2026-05-19,1,0.957691,0.957691,high,Y,trade-gated adverse scenario with medium/high evidence,active market context,1.051467,1.037948,-0.002233,rate_sensitive,장기금리와 달러 강세 부담이 채권·성장주·신용자산을 압박하는 장세입니다. 고밸류 성장주와 반도체 factor 민감도를 점검합니다.
MSFT,MSFT,us_stock,usd_strength_krw_weakness,USD Strength / KRW Weakness,달러강세/원화약세장,fx_krw,-0.087133,-0.002233,0.0,negative,0.087133,low,55.911083,rolling_beta,v3,1,4283,4283,4,market,pass,N,,2026-05-19,1,0.741605,0.0,high,N,below ACTIVE confidence/coverage trade-gate threshold,active market context,0.643742,-0.001375,-0.002233,krw_weakness_hedge,달러가 강하고 원화가 약해져 KRW 기준 투자자의 환율 리스크가 커지는 장세입니다. 한국 자산과 USD 노출의 역할을 분리해 봅니다.
MSFT,MSFT,us_stock,stagflation_reinflation_energy_shock,Stagflation / Reinflation / Energy Shock,물가·에너지 재상승장,us_global,0.423829,-0.002233,1.051467,positive,0.423829,medium,72.569021,rolling_beta,v3,1,4862,4862,2,market,pass,N,,2026-05-19,1,0.74313,0.74313,high,Y,trade-gated adverse scenario with medium/high evidence,active market context,0.200478,,-0.002233,stagflation_vulnerable,성장 부담이 있는데 유가·원자재·인플레이션 압력이 다시 커지는 장세입니다. 에너지/원자재 수혜와 장기채 부담을 함께 봅니다.
MSFT,MSFT,us_stock,china_trade_fragmentation_shock,China / Trade Fragmentation Shock,중국·무역분절 충격장,china_asia,0.166109,-0.002233,0.0,positive,0.166109,low,46.541871,rolling_beta,v3,1,1262,1262,5,market,pass,N,,2026-05-19,1,0.691684,0.0,medium,N,below ACTIVE confidence/coverage trade-gate threshold,active market context,0.023609,-0.001375,-0.002233,china_asia_shock_vulnerable,중국 경기·무역갈등·공급망 충격이 한국/아시아와 반도체 자산에 번지는 장세입니다. 한국 반도체 factor와 원화 약세를 함께 확인합니다.
MSFT,MSFT,us_stock,acute_global_stress_liquidity_crunch,Acute Global Stress / Liquidity Crunch,급성 리스크오프/유동성 경색장,us_global,0.678776,-0.002233,1.037948,positive,0.678776,medium,59.880692,rolling_beta,v3,1,4862,4862,3,market,pass,N,,2026-05-19,1,0.405911,0.0,high,N,context only: WATCH state,context only: WATCH state,1.051467,1.037948,-0.002233,liquidity_stress_vulnerable,변동성이 튀고 위험자산이 동반 약세를 보이는 단기 스트레스 장세입니다. 상관관계 상승과 유동성 악화를 우선 점검합니다.
MSFT,MSFT,us_stock,geopolitical_escalation_supply_shock,Geopolitical Escalation / Supply Shock,지정학 확전·공급충격장,geopolitical,0.376728,-0.002233,1.051467,positive,0.376728,medium,68.226901,rolling_beta,v3,1,4283,4283,3,manual,pass,Y,,2026-05-19,1,0.401425,0.0,medium,N,context only: source_quality=manual,context only: source_quality=manual,0.200478,,-0.002233,geopolitical_supply_shock_vulnerable,"전쟁, 제재, 해상로 차질, 대만·중동·한반도 긴장처럼 유가·금·방산·변동성이 동시에 움직이는 이벤트성 충격 장세입니다. 뉴스 overlay는 가격 신호를 보강하는 용도로만 해석합니다."
MSFT,MSFT,us_stock,soft_landing_goldilocks,Soft Landing / Goldilocks,우호적 위험선호장,us_global,1.051467,-0.002233,1.037948,positive,1.051467,high,52.393619,rolling_beta,v3,1,4862,4862,3,market,pass,N,,2026-05-19,1,0.385976,0.0,high,N,non-adverse scenario,context only: WATCH state,1.051467,1.037948,-0.002233,risk_on_participation,우호적 위험선호장 참여 민감도
MSFT,MSFT,us_stock,semiconductor_ai_cycle_shock,Semiconductor / AI Cycle Shock,AI·반도체 사이클 충격장,korea_semiconductor,0.557893,-0.002233,0.40973,positive,0.557893,medium,35.914571,rolling_beta,v3,1,1262,1262,6,market,pass,N,,2026-05-19,0,0.0,0.0,medium,N,scenario inactive,inactive scenario,0.436115,0.40973,-0.002233,semiconductor_ai_shock_vulnerable,"AI capex 기대와 반도체 모멘텀이 꺾이면서 미국 성장주와 한국 반도체 대형주가 동시에 압박받는 장세입니다. SOXX, AI leader basket, 한국 반도체 basket의 동반 약세와 원화 압력을 함께 봅니다."
MSFT,MSFT,us_stock,korea_domestic_financial_stress,Korea Domestic Financial Stress,한국 내수 금융스트레스장,korea_market,-0.039359,-0.002233,0.0,neutral,0.039359,low,24.490447,rolling_beta,v3,1,4283,4283,5,seed,pass,Y,,2026-05-19,0,0.0,0.0,low,N,scenario inactive,inactive scenario,0.023609,-0.001375,-0.002233,korea_financial_stress_hedge,"가계부채, 부동산 PF, 비은행권, 금융주와 건설주 스트레스가 한국 자산 전반으로 번지는 장세입니다. 금융/건설 basket, 신용 spread, 단기자금 spread, 원화 약세를 함께 점검합니다."
MSFT,MSFT,us_stock,slowdown_recession_deflation_risk,Slowdown / Recession / Deflation Risk,경기둔화/침체 우려장,us_global,0.761596,-0.002233,1.037948,positive,0.761596,high,62.915468,rolling_beta,v3,1,4862,4862,3,market,pass,N,,2026-05-19,0,0.0,0.0,high,N,scenario inactive,inactive scenario,1.051467,1.037948,-0.002233,slowdown_vulnerable,수요 둔화와 침체/디플레이션 압력이 커지는 방어적 장세입니다. 주식 beta와 신용위험을 보수적으로 봅니다.
NVDA,NVDA,us_stock,higher_for_longer_long_rate_shock,Higher-for-Longer / Long-Rate Shock,장기금리 부담장,us_global,0.942409,-0.0007,1.371063,positive,0.942409,high,84.792857,rolling_beta,v3,1,4862,4862,3,market,pass,N,,2026-05-19,1,0.957691,0.957691,high,Y,trade-gated adverse scenario with medium/high evidence,active market context,1.440743,1.371063,-0.0007,rate_sensitive,장기금리와 달러 강세 부담이 채권·성장주·신용자산을 압박하는 장세입니다. 고밸류 성장주와 반도체 factor 민감도를 점검합니다.
NVDA,NVDA,us_stock,usd_strength_krw_weakness,USD Strength / KRW Weakness,달러강세/원화약세장,fx_krw,0.010186,-0.0007,0.099033,neutral,0.010186,low,55.911083,rolling_beta,v3,1,4283,4283,4,market,pass,N,,2026-05-19,1,0.741605,0.0,high,N,below ACTIVE confidence/coverage trade-gate threshold,active market context,0.4523,0.099033,-0.0007,krw_weakness_vulnerable,달러가 강하고 원화가 약해져 KRW 기준 투자자의 환율 리스크가 커지는 장세입니다. 한국 자산과 USD 노출의 역할을 분리해 봅니다.
NVDA,NVDA,us_stock,stagflation_reinflation_energy_shock,Stagflation / Reinflation / Energy Shock,물가·에너지 재상승장,us_global,0.521757,-0.0007,1.440743,positive,0.521757,medium,72.569021,rolling_beta,v3,1,4862,4862,2,market,pass,N,,2026-05-19,1,0.74313,0.74313,high,Y,trade-gated adverse scenario with medium/high evidence,active market context,0.254502,,-0.0007,stagflation_vulnerable,성장 부담이 있는데 유가·원자재·인플레이션 압력이 다시 커지는 장세입니다. 에너지/원자재 수혜와 장기채 부담을 함께 봅니다.
NVDA,NVDA,us_stock,china_trade_fragmentation_shock,China / Trade Fragmentation Shock,중국·무역분절 충격장,china_asia,0.555645,-0.0007,0.099033,positive,0.555645,medium,46.541871,rolling_beta,v3,1,1262,1262,5,market,pass,N,,2026-05-19,1,0.691684,0.0,medium,N,below ACTIVE confidence/coverage trade-gate threshold,active market context,0.173598,0.099033,-0.0007,china_asia_shock_vulnerable,중국 경기·무역갈등·공급망 충격이 한국/아시아와 반도체 자산에 번지는 장세입니다. 한국 반도체 factor와 원화 약세를 함께 확인합니다.
NVDA,NVDA,us_stock,acute_global_stress_liquidity_crunch,Acute Global Stress / Liquidity Crunch,급성 리스크오프/유동성 경색장,us_global,0.823902,-0.0007,1.371063,positive,0.823902,high,59.880692,rolling_beta,v3,1,4862,4862,3,market,pass,N,,2026-05-19,1,0.405911,0.0,high,N,context only: WATCH state,context only: WATCH state,1.440743,1.371063,-0.0007,liquidity_stress_vulnerable,변동성이 튀고 위험자산이 동반 약세를 보이는 단기 스트레스 장세입니다. 상관관계 상승과 유동성 악화를 우선 점검합니다.
NVDA,NVDA,us_stock,geopolitical_escalation_supply_shock,Geopolitical Escalation / Supply Shock,지정학 확전·공급충격장,geopolitical,0.443029,-0.0007,1.440743,positive,0.443029,medium,68.226901,rolling_beta,v3,1,4283,4283,3,manual,pass,Y,,2026-05-19,1,0.401425,0.0,medium,N,context only: source_quality=manual,context only: source_quality=manual,0.254502,,-0.0007,geopolitical_supply_shock_vulnerable,"전쟁, 제재, 해상로 차질, 대만·중동·한반도 긴장처럼 유가·금·방산·변동성이 동시에 움직이는 이벤트성 충격 장세입니다. 뉴스 overlay는 가격 신호를 보강하는 용도로만 해석합니다."
NVDA,NVDA,us_stock,soft_landing_goldilocks,Soft Landing / Goldilocks,우호적 위험선호장,us_global,1.440743,-0.0007,1.371063,positive,1.440743,high,52.393619,rolling_beta,v3,1,4862,4862,3,market,pass,N,,2026-05-19,1,0.385976,0.0,high,N,non-adverse scenario,context only: WATCH state,1.440743,1.371063,-0.0007,risk_on_participation,우호적 위험선호장 참여 민감도
NVDA,NVDA,us_stock,semiconductor_ai_cycle_shock,Semiconductor / AI Cycle Shock,AI·반도체 사이클 충격장,korea_semiconductor,1.380802,-0.0007,1.196496,positive,1.380802,high,35.914571,rolling_beta,v3,1,1262,1262,6,market,pass,N,,2026-05-19,0,0.0,0.0,medium,N,scenario inactive,inactive scenario,1.136414,1.196496,-0.0007,semiconductor_ai_shock_vulnerable,"AI capex 기대와 반도체 모멘텀이 꺾이면서 미국 성장주와 한국 반도체 대형주가 동시에 압박받는 장세입니다. SOXX, AI leader basket, 한국 반도체 basket의 동반 약세와 원화 압력을 함께 봅니다."
NVDA,NVDA,us_stock,korea_domestic_financial_stress,Korea Domestic Financial Stress,한국 내수 금융스트레스장,korea_market,-0.049952,-0.0007,0.099033,neutral,0.049952,low,24.490447,rolling_beta,v3,1,4283,4283,5,seed,pass,Y,,2026-05-19,0,0.0,0.0,low,N,scenario inactive,inactive scenario,0.173598,0.099033,-0.0007,korea_financial_stress_hedge,"가계부채, 부동산 PF, 비은행권, 금융주와 건설주 스트레스가 한국 자산 전반으로 번지는 장세입니다. 금융/건설 basket, 신용 spread, 단기자금 spread, 원화 약세를 함께 점검합니다."
NVDA,NVDA,us_stock,slowdown_recession_deflation_risk,Slowdown / Recession / Deflation Risk,경기둔화/침체 우려장,us_global,0.960978,-0.0007,1.371063,positive,0.960978,high,62.915468,rolling_beta,v3,1,4862,4862,3,market,pass,N,,2026-05-19,0,0.0,0.0,high,N,scenario inactive,inactive scenario,1.440743,1.371063,-0.0007,slowdown_vulnerable,수요 둔화와 침체/디플레이션 압력이 커지는 방어적 장세입니다. 주식 beta와 신용위험을 보수적으로 봅니다.
PFE,PFE,us_stock,higher_for_longer_long_rate_shock,Higher-for-Longer / Long-Rate Shock,장기금리 부담장,us_global,0.322459,-0.000488,0.767355,positive,0.322459,medium,84.792857,rolling_beta,v3,1,4862,4862,3,market,pass,N,,2026-05-19,1,0.957691,0.957691,high,Y,trade-gated adverse scenario with medium/high evidence,active market context,0.768107,0.767355,-0.000488,rate_sensitive,장기금리와 달러 강세 부담이 채권·성장주·신용자산을 압박하는 장세입니다. 고밸류 성장주와 반도체 factor 민감도를 점검합니다.
PFE,PFE,us_stock,usd_strength_krw_weakness,USD Strength / KRW Weakness,달러강세/원화약세장,fx_krw,-0.157973,-0.000488,0.001562,negative,0.157973,low,55.911083,rolling_beta,v3,1,4283,4283,4,market,pass,N,,2026-05-19,1,0.741605,0.0,high,N,below ACTIVE confidence/coverage trade-gate threshold,active market context,0.741275,0.001562,-0.000488,krw_weakness_hedge,달러가 강하고 원화가 약해져 KRW 기준 투자자의 환율 리스크가 커지는 장세입니다. 한국 자산과 USD 노출의 역할을 분리해 봅니다.
PFE,PFE,us_stock,stagflation_reinflation_energy_shock,Stagflation / Reinflation / Energy Shock,물가·에너지 재상승장,us_global,0.281044,-0.000488,0.768107,positive,0.281044,low,72.569021,rolling_beta,v3,1,4862,4862,2,market,pass,N,,2026-05-19,1,0.74313,0.74313,high,Y,trade-gated adverse scenario with medium/high evidence,active market context,0.146175,,-0.000488,stagflation_vulnerable,성장 부담이 있는데 유가·원자재·인플레이션 압력이 다시 커지는 장세입니다. 에너지/원자재 수혜와 장기채 부담을 함께 봅니다.
PFE,PFE,us_stock,china_trade_fragmentation_shock,China / Trade Fragmentation Shock,중국·무역분절 충격장,china_asia,0.065828,-0.000488,0.001562,positive,0.065828,low,46.541871,rolling_beta,v3,1,1262,1262,5,market,pass,N,,2026-05-19,1,0.691684,0.0,medium,N,below ACTIVE confidence/coverage trade-gate threshold,active market context,-0.027036,0.001562,-0.000488,china_asia_shock_vulnerable,중국 경기·무역갈등·공급망 충격이 한국/아시아와 반도체 자산에 번지는 장세입니다. 한국 반도체 factor와 원화 약세를 함께 확인합니다.
PFE,PFE,us_stock,acute_global_stress_liquidity_crunch,Acute Global Stress / Liquidity Crunch,급성 리스크오프/유동성 경색장,us_global,0.14443,-0.000488,0.767355,positive,0.14443,low,59.880692,rolling_beta,v3,1,4862,4862,3,market,pass,N,,2026-05-19,1,0.405911,0.0,high,N,context only: WATCH state,context only: WATCH state,0.768107,0.767355,-0.000488,liquidity_stress_vulnerable,변동성이 튀고 위험자산이 동반 약세를 보이는 단기 스트레스 장세입니다. 상관관계 상승과 유동성 악화를 우선 점검합니다.
PFE,PFE,us_stock,geopolitical_escalation_supply_shock,Geopolitical Escalation / Supply Shock,지정학 확전·공급충격장,geopolitical,0.000418,-0.000488,0.768107,neutral,0.000418,low,68.226901,rolling_beta,v3,1,4283,4283,3,manual,pass,Y,,2026-05-19,1,0.401425,0.0,medium,N,context only: source_quality=manual,context only: source_quality=manual,0.146175,,-0.000488,geopolitical_supply_shock_vulnerable,"전쟁, 제재, 해상로 차질, 대만·중동·한반도 긴장처럼 유가·금·방산·변동성이 동시에 움직이는 이벤트성 충격 장세입니다. 뉴스 overlay는 가격 신호를 보강하는 용도로만 해석합니다."
PFE,PFE,us_stock,soft_landing_goldilocks,Soft Landing / Goldilocks,우호적 위험선호장,us_global,0.768107,-0.000488,0.767355,positive,0.768107,high,52.393619,rolling_beta,v3,1,4862,4862,3,market,pass,N,,2026-05-19,1,0.385976,0.0,high,N,non-adverse scenario,context only: WATCH state,0.768107,0.767355,-0.000488,risk_on_participation,우호적 위험선호장 참여 민감도
PFE,PFE,us_stock,semiconductor_ai_cycle_shock,Semiconductor / AI Cycle Shock,AI·반도체 사이클 충격장,korea_semiconductor,-0.1569,-0.000488,0.064345,negative,0.1569,low,35.914571,rolling_beta,v3,1,1262,1262,6,market,pass,N,,2026-05-19,0,0.0,0.0,medium,N,scenario inactive,inactive scenario,0.113302,0.064345,-0.000488,semiconductor_ai_shock_hedge,"AI capex 기대와 반도체 모멘텀이 꺾이면서 미국 성장주와 한국 반도체 대형주가 동시에 압박받는 장세입니다. SOXX, AI leader basket, 한국 반도체 basket의 동반 약세와 원화 압력을 함께 봅니다."
PFE,PFE,us_stock,korea_domestic_financial_stress,Korea Domestic Financial Stress,한국 내수 금융스트레스장,korea_market,-0.376602,-0.000488,0.001562,negative,0.376602,medium,24.490447,rolling_beta,v3,1,4283,4283,5,seed,pass,Y,,2026-05-19,0,0.0,0.0,low,N,scenario inactive,inactive scenario,-0.027036,0.001562,-0.000488,korea_financial_stress_hedge,"가계부채, 부동산 PF, 비은행권, 금융주와 건설주 스트레스가 한국 자산 전반으로 번지는 장세입니다. 금융/건설 basket, 신용 spread, 단기자금 spread, 원화 약세를 함께 점검합니다."
PFE,PFE,us_stock,slowdown_recession_deflation_risk,Slowdown / Recession / Deflation Risk,경기둔화/침체 우려장,us_global,0.166358,-0.000488,0.767355,positive,0.166358,low,62.915468,rolling_beta,v3,1,4862,4862,3,market,pass,N,,2026-05-19,0,0.0,0.0,high,N,scenario inactive,inactive scenario,0.768107,0.767355,-0.000488,slowdown_vulnerable,수요 둔화와 침체/디플레이션 압력이 커지는 방어적 장세입니다. 주식 beta와 신용위험을 보수적으로 봅니다.
PG,PG,us_stock,higher_for_longer_long_rate_shock,Higher-for-Longer / Long-Rate Shock,장기금리 부담장,us_global,0.263098,-0.001366,0.648318,positive,0.263098,low,84.792857,rolling_beta,v3,1,4862,4862,3,market,pass,N,,2026-05-19,1,0.957691,0.957691,high,Y,trade-gated adverse scenario with medium/high evidence,active market context,0.660178,0.648318,-0.001366,rate_sensitive,장기금리와 달러 강세 부담이 채권·성장주·신용자산을 압박하는 장세입니다. 고밸류 성장주와 반도체 factor 민감도를 점검합니다.
PG,PG,us_stock,usd_strength_krw_weakness,USD Strength / KRW Weakness,달러강세/원화약세장,fx_krw,-0.184956,-0.001366,0.0,negative,0.184956,low,55.911083,rolling_beta,v3,1,4283,4283,4,market,pass,N,,2026-05-19,1,0.741605,0.0,high,N,below ACTIVE confidence/coverage trade-gate threshold,active market context,0.793393,-0.034943,-0.001366,krw_weakness_hedge,달러가 강하고 원화가 약해져 KRW 기준 투자자의 환율 리스크가 커지는 장세입니다. 한국 자산과 USD 노출의 역할을 분리해 봅니다.
PG,PG,us_stock,stagflation_reinflation_energy_shock,Stagflation / Reinflation / Energy Shock,물가·에너지 재상승장,us_global,0.265223,-0.001366,0.660178,positive,0.265223,low,72.569021,rolling_beta,v3,1,4862,4862,2,market,pass,N,,2026-05-19,1,0.74313,0.74313,high,Y,trade-gated adverse scenario with medium/high evidence,active market context,0.130303,,-0.001366,stagflation_vulnerable,성장 부담이 있는데 유가·원자재·인플레이션 압력이 다시 커지는 장세입니다. 에너지/원자재 수혜와 장기채 부담을 함께 봅니다.
PG,PG,us_stock,china_trade_fragmentation_shock,China / Trade Fragmentation Shock,중국·무역분절 충격장,china_asia,0.066197,-0.001366,0.0,positive,0.066197,low,46.541871,rolling_beta,v3,1,1262,1262,5,market,pass,N,,2026-05-19,1,0.691684,0.0,medium,N,below ACTIVE confidence/coverage trade-gate threshold,active market context,-0.071861,-0.034943,-0.001366,china_asia_shock_vulnerable,중국 경기·무역갈등·공급망 충격이 한국/아시아와 반도체 자산에 번지는 장세입니다. 한국 반도체 factor와 원화 약세를 함께 확인합니다.
PG,PG,us_stock,acute_global_stress_liquidity_crunch,Acute Global Stress / Liquidity Crunch,급성 리스크오프/유동성 경색장,us_global,0.124588,-0.001366,0.648318,positive,0.124588,low,59.880692,rolling_beta,v3,1,4862,4862,3,market,pass,N,,2026-05-19,1,0.405911,0.0,high,N,context only: WATCH state,context only: WATCH state,0.660178,0.648318,-0.001366,liquidity_stress_vulnerable,변동성이 튀고 위험자산이 동반 약세를 보이는 단기 스트레스 장세입니다. 상관관계 상승과 유동성 악화를 우선 점검합니다.
PG,PG,us_stock,geopolitical_escalation_supply_shock,Geopolitical Escalation / Supply Shock,지정학 확전·공급충격장,geopolitical,-0.009532,-0.001366,0.660178,neutral,0.009532,low,68.226901,rolling_beta,v3,1,4283,4283,3,manual,pass,Y,,2026-05-19,1,0.401425,0.0,medium,N,context only: source_quality=manual,context only: source_quality=manual,0.130303,,-0.001366,geopolitical_supply_shock_hedge,"전쟁, 제재, 해상로 차질, 대만·중동·한반도 긴장처럼 유가·금·방산·변동성이 동시에 움직이는 이벤트성 충격 장세입니다. 뉴스 overlay는 가격 신호를 보강하는 용도로만 해석합니다."
PG,PG,us_stock,soft_landing_goldilocks,Soft Landing / Goldilocks,우호적 위험선호장,us_global,0.660178,-0.001366,0.648318,positive,0.660178,medium,52.393619,rolling_beta,v3,1,4862,4862,3,market,pass,N,,2026-05-19,1,0.385976,0.0,high,N,non-adverse scenario,context only: WATCH state,0.660178,0.648318,-0.001366,risk_on_participation,우호적 위험선호장 참여 민감도
PG,PG,us_stock,semiconductor_ai_cycle_shock,Semiconductor / AI Cycle Shock,AI·반도체 사이클 충격장,korea_semiconductor,-0.186508,-0.001366,0.034524,negative,0.186508,low,35.914571,rolling_beta,v3,1,1262,1262,6,market,pass,N,,2026-05-19,0,0.0,0.0,medium,N,scenario inactive,inactive scenario,0.062946,0.034524,-0.001366,semiconductor_ai_shock_hedge,"AI capex 기대와 반도체 모멘텀이 꺾이면서 미국 성장주와 한국 반도체 대형주가 동시에 압박받는 장세입니다. SOXX, AI leader basket, 한국 반도체 basket의 동반 약세와 원화 압력을 함께 봅니다."
PG,PG,us_stock,korea_domestic_financial_stress,Korea Domestic Financial Stress,한국 내수 금융스트레스장,korea_market,-0.34683,-0.001366,0.0,negative,0.34683,medium,24.490447,rolling_beta,v3,1,4283,4283,5,seed,pass,Y,,2026-05-19,0,0.0,0.0,low,N,scenario inactive,inactive scenario,-0.071861,-0.034943,-0.001366,korea_financial_stress_hedge,"가계부채, 부동산 PF, 비은행권, 금융주와 건설주 스트레스가 한국 자산 전반으로 번지는 장세입니다. 금융/건설 basket, 신용 spread, 단기자금 spread, 원화 약세를 함께 점검합니다."
PG,PG,us_stock,slowdown_recession_deflation_risk,Slowdown / Recession / Deflation Risk,경기둔화/침체 우려장,us_global,0.126941,-0.001366,0.648318,positive,0.126941,low,62.915468,rolling_beta,v3,1,4862,4862,3,market,pass,N,,2026-05-19,0,0.0,0.0,high,N,scenario inactive,inactive scenario,0.660178,0.648318,-0.001366,slowdown_vulnerable,수요 둔화와 침체/디플레이션 압력이 커지는 방어적 장세입니다. 주식 beta와 신용위험을 보수적으로 봅니다.
PPA,PPA,etf,higher_for_longer_long_rate_shock,Higher-for-Longer / Long-Rate Shock,장기금리 부담장,us_global,0.416187,-0.002299,0.972539,positive,0.416187,medium,84.792857,rolling_beta,v3,1,4862,4862,3,market,pass,N,,2026-05-19,1,0.957691,0.957691,high,Y,trade-gated adverse scenario with medium/high evidence,active market context,0.938522,0.972539,-0.002299,rate_sensitive,장기금리와 달러 강세 부담이 채권·성장주·신용자산을 압박하는 장세입니다. 고밸류 성장주와 반도체 factor 민감도를 점검합니다.
PPA,PPA,etf,usd_strength_krw_weakness,USD Strength / KRW Weakness,달러강세/원화약세장,fx_krw,-0.115369,-0.002299,0.043355,negative,0.115369,low,55.911083,rolling_beta,v3,1,4283,4283,4,market,pass,N,,2026-05-19,1,0.741605,0.0,high,N,below ACTIVE confidence/coverage trade-gate threshold,active market context,0.621817,0.043355,-0.002299,krw_weakness_hedge,달러가 강하고 원화가 약해져 KRW 기준 투자자의 환율 리스크가 커지는 장세입니다. 한국 자산과 USD 노출의 역할을 분리해 봅니다.
PPA,PPA,etf,stagflation_reinflation_energy_shock,Stagflation / Reinflation / Energy Shock,물가·에너지 재상승장,us_global,-0.064034,-0.002299,0.938522,negative,0.064034,low,72.569021,rolling_beta,v3,1,4862,4862,2,market,pass,N,,2026-05-19,1,0.74313,0.74313,high,Y,trade-gated adverse scenario with medium/high evidence,active market context,0.21554,,-0.002299,inflation_hedge,성장 부담이 있는데 유가·원자재·인플레이션 압력이 다시 커지는 장세입니다. 에너지/원자재 수혜와 장기채 부담을 함께 봅니다.
PPA,PPA,etf,china_trade_fragmentation_shock,China / Trade Fragmentation Shock,중국·무역분절 충격장,china_asia,0.145187,-0.002299,0.043355,positive,0.145187,low,46.541871,rolling_beta,v3,1,1262,1262,5,market,pass,N,,2026-05-19,1,0.691684,0.0,medium,N,below ACTIVE confidence/coverage trade-gate threshold,active market context,0.057629,0.043355,-0.002299,china_asia_shock_vulnerable,중국 경기·무역갈등·공급망 충격이 한국/아시아와 반도체 자산에 번지는 장세입니다. 한국 반도체 factor와 원화 약세를 함께 확인합니다.
PPA,PPA,etf,acute_global_stress_liquidity_crunch,Acute Global Stress / Liquidity Crunch,급성 리스크오프/유동성 경색장,us_global,0.619656,-0.002299,0.972539,positive,0.619656,medium,59.880692,rolling_beta,v3,1,4862,4862,3,market,pass,N,,2026-05-19,1,0.405911,0.0,high,N,context only: WATCH state,context only: WATCH state,0.938522,0.972539,-0.002299,liquidity_stress_vulnerable,변동성이 튀고 위험자산이 동반 약세를 보이는 단기 스트레스 장세입니다. 상관관계 상승과 유동성 악화를 우선 점검합니다.
PPA,PPA,etf,geopolitical_escalation_supply_shock,Geopolitical Escalation / Supply Shock,지정학 확전·공급충격장,geopolitical,-0.017977,-0.002299,0.938522,neutral,0.017977,low,68.226901,rolling_beta,v3,1,4283,4283,3,manual,pass,Y,,2026-05-19,1,0.401425,0.0,medium,N,context only: source_quality=manual,context only: source_quality=manual,0.21554,,-0.002299,geopolitical_supply_shock_hedge,"전쟁, 제재, 해상로 차질, 대만·중동·한반도 긴장처럼 유가·금·방산·변동성이 동시에 움직이는 이벤트성 충격 장세입니다. 뉴스 overlay는 가격 신호를 보강하는 용도로만 해석합니다."
PPA,PPA,etf,soft_landing_goldilocks,Soft Landing / Goldilocks,우호적 위험선호장,us_global,0.938522,-0.002299,0.972539,positive,0.938522,high,52.393619,rolling_beta,v3,1,4862,4862,3,market,pass,N,,2026-05-19,1,0.385976,0.0,high,N,non-adverse scenario,context only: WATCH state,0.938522,0.972539,-0.002299,risk_on_participation,우호적 위험선호장 참여 민감도
PPA,PPA,etf,semiconductor_ai_cycle_shock,Semiconductor / AI Cycle Shock,AI·반도체 사이클 충격장,korea_semiconductor,0.293148,-0.002299,0.366559,positive,0.293148,low,35.914571,rolling_beta,v3,1,1262,1262,6,market,pass,N,,2026-05-19,0,0.0,0.0,medium,N,scenario inactive,inactive scenario,0.315045,0.366559,-0.002299,semiconductor_ai_shock_vulnerable,"AI capex 기대와 반도체 모멘텀이 꺾이면서 미국 성장주와 한국 반도체 대형주가 동시에 압박받는 장세입니다. SOXX, AI leader basket, 한국 반도체 basket의 동반 약세와 원화 압력을 함께 봅니다."
PPA,PPA,etf,korea_domestic_financial_stress,Korea Domestic Financial Stress,한국 내수 금융스트레스장,korea_market,-0.028259,-0.002299,0.043355,neutral,0.028259,low,24.490447,rolling_beta,v3,1,4283,4283,5,seed,pass,Y,,2026-05-19,0,0.0,0.0,low,N,scenario inactive,inactive scenario,0.057629,0.043355,-0.002299,korea_financial_stress_hedge,"가계부채, 부동산 PF, 비은행권, 금융주와 건설주 스트레스가 한국 자산 전반으로 번지는 장세입니다. 금융/건설 basket, 신용 spread, 단기자금 spread, 원화 약세를 함께 점검합니다."
PPA,PPA,etf,slowdown_recession_deflation_risk,Slowdown / Recession / Deflation Risk,경기둔화/침체 우려장,us_global,0.690515,-0.002299,0.972539,positive,0.690515,medium,62.915468,rolling_beta,v3,1,4862,4862,3,market,pass,N,,2026-05-19,0,0.0,0.0,high,N,scenario inactive,inactive scenario,0.938522,0.972539,-0.002299,slowdown_vulnerable,수요 둔화와 침체/디플레이션 압력이 커지는 방어적 장세입니다. 주식 beta와 신용위험을 보수적으로 봅니다.
QQQ,QQQ,etf,higher_for_longer_long_rate_shock,Higher-for-Longer / Long-Rate Shock,장기금리 부담장,us_global,0.47135,-0.001386,0.999924,positive,0.47135,medium,84.792857,rolling_beta,v3,1,4862,4862,3,market,pass,N,,2026-05-19,1,0.957691,0.957691,high,Y,trade-gated adverse scenario with medium/high evidence,active market context,1.038819,0.999924,-0.001386,rate_sensitive,장기금리와 달러 강세 부담이 채권·성장주·신용자산을 압박하는 장세입니다. 고밸류 성장주와 반도체 factor 민감도를 점검합니다.
QQQ,QQQ,etf,usd_strength_krw_weakness,USD Strength / KRW Weakness,달러강세/원화약세장,fx_krw,-0.090295,-0.001386,0.007797,negative,0.090295,low,55.911083,rolling_beta,v3,1,4283,4283,4,market,pass,N,,2026-05-19,1,0.741605,0.0,high,N,below ACTIVE confidence/coverage trade-gate threshold,active market context,0.594765,0.007797,-0.001386,krw_weakness_hedge,달러가 강하고 원화가 약해져 KRW 기준 투자자의 환율 리스크가 커지는 장세입니다. 한국 자산과 USD 노출의 역할을 분리해 봅니다.
QQQ,QQQ,etf,stagflation_reinflation_energy_shock,Stagflation / Reinflation / Energy Shock,물가·에너지 재상승장,us_global,0.398238,-0.001386,1.038819,positive,0.398238,medium,72.569021,rolling_beta,v3,1,4862,4862,2,market,pass,N,,2026-05-19,1,0.74313,0.74313,high,Y,trade-gated adverse scenario with medium/high evidence,active market context,0.192257,,-0.001386,stagflation_vulnerable,성장 부담이 있는데 유가·원자재·인플레이션 압력이 다시 커지는 장세입니다. 에너지/원자재 수혜와 장기채 부담을 함께 봅니다.
QQQ,QQQ,etf,china_trade_fragmentation_shock,China / Trade Fragmentation Shock,중국·무역분절 충격장,china_asia,0.142415,-0.001386,0.007797,positive,0.142415,low,46.541871,rolling_beta,v3,1,1262,1262,5,market,pass,N,,2026-05-19,1,0.691684,0.0,medium,N,below ACTIVE confidence/coverage trade-gate threshold,active market context,0.050553,0.007797,-0.001386,china_asia_shock_vulnerable,중국 경기·무역갈등·공급망 충격이 한국/아시아와 반도체 자산에 번지는 장세입니다. 한국 반도체 factor와 원화 약세를 함께 확인합니다.
QQQ,QQQ,etf,acute_global_stress_liquidity_crunch,Acute Global Stress / Liquidity Crunch,급성 리스크오프/유동성 경색장,us_global,0.633723,-0.001386,0.999924,positive,0.633723,medium,59.880692,rolling_beta,v3,1,4862,4862,3,market,pass,N,,2026-05-19,1,0.405911,0.0,high,N,context only: WATCH state,context only: WATCH state,1.038819,0.999924,-0.001386,liquidity_stress_vulnerable,변동성이 튀고 위험자산이 동반 약세를 보이는 단기 스트레스 장세입니다. 상관관계 상승과 유동성 악화를 우선 점검합니다.
QQQ,QQQ,etf,geopolitical_escalation_supply_shock,Geopolitical Escalation / Supply Shock,지정학 확전·공급충격장,geopolitical,0.344325,-0.001386,1.038819,positive,0.344325,medium,68.226901,rolling_beta,v3,1,4283,4283,3,manual,pass,Y,,2026-05-19,1,0.401425,0.0,medium,N,context only: source_quality=manual,context only: source_quality=manual,0.192257,,-0.001386,geopolitical_supply_shock_vulnerable,"전쟁, 제재, 해상로 차질, 대만·중동·한반도 긴장처럼 유가·금·방산·변동성이 동시에 움직이는 이벤트성 충격 장세입니다. 뉴스 overlay는 가격 신호를 보강하는 용도로만 해석합니다."
QQQ,QQQ,etf,soft_landing_goldilocks,Soft Landing / Goldilocks,우호적 위험선호장,us_global,1.038819,-0.001386,0.999924,positive,1.038819,high,52.393619,rolling_beta,v3,1,4862,4862,3,market,pass,N,,2026-05-19,1,0.385976,0.0,high,N,non-adverse scenario,context only: WATCH state,1.038819,0.999924,-0.001386,risk_on_participation,우호적 위험선호장 참여 민감도
QQQ,QQQ,etf,semiconductor_ai_cycle_shock,Semiconductor / AI Cycle Shock,AI·반도체 사이클 충격장,korea_semiconductor,0.646967,-0.001386,0.591205,positive,0.646967,medium,35.914571,rolling_beta,v3,1,1262,1262,6,market,pass,N,,2026-05-19,0,0.0,0.0,medium,N,scenario inactive,inactive scenario,0.559602,0.591205,-0.001386,semiconductor_ai_shock_vulnerable,"AI capex 기대와 반도체 모멘텀이 꺾이면서 미국 성장주와 한국 반도체 대형주가 동시에 압박받는 장세입니다. SOXX, AI leader basket, 한국 반도체 basket의 동반 약세와 원화 압력을 함께 봅니다."
QQQ,QQQ,etf,korea_domestic_financial_stress,Korea Domestic Financial Stress,한국 내수 금융스트레스장,korea_market,-0.05844,-0.001386,0.007797,negative,0.05844,low,24.490447,rolling_beta,v3,1,4283,4283,5,seed,pass,Y,,2026-05-19,0,0.0,0.0,low,N,scenario inactive,inactive scenario,0.050553,0.007797,-0.001386,korea_financial_stress_hedge,"가계부채, 부동산 PF, 비은행권, 금융주와 건설주 스트레스가 한국 자산 전반으로 번지는 장세입니다. 금융/건설 basket, 신용 spread, 단기자금 spread, 원화 약세를 함께 점검합니다."
QQQ,QQQ,etf,slowdown_recession_deflation_risk,Slowdown / Recession / Deflation Risk,경기둔화/침체 우려장,us_global,0.723744,-0.001386,0.999924,positive,0.723744,medium,62.915468,rolling_beta,v3,1,4862,4862,3,market,pass,N,,2026-05-19,0,0.0,0.0,high,N,scenario inactive,inactive scenario,1.038819,0.999924,-0.001386,slowdown_vulnerable,수요 둔화와 침체/디플레이션 압력이 커지는 방어적 장세입니다. 주식 beta와 신용위험을 보수적으로 봅니다.
SHY,SHY,bond_etf,higher_for_longer_long_rate_shock,Higher-for-Longer / Long-Rate Shock,장기금리 부담장,us_global,0.476759,-1.1e-05,0.188922,positive,0.476759,medium,84.792857,rolling_beta,v3,1,4862,4862,3,market,pass,N,,2026-05-19,1,0.957691,0.957691,high,Y,trade-gated adverse scenario with medium/high evidence,active market context,0.230471,0.188922,-1.1e-05,rate_sensitive,장기금리와 달러 강세 부담이 채권·성장주·신용자산을 압박하는 장세입니다. 고밸류 성장주와 반도체 factor 민감도를 점검합니다.
SHY,SHY,bond_etf,usd_strength_krw_weakness,USD Strength / KRW Weakness,달러강세/원화약세장,fx_krw,-0.292382,-1.1e-05,0.0,negative,0.292382,low,55.911083,rolling_beta,v3,1,4283,4283,4,market,pass,N,,2026-05-19,1,0.741605,0.0,high,N,below ACTIVE confidence/coverage trade-gate threshold,active market context,0.945886,-0.138328,-1.1e-05,krw_weakness_hedge,달러가 강하고 원화가 약해져 KRW 기준 투자자의 환율 리스크가 커지는 장세입니다. 한국 자산과 USD 노출의 역할을 분리해 봅니다.
SHY,SHY,bond_etf,stagflation_reinflation_energy_shock,Stagflation / Reinflation / Energy Shock,물가·에너지 재상승장,us_global,0.280951,-1.1e-05,0.230471,positive,0.280951,low,72.569021,rolling_beta,v3,1,4862,4862,2,market,pass,N,,2026-05-19,1,0.74313,0.74313,high,Y,trade-gated adverse scenario with medium/high evidence,active market context,0.076805,,-1.1e-05,stagflation_vulnerable,성장 부담이 있는데 유가·원자재·인플레이션 압력이 다시 커지는 장세입니다. 에너지/원자재 수혜와 장기채 부담을 함께 봅니다.
SHY,SHY,bond_etf,china_trade_fragmentation_shock,China / Trade Fragmentation Shock,중국·무역분절 충격장,china_asia,-0.053619,-1.1e-05,0.0,negative,0.053619,low,46.541871,rolling_beta,v3,1,1262,1262,5,market,pass,N,,2026-05-19,1,0.691684,0.0,medium,N,below ACTIVE confidence/coverage trade-gate threshold,active market context,-0.132601,-0.138328,-1.1e-05,china_asia_shock_hedge,중국 경기·무역갈등·공급망 충격이 한국/아시아와 반도체 자산에 번지는 장세입니다. 한국 반도체 factor와 원화 약세를 함께 확인합니다.
SHY,SHY,bond_etf,acute_global_stress_liquidity_crunch,Acute Global Stress / Liquidity Crunch,급성 리스크오프/유동성 경색장,us_global,-0.172725,-1.1e-05,0.188922,negative,0.172725,low,59.880692,rolling_beta,v3,1,4862,4862,3,market,pass,N,,2026-05-19,1,0.405911,0.0,high,N,context only: WATCH state,context only: WATCH state,0.230471,0.188922,-1.1e-05,liquidity_stress_defense,변동성이 튀고 위험자산이 동반 약세를 보이는 단기 스트레스 장세입니다. 상관관계 상승과 유동성 악화를 우선 점검합니다.
SHY,SHY,bond_etf,geopolitical_escalation_supply_shock,Geopolitical Escalation / Supply Shock,지정학 확전·공급충격장,geopolitical,-0.16929,-1.1e-05,0.230471,negative,0.16929,low,68.226901,rolling_beta,v3,1,4283,4283,3,manual,pass,Y,,2026-05-19,1,0.401425,0.0,medium,N,context only: source_quality=manual,context only: source_quality=manual,0.076805,,-1.1e-05,geopolitical_supply_shock_hedge,"전쟁, 제재, 해상로 차질, 대만·중동·한반도 긴장처럼 유가·금·방산·변동성이 동시에 움직이는 이벤트성 충격 장세입니다. 뉴스 overlay는 가격 신호를 보강하는 용도로만 해석합니다."
SHY,SHY,bond_etf,soft_landing_goldilocks,Soft Landing / Goldilocks,우호적 위험선호장,us_global,0.230471,-1.1e-05,0.188922,positive,0.230471,low,52.393619,rolling_beta,v3,1,4862,4862,3,market,pass,N,,2026-05-19,1,0.385976,0.0,high,N,non-adverse scenario,context only: WATCH state,0.230471,0.188922,-1.1e-05,risk_on_participation,우호적 위험선호장 참여 민감도
SHY,SHY,bond_etf,semiconductor_ai_cycle_shock,Semiconductor / AI Cycle Shock,AI·반도체 사이클 충격장,korea_semiconductor,-0.258493,-1.1e-05,0.015002,negative,0.258493,low,35.914571,rolling_beta,v3,1,1262,1262,6,market,pass,N,,2026-05-19,0,0.0,0.0,medium,N,scenario inactive,inactive scenario,0.036487,0.015002,-1.1e-05,semiconductor_ai_shock_hedge,"AI capex 기대와 반도체 모멘텀이 꺾이면서 미국 성장주와 한국 반도체 대형주가 동시에 압박받는 장세입니다. SOXX, AI leader basket, 한국 반도체 basket의 동반 약세와 원화 압력을 함께 봅니다."
SHY,SHY,bond_etf,korea_domestic_financial_stress,Korea Domestic Financial Stress,한국 내수 금융스트레스장,korea_market,-0.357831,-1.1e-05,0.0,negative,0.357831,medium,24.490447,rolling_beta,v3,1,4283,4283,5,seed,pass,Y,,2026-05-19,0,0.0,0.0,low,N,scenario inactive,inactive scenario,-0.132601,-0.138328,-1.1e-05,korea_financial_stress_hedge,"가계부채, 부동산 PF, 비은행권, 금융주와 건설주 스트레스가 한국 자산 전반으로 번지는 장세입니다. 금융/건설 basket, 신용 spread, 단기자금 spread, 원화 약세를 함께 점검합니다."
SHY,SHY,bond_etf,slowdown_recession_deflation_risk,Slowdown / Recession / Deflation Risk,경기둔화/침체 우려장,us_global,-0.199793,-1.1e-05,0.188922,negative,0.199793,low,62.915468,rolling_beta,v3,1,4862,4862,3,market,pass,N,,2026-05-19,0,0.0,0.0,high,N,scenario inactive,inactive scenario,0.230471,0.188922,-1.1e-05,slowdown_defense,수요 둔화와 침체/디플레이션 압력이 커지는 방어적 장세입니다. 주식 beta와 신용위험을 보수적으로 봅니다.
SOL-USD,SOL-USD,crypto,higher_for_longer_long_rate_shock,Higher-for-Longer / Long-Rate Shock,장기금리 부담장,us_global,0.807335,0.011753,1.573393,positive,0.807335,high,84.792857,rolling_beta,v3,1,1534,1534,3,market,pass,N,,2026-05-19,1,0.957691,0.957691,high,Y,trade-gated adverse scenario with medium/high evidence,active market context,1.6497,1.573393,0.011753,rate_sensitive,장기금리와 달러 강세 부담이 채권·성장주·신용자산을 압박하는 장세입니다. 고밸류 성장주와 반도체 factor 민감도를 점검합니다.
SOL-USD,SOL-USD,crypto,usd_strength_krw_weakness,USD Strength / KRW Weakness,달러강세/원화약세장,fx_krw,0.062425,0.011753,0.0,positive,0.062425,low,55.911083,rolling_beta,v3,1,1492,1492,4,market,pass,N,,2026-05-19,1,0.741605,0.0,high,N,below ACTIVE confidence/coverage trade-gate threshold,active market context,0.298652,-0.132408,0.011753,krw_weakness_vulnerable,달러가 강하고 원화가 약해져 KRW 기준 투자자의 환율 리스크가 커지는 장세입니다. 한국 자산과 USD 노출의 역할을 분리해 봅니다.
SOL-USD,SOL-USD,crypto,stagflation_reinflation_energy_shock,Stagflation / Reinflation / Energy Shock,물가·에너지 재상승장,us_global,0.283579,0.011753,1.6497,positive,0.283579,low,72.569021,rolling_beta,v3,1,1534,1534,2,market,pass,N,,2026-05-19,1,0.74313,0.74313,high,Y,trade-gated adverse scenario with medium/high evidence,active market context,0.115364,,0.011753,stagflation_vulnerable,성장 부담이 있는데 유가·원자재·인플레이션 압력이 다시 커지는 장세입니다. 에너지/원자재 수혜와 장기채 부담을 함께 봅니다.
SOL-USD,SOL-USD,crypto,china_trade_fragmentation_shock,China / Trade Fragmentation Shock,중국·무역분절 충격장,china_asia,-0.063876,0.011753,0.0,negative,0.063876,low,46.541871,rolling_beta,v3,1,1262,1262,5,market,pass,N,,2026-05-19,1,0.691684,0.0,medium,N,below ACTIVE confidence/coverage trade-gate threshold,active market context,-0.082661,-0.132408,0.011753,china_asia_shock_hedge,중국 경기·무역갈등·공급망 충격이 한국/아시아와 반도체 자산에 번지는 장세입니다. 한국 반도체 factor와 원화 약세를 함께 확인합니다.
SOL-USD,SOL-USD,crypto,acute_global_stress_liquidity_crunch,Acute Global Stress / Liquidity Crunch,급성 리스크오프/유동성 경색장,us_global,0.378465,0.011753,1.573393,positive,0.378465,medium,59.880692,rolling_beta,v3,1,1534,1534,3,market,pass,N,,2026-05-19,1,0.405911,0.0,high,N,context only: WATCH state,context only: WATCH state,1.6497,1.573393,0.011753,liquidity_stress_vulnerable,변동성이 튀고 위험자산이 동반 약세를 보이는 단기 스트레스 장세입니다. 상관관계 상승과 유동성 악화를 우선 점검합니다.
SOL-USD,SOL-USD,crypto,geopolitical_escalation_supply_shock,Geopolitical Escalation / Supply Shock,지정학 확전·공급충격장,geopolitical,0.182263,0.011753,1.6497,positive,0.182263,low,68.226901,rolling_beta,v3,1,1534,1534,3,manual,pass,Y,,2026-05-19,1,0.401425,0.0,medium,N,context only: source_quality=manual,context only: source_quality=manual,0.115364,,0.011753,geopolitical_supply_shock_vulnerable,"전쟁, 제재, 해상로 차질, 대만·중동·한반도 긴장처럼 유가·금·방산·변동성이 동시에 움직이는 이벤트성 충격 장세입니다. 뉴스 overlay는 가격 신호를 보강하는 용도로만 해석합니다."
SOL-USD,SOL-USD,crypto,soft_landing_goldilocks,Soft Landing / Goldilocks,우호적 위험선호장,us_global,1.6497,0.011753,1.573393,positive,1.6497,high,52.393619,rolling_beta,v3,1,1534,1534,3,market,pass,N,,2026-05-19,1,0.385976,0.0,high,N,non-adverse scenario,context only: WATCH state,1.6497,1.573393,0.011753,risk_on_participation,우호적 위험선호장 참여 민감도
SOL-USD,SOL-USD,crypto,semiconductor_ai_cycle_shock,Semiconductor / AI Cycle Shock,AI·반도체 사이클 충격장,korea_semiconductor,0.533379,0.011753,0.909429,positive,0.533379,medium,35.914571,rolling_beta,v3,1,1262,1262,6,market,pass,N,,2026-05-19,0,0.0,0.0,medium,N,scenario inactive,inactive scenario,0.771445,0.909429,0.011753,semiconductor_ai_shock_vulnerable,"AI capex 기대와 반도체 모멘텀이 꺾이면서 미국 성장주와 한국 반도체 대형주가 동시에 압박받는 장세입니다. SOXX, AI leader basket, 한국 반도체 basket의 동반 약세와 원화 압력을 함께 봅니다."
SOL-USD,SOL-USD,crypto,korea_domestic_financial_stress,Korea Domestic Financial Stress,한국 내수 금융스트레스장,korea_market,-0.448071,0.011753,0.0,negative,0.448071,medium,24.490447,rolling_beta,v3,1,1491,1491,5,seed,pass,Y,,2026-05-19,0,0.0,0.0,low,N,scenario inactive,inactive scenario,-0.082661,-0.132408,0.011753,korea_financial_stress_hedge,"가계부채, 부동산 PF, 비은행권, 금융주와 건설주 스트레스가 한국 자산 전반으로 번지는 장세입니다. 금융/건설 basket, 신용 spread, 단기자금 spread, 원화 약세를 함께 점검합니다."
SOL-USD,SOL-USD,crypto,slowdown_recession_deflation_risk,Slowdown / Recession / Deflation Risk,경기둔화/침체 우려장,us_global,0.660962,0.011753,1.573393,positive,0.660962,medium,62.915468,rolling_beta,v3,1,1534,1534,3,market,pass,N,,2026-05-19,0,0.0,0.0,high,N,scenario inactive,inactive scenario,1.6497,1.573393,0.011753,slowdown_vulnerable,수요 둔화와 침체/디플레이션 압력이 커지는 방어적 장세입니다. 주식 beta와 신용위험을 보수적으로 봅니다.
SPY,SPY,etf,higher_for_longer_long_rate_shock,Higher-for-Longer / Long-Rate Shock,장기금리 부담장,us_global,0.45,-0.001459,1.0,positive,0.45,medium,84.792857,rolling_beta,v3,1,4862,4862,3,market,pass,N,,2026-05-19,1,0.957691,0.957691,high,Y,trade-gated adverse scenario with medium/high evidence,active market context,1.0,1.0,-0.001459,rate_sensitive,장기금리와 달러 강세 부담이 채권·성장주·신용자산을 압박하는 장세입니다. 고밸류 성장주와 반도체 factor 민감도를 점검합니다.
SPY,SPY,etf,usd_strength_krw_weakness,USD Strength / KRW Weakness,달러강세/원화약세장,fx_krw,-0.1,-0.001459,0.045374,negative,0.1,low,55.911083,rolling_beta,v3,1,4283,4283,4,market,pass,N,,2026-05-19,1,0.741605,0.0,high,N,below ACTIVE confidence/coverage trade-gate threshold,active market context,0.606711,0.045374,-0.001459,krw_weakness_hedge,달러가 강하고 원화가 약해져 KRW 기준 투자자의 환율 리스크가 커지는 장세입니다. 한국 자산과 USD 노출의 역할을 분리해 봅니다.
SPY,SPY,etf,stagflation_reinflation_energy_shock,Stagflation / Reinflation / Energy Shock,물가·에너지 재상승장,us_global,0.386468,-0.001459,1.0,positive,0.386468,medium,72.569021,rolling_beta,v3,1,4862,4862,2,market,pass,N,,2026-05-19,1,0.74313,0.74313,high,Y,trade-gated adverse scenario with medium/high evidence,active market context,0.214756,,-0.001459,stagflation_vulnerable,성장 부담이 있는데 유가·원자재·인플레이션 압력이 다시 커지는 장세입니다. 에너지/원자재 수혜와 장기채 부담을 함께 봅니다.
SPY,SPY,etf,china_trade_fragmentation_shock,China / Trade Fragmentation Shock,중국·무역분절 충격장,china_asia,0.136468,-0.001459,0.045374,positive,0.136468,low,46.541871,rolling_beta,v3,1,1262,1262,5,market,pass,N,,2026-05-19,1,0.691684,0.0,medium,N,below ACTIVE confidence/coverage trade-gate threshold,active market context,0.053943,0.045374,-0.001459,china_asia_shock_vulnerable,중국 경기·무역갈등·공급망 충격이 한국/아시아와 반도체 자산에 번지는 장세입니다. 한국 반도체 factor와 원화 약세를 함께 확인합니다.
SPY,SPY,etf,acute_global_stress_liquidity_crunch,Acute Global Stress / Liquidity Crunch,급성 리스크오프/유동성 경색장,us_global,0.615642,-0.001459,1.0,positive,0.615642,medium,59.880692,rolling_beta,v3,1,4862,4862,3,market,pass,N,,2026-05-19,1,0.405911,0.0,high,N,context only: WATCH state,context only: WATCH state,1.0,1.0,-0.001459,liquidity_stress_vulnerable,변동성이 튀고 위험자산이 동반 약세를 보이는 단기 스트레스 장세입니다. 상관관계 상승과 유동성 악화를 우선 점검합니다.
SPY,SPY,etf,geopolitical_escalation_supply_shock,Geopolitical Escalation / Supply Shock,지정학 확전·공급충격장,geopolitical,0.331758,-0.001459,1.0,positive,0.331758,medium,68.226901,rolling_beta,v3,1,4283,4283,3,manual,pass,Y,,2026-05-19,1,0.401425,0.0,medium,N,context only: source_quality=manual,context only: source_quality=manual,0.214756,,-0.001459,geopolitical_supply_shock_vulnerable,"전쟁, 제재, 해상로 차질, 대만·중동·한반도 긴장처럼 유가·금·방산·변동성이 동시에 움직이는 이벤트성 충격 장세입니다. 뉴스 overlay는 가격 신호를 보강하는 용도로만 해석합니다."
SPY,SPY,etf,soft_landing_goldilocks,Soft Landing / Goldilocks,우호적 위험선호장,us_global,1.0,-0.001459,1.0,positive,1.0,high,52.393619,rolling_beta,v3,1,4862,4862,3,market,pass,N,,2026-05-19,1,0.385976,0.0,high,N,non-adverse scenario,context only: WATCH state,1.0,1.0,-0.001459,risk_on_participation,우호적 위험선호장 참여 민감도
SPY,SPY,etf,semiconductor_ai_cycle_shock,Semiconductor / AI Cycle Shock,AI·반도체 사이클 충격장,korea_semiconductor,0.342307,-0.001459,0.429316,positive,0.342307,medium,35.914571,rolling_beta,v3,1,1262,1262,6,market,pass,N,,2026-05-19,0,0.0,0.0,medium,N,scenario inactive,inactive scenario,0.405749,0.429316,-0.001459,semiconductor_ai_shock_vulnerable,"AI capex 기대와 반도체 모멘텀이 꺾이면서 미국 성장주와 한국 반도체 대형주가 동시에 압박받는 장세입니다. SOXX, AI leader basket, 한국 반도체 basket의 동반 약세와 원화 압력을 함께 봅니다."
SPY,SPY,etf,korea_domestic_financial_stress,Korea Domestic Financial Stress,한국 내수 금융스트레스장,korea_market,-0.053645,-0.001459,0.045374,negative,0.053645,low,24.490447,rolling_beta,v3,1,4283,4283,5,seed,pass,Y,,2026-05-19,0,0.0,0.0,low,N,scenario inactive,inactive scenario,0.053943,0.045374,-0.001459,korea_financial_stress_hedge,"가계부채, 부동산 PF, 비은행권, 금융주와 건설주 스트레스가 한국 자산 전반으로 번지는 장세입니다. 금융/건설 basket, 신용 spread, 단기자금 spread, 원화 약세를 함께 점검합니다."
SPY,SPY,etf,slowdown_recession_deflation_risk,Slowdown / Recession / Deflation Risk,경기둔화/침체 우려장,us_global,0.701055,-0.001459,1.0,positive,0.701055,medium,62.915468,rolling_beta,v3,1,4862,4862,3,market,pass,N,,2026-05-19,0,0.0,0.0,high,N,scenario inactive,inactive scenario,1.0,1.0,-0.001459,slowdown_vulnerable,수요 둔화와 침체/디플레이션 압력이 커지는 방어적 장세입니다. 주식 beta와 신용위험을 보수적으로 봅니다.
TIP,TIP,bond_etf,higher_for_longer_long_rate_shock,Higher-for-Longer / Long-Rate Shock,장기금리 부담장,us_global,0.465591,-0.000605,0.187675,positive,0.465591,medium,84.792857,rolling_beta,v3,1,4862,4862,3,market,pass,N,,2026-05-19,1,0.957691,0.957691,high,Y,trade-gated adverse scenario with medium/high evidence,active market context,0.210165,0.187675,-0.000605,rate_sensitive,장기금리와 달러 강세 부담이 채권·성장주·신용자산을 압박하는 장세입니다. 고밸류 성장주와 반도체 factor 민감도를 점검합니다.
TIP,TIP,bond_etf,usd_strength_krw_weakness,USD Strength / KRW Weakness,달러강세/원화약세장,fx_krw,-0.297459,-0.000605,0.0,negative,0.297459,low,55.911083,rolling_beta,v3,1,4283,4283,4,market,pass,N,,2026-05-19,1,0.741605,0.0,high,N,below ACTIVE confidence/coverage trade-gate threshold,active market context,0.928513,-0.101518,-0.000605,krw_weakness_hedge,달러가 강하고 원화가 약해져 KRW 기준 투자자의 환율 리스크가 커지는 장세입니다. 한국 자산과 USD 노출의 역할을 분리해 봅니다.
TIP,TIP,bond_etf,stagflation_reinflation_energy_shock,Stagflation / Reinflation / Energy Shock,물가·에너지 재상승장,us_global,-0.161321,-0.000605,0.210165,negative,0.161321,low,72.569021,rolling_beta,v3,1,4862,4862,2,market,pass,N,,2026-05-19,1,0.74313,0.74313,high,Y,trade-gated adverse scenario with medium/high evidence,active market context,0.084062,,-0.000605,inflation_hedge,성장 부담이 있는데 유가·원자재·인플레이션 압력이 다시 커지는 장세입니다. 에너지/원자재 수혜와 장기채 부담을 함께 봅니다.
TIP,TIP,bond_etf,china_trade_fragmentation_shock,China / Trade Fragmentation Shock,중국·무역분절 충격장,china_asia,-0.042845,-0.000605,0.0,neutral,0.042845,low,46.541871,rolling_beta,v3,1,1262,1262,5,market,pass,N,,2026-05-19,1,0.691684,0.0,medium,N,below ACTIVE confidence/coverage trade-gate threshold,active market context,-0.119072,-0.101518,-0.000605,china_asia_shock_hedge,중국 경기·무역갈등·공급망 충격이 한국/아시아와 반도체 자산에 번지는 장세입니다. 한국 반도체 factor와 원화 약세를 함께 확인합니다.
TIP,TIP,bond_etf,acute_global_stress_liquidity_crunch,Acute Global Stress / Liquidity Crunch,급성 리스크오프/유동성 경색장,us_global,-0.15719,-0.000605,0.187675,negative,0.15719,low,59.880692,rolling_beta,v3,1,4862,4862,3,market,pass,N,,2026-05-19,1,0.405911,0.0,high,N,context only: WATCH state,context only: WATCH state,0.210165,0.187675,-0.000605,liquidity_stress_defense,변동성이 튀고 위험자산이 동반 약세를 보이는 단기 스트레스 장세입니다. 상관관계 상승과 유동성 악화를 우선 점검합니다.
TIP,TIP,bond_etf,geopolitical_escalation_supply_shock,Geopolitical Escalation / Supply Shock,지정학 확전·공급충격장,geopolitical,-0.51942,-0.000605,0.210165,negative,0.51942,medium,68.226901,rolling_beta,v3,1,4283,4283,3,manual,pass,Y,,2026-05-19,1,0.401425,0.0,medium,N,context only: source_quality=manual,context only: source_quality=manual,0.084062,,-0.000605,geopolitical_supply_shock_hedge,"전쟁, 제재, 해상로 차질, 대만·중동·한반도 긴장처럼 유가·금·방산·변동성이 동시에 움직이는 이벤트성 충격 장세입니다. 뉴스 overlay는 가격 신호를 보강하는 용도로만 해석합니다."
TIP,TIP,bond_etf,soft_landing_goldilocks,Soft Landing / Goldilocks,우호적 위험선호장,us_global,0.210165,-0.000605,0.187675,positive,0.210165,low,52.393619,rolling_beta,v3,1,4862,4862,3,market,pass,N,,2026-05-19,1,0.385976,0.0,high,N,non-adverse scenario,context only: WATCH state,0.210165,0.187675,-0.000605,risk_on_participation,우호적 위험선호장 참여 민감도
TIP,TIP,bond_etf,semiconductor_ai_cycle_shock,Semiconductor / AI Cycle Shock,AI·반도체 사이클 충격장,korea_semiconductor,-0.24871,-0.000605,0.020821,negative,0.24871,low,35.914571,rolling_beta,v3,1,1262,1262,6,market,pass,N,,2026-05-19,0,0.0,0.0,medium,N,scenario inactive,inactive scenario,0.04755,0.020821,-0.000605,semiconductor_ai_shock_hedge,"AI capex 기대와 반도체 모멘텀이 꺾이면서 미국 성장주와 한국 반도체 대형주가 동시에 압박받는 장세입니다. SOXX, AI leader basket, 한국 반도체 basket의 동반 약세와 원화 압력을 함께 봅니다."
TIP,TIP,bond_etf,korea_domestic_financial_stress,Korea Domestic Financial Stress,한국 내수 금융스트레스장,korea_market,-0.345601,-0.000605,0.0,negative,0.345601,medium,24.490447,rolling_beta,v3,1,4283,4283,5,seed,pass,Y,,2026-05-19,0,0.0,0.0,low,N,scenario inactive,inactive scenario,-0.119072,-0.101518,-0.000605,korea_financial_stress_hedge,"가계부채, 부동산 PF, 비은행권, 금융주와 건설주 스트레스가 한국 자산 전반으로 번지는 장세입니다. 금융/건설 basket, 신용 spread, 단기자금 spread, 원화 약세를 함께 점검합니다."
TIP,TIP,bond_etf,slowdown_recession_deflation_risk,Slowdown / Recession / Deflation Risk,경기둔화/침체 우려장,us_global,-0.192222,-0.000605,0.187675,negative,0.192222,low,62.915468,rolling_beta,v3,1,4862,4862,3,market,pass,N,,2026-05-19,0,0.0,0.0,high,N,scenario inactive,inactive scenario,0.210165,0.187675,-0.000605,slowdown_defense,수요 둔화와 침체/디플레이션 압력이 커지는 방어적 장세입니다. 주식 beta와 신용위험을 보수적으로 봅니다.
TLT,TLT,bond_etf,higher_for_longer_long_rate_shock,Higher-for-Longer / Long-Rate Shock,장기금리 부담장,us_global,0.378888,0.000645,0.0,positive,0.378888,medium,84.792857,rolling_beta,v3,1,4862,4862,3,market,pass,N,,2026-05-19,1,0.957691,0.957691,high,Y,trade-gated adverse scenario with medium/high evidence,active market context,0.052524,-0.02043,0.000645,rate_sensitive,장기금리와 달러 강세 부담이 채권·성장주·신용자산을 압박하는 장세입니다. 고밸류 성장주와 반도체 factor 민감도를 점검합니다.
TLT,TLT,bond_etf,usd_strength_krw_weakness,USD Strength / KRW Weakness,달러강세/원화약세장,fx_krw,-0.336869,0.000645,0.0,negative,0.336869,medium,55.911083,rolling_beta,v3,1,4283,4283,4,market,pass,N,,2026-05-19,1,0.741605,0.0,high,N,below ACTIVE confidence/coverage trade-gate threshold,active market context,0.999828,-0.180804,0.000645,krw_weakness_hedge,달러가 강하고 원화가 약해져 KRW 기준 투자자의 환율 리스크가 커지는 장세입니다. 한국 자산과 USD 노출의 역할을 분리해 봅니다.
TLT,TLT,bond_etf,stagflation_reinflation_energy_shock,Stagflation / Reinflation / Energy Shock,물가·에너지 재상승장,us_global,0.202251,0.000645,0.052524,positive,0.202251,low,72.569021,rolling_beta,v3,1,4862,4862,2,market,pass,N,,2026-05-19,1,0.74313,0.74313,high,Y,trade-gated adverse scenario with medium/high evidence,active market context,-0.005012,,0.000645,stagflation_vulnerable,성장 부담이 있는데 유가·원자재·인플레이션 압력이 다시 커지는 장세입니다. 에너지/원자재 수혜와 장기채 부담을 함께 봅니다.
TLT,TLT,bond_etf,china_trade_fragmentation_shock,China / Trade Fragmentation Shock,중국·무역분절 충격장,china_asia,-0.105628,0.000645,0.0,negative,0.105628,low,46.541871,rolling_beta,v3,1,1262,1262,5,market,pass,N,,2026-05-19,1,0.691684,0.0,medium,N,below ACTIVE confidence/coverage trade-gate threshold,active market context,-0.192412,-0.180804,0.000645,china_asia_shock_hedge,중국 경기·무역갈등·공급망 충격이 한국/아시아와 반도체 자산에 번지는 장세입니다. 한국 반도체 factor와 원화 약세를 함께 확인합니다.
TLT,TLT,bond_etf,acute_global_stress_liquidity_crunch,Acute Global Stress / Liquidity Crunch,급성 리스크오프/유동성 경색장,us_global,-0.30015,0.000645,0.0,negative,0.30015,medium,59.880692,rolling_beta,v3,1,4862,4862,3,market,pass,N,,2026-05-19,1,0.405911,0.0,high,N,context only: WATCH state,context only: WATCH state,0.052524,-0.02043,0.000645,liquidity_stress_defense,변동성이 튀고 위험자산이 동반 약세를 보이는 단기 스트레스 장세입니다. 상관관계 상승과 유동성 악화를 우선 점검합니다.
TLT,TLT,bond_etf,geopolitical_escalation_supply_shock,Geopolitical Escalation / Supply Shock,지정학 확전·공급충격장,geopolitical,-0.242498,0.000645,0.052524,negative,0.242498,low,68.226901,rolling_beta,v3,1,4283,4283,3,manual,pass,Y,,2026-05-19,1,0.401425,0.0,medium,N,context only: source_quality=manual,context only: source_quality=manual,-0.005012,,0.000645,geopolitical_supply_shock_hedge,"전쟁, 제재, 해상로 차질, 대만·중동·한반도 긴장처럼 유가·금·방산·변동성이 동시에 움직이는 이벤트성 충격 장세입니다. 뉴스 overlay는 가격 신호를 보강하는 용도로만 해석합니다."
TLT,TLT,bond_etf,soft_landing_goldilocks,Soft Landing / Goldilocks,우호적 위험선호장,us_global,0.052524,0.000645,0.0,positive,0.052524,low,52.393619,rolling_beta,v3,1,4862,4862,3,market,pass,N,,2026-05-19,1,0.385976,0.0,high,N,non-adverse scenario,context only: WATCH state,0.052524,-0.02043,0.000645,neutral_or_defensive,우호적 위험선호장 참여 민감도
TLT,TLT,bond_etf,semiconductor_ai_cycle_shock,Semiconductor / AI Cycle Shock,AI·반도체 사이클 충격장,korea_semiconductor,-0.286761,0.000645,0.0,negative,0.286761,low,35.914571,rolling_beta,v3,1,1262,1262,6,market,pass,N,,2026-05-19,0,0.0,0.0,medium,N,scenario inactive,inactive scenario,0.036099,-0.003626,0.000645,semiconductor_ai_shock_hedge,"AI capex 기대와 반도체 모멘텀이 꺾이면서 미국 성장주와 한국 반도체 대형주가 동시에 압박받는 장세입니다. SOXX, AI leader basket, 한국 반도체 basket의 동반 약세와 원화 압력을 함께 봅니다."
TLT,TLT,bond_etf,korea_domestic_financial_stress,Korea Domestic Financial Stress,한국 내수 금융스트레스장,korea_market,-0.366158,0.000645,0.0,negative,0.366158,medium,24.490447,rolling_beta,v3,1,4283,4283,5,seed,pass,Y,,2026-05-19,0,0.0,0.0,low,N,scenario inactive,inactive scenario,-0.192412,-0.180804,0.000645,korea_financial_stress_hedge,"가계부채, 부동산 PF, 비은행권, 금융주와 건설주 스트레스가 한국 자산 전반으로 번지는 장세입니다. 금융/건설 basket, 신용 spread, 단기자금 spread, 원화 약세를 함께 점검합니다."
TLT,TLT,bond_etf,slowdown_recession_deflation_risk,Slowdown / Recession / Deflation Risk,경기둔화/침체 우려장,us_global,-0.338445,0.000645,0.0,negative,0.338445,medium,62.915468,rolling_beta,v3,1,4862,4862,3,market,pass,N,,2026-05-19,0,0.0,0.0,high,N,scenario inactive,inactive scenario,0.052524,-0.02043,0.000645,slowdown_defense,수요 둔화와 침체/디플레이션 압력이 커지는 방어적 장세입니다. 주식 beta와 신용위험을 보수적으로 봅니다.
TSLA,TSLA,us_stock,higher_for_longer_long_rate_shock,Higher-for-Longer / Long-Rate Shock,장기금리 부담장,us_global,0.690845,-0.002331,1.484979,positive,0.690845,medium,84.792857,rolling_beta,v3,1,3996,3996,3,market,pass,N,,2026-05-19,1,0.957691,0.957691,high,Y,trade-gated adverse scenario with medium/high evidence,active market context,1.437899,1.484979,-0.002331,rate_sensitive,장기금리와 달러 강세 부담이 채권·성장주·신용자산을 압박하는 장세입니다. 고밸류 성장주와 반도체 factor 민감도를 점검합니다.
TSLA,TSLA,us_stock,usd_strength_krw_weakness,USD Strength / KRW Weakness,달러강세/원화약세장,fx_krw,0.009475,-0.002331,0.03361,neutral,0.009475,low,55.911083,rolling_beta,v3,1,3522,3522,4,market,pass,N,,2026-05-19,1,0.741605,0.0,high,N,below ACTIVE confidence/coverage trade-gate threshold,active market context,0.622267,0.03361,-0.002331,krw_weakness_vulnerable,달러가 강하고 원화가 약해져 KRW 기준 투자자의 환율 리스크가 커지는 장세입니다. 한국 자산과 USD 노출의 역할을 분리해 봅니다.
TSLA,TSLA,us_stock,stagflation_reinflation_energy_shock,Stagflation / Reinflation / Energy Shock,물가·에너지 재상승장,us_global,0.561533,-0.002331,1.437899,positive,0.561533,medium,72.569021,rolling_beta,v3,1,3996,3996,2,market,pass,N,,2026-05-19,1,0.74313,0.74313,high,Y,trade-gated adverse scenario with medium/high evidence,active market context,0.253829,,-0.002331,stagflation_vulnerable,성장 부담이 있는데 유가·원자재·인플레이션 압력이 다시 커지는 장세입니다. 에너지/원자재 수혜와 장기채 부담을 함께 봅니다.
TSLA,TSLA,us_stock,china_trade_fragmentation_shock,China / Trade Fragmentation Shock,중국·무역분절 충격장,china_asia,0.245849,-0.002331,0.03361,positive,0.245849,low,46.541871,rolling_beta,v3,1,1262,1262,5,market,pass,N,,2026-05-19,1,0.691684,0.0,medium,N,below ACTIVE confidence/coverage trade-gate threshold,active market context,0.171326,0.03361,-0.002331,china_asia_shock_vulnerable,중국 경기·무역갈등·공급망 충격이 한국/아시아와 반도체 자산에 번지는 장세입니다. 한국 반도체 factor와 원화 약세를 함께 확인합니다.
TSLA,TSLA,us_stock,acute_global_stress_liquidity_crunch,Acute Global Stress / Liquidity Crunch,급성 리스크오프/유동성 경색장,us_global,0.895728,-0.002331,1.484979,positive,0.895728,high,59.880692,rolling_beta,v3,1,3996,3996,3,market,pass,N,,2026-05-19,1,0.405911,0.0,high,N,context only: WATCH state,context only: WATCH state,1.437899,1.484979,-0.002331,liquidity_stress_vulnerable,변동성이 튀고 위험자산이 동반 약세를 보이는 단기 스트레스 장세입니다. 상관관계 상승과 유동성 악화를 우선 점검합니다.
TSLA,TSLA,us_stock,geopolitical_escalation_supply_shock,Geopolitical Escalation / Supply Shock,지정학 확전·공급충격장,geopolitical,0.501314,-0.002331,1.437899,positive,0.501314,medium,68.226901,rolling_beta,v3,1,3522,3522,3,manual,pass,Y,,2026-05-19,1,0.401425,0.0,medium,N,context only: source_quality=manual,context only: source_quality=manual,0.253829,,-0.002331,geopolitical_supply_shock_vulnerable,"전쟁, 제재, 해상로 차질, 대만·중동·한반도 긴장처럼 유가·금·방산·변동성이 동시에 움직이는 이벤트성 충격 장세입니다. 뉴스 overlay는 가격 신호를 보강하는 용도로만 해석합니다."
TSLA,TSLA,us_stock,soft_landing_goldilocks,Soft Landing / Goldilocks,우호적 위험선호장,us_global,1.437899,-0.002331,1.484979,positive,1.437899,high,52.393619,rolling_beta,v3,1,3996,3996,3,market,pass,N,,2026-05-19,1,0.385976,0.0,high,N,non-adverse scenario,context only: WATCH state,1.437899,1.484979,-0.002331,risk_on_participation,우호적 위험선호장 참여 민감도
TSLA,TSLA,us_stock,semiconductor_ai_cycle_shock,Semiconductor / AI Cycle Shock,AI·반도체 사이클 충격장,korea_semiconductor,0.722797,-0.002331,0.943601,positive,0.722797,medium,35.914571,rolling_beta,v3,1,1262,1262,6,market,pass,N,,2026-05-19,0,0.0,0.0,medium,N,scenario inactive,inactive scenario,0.860251,0.943601,-0.002331,semiconductor_ai_shock_vulnerable,"AI capex 기대와 반도체 모멘텀이 꺾이면서 미국 성장주와 한국 반도체 대형주가 동시에 압박받는 장세입니다. SOXX, AI leader basket, 한국 반도체 basket의 동반 약세와 원화 압력을 함께 봅니다."
TSLA,TSLA,us_stock,korea_domestic_financial_stress,Korea Domestic Financial Stress,한국 내수 금융스트레스장,korea_market,0.017543,-0.002331,0.03361,neutral,0.017543,low,24.490447,rolling_beta,v3,1,3522,3522,5,seed,pass,Y,,2026-05-19,0,0.0,0.0,low,N,scenario inactive,inactive scenario,0.171326,0.03361,-0.002331,korea_financial_stress_vulnerable,"가계부채, 부동산 PF, 비은행권, 금융주와 건설주 스트레스가 한국 자산 전반으로 번지는 장세입니다. 금융/건설 basket, 신용 spread, 단기자금 spread, 원화 약세를 함께 점검합니다."
TSLA,TSLA,us_stock,slowdown_recession_deflation_risk,Slowdown / Recession / Deflation Risk,경기둔화/침체 우려장,us_global,1.016211,-0.002331,1.484979,positive,1.016211,high,62.915468,rolling_beta,v3,1,3996,3996,3,market,pass,N,,2026-05-19,0,0.0,0.0,high,N,scenario inactive,inactive scenario,1.437899,1.484979,-0.002331,slowdown_vulnerable,수요 둔화와 침체/디플레이션 압력이 커지는 방어적 장세입니다. 주식 beta와 신용위험을 보수적으로 봅니다.
UNH,UNH,us_stock,higher_for_longer_long_rate_shock,Higher-for-Longer / Long-Rate Shock,장기금리 부담장,us_global,0.392942,-0.002754,0.912479,positive,0.392942,medium,84.792857,rolling_beta,v3,1,4862,4862,3,market,pass,N,,2026-05-19,1,0.957691,0.957691,high,Y,trade-gated adverse scenario with medium/high evidence,active market context,0.896259,0.912479,-0.002754,rate_sensitive,장기금리와 달러 강세 부담이 채권·성장주·신용자산을 압박하는 장세입니다. 고밸류 성장주와 반도체 factor 민감도를 점검합니다.
UNH,UNH,us_stock,usd_strength_krw_weakness,USD Strength / KRW Weakness,달러강세/원화약세장,fx_krw,-0.125935,-0.002754,0.044254,negative,0.125935,low,55.911083,rolling_beta,v3,1,4283,4283,4,market,pass,N,,2026-05-19,1,0.741605,0.0,high,N,below ACTIVE confidence/coverage trade-gate threshold,active market context,0.672909,0.044254,-0.002754,krw_weakness_hedge,달러가 강하고 원화가 약해져 KRW 기준 투자자의 환율 리스크가 커지는 장세입니다. 한국 자산과 USD 노출의 역할을 분리해 봅니다.
UNH,UNH,us_stock,stagflation_reinflation_energy_shock,Stagflation / Reinflation / Energy Shock,물가·에너지 재상승장,us_global,0.382532,-0.002754,0.896259,positive,0.382532,medium,72.569021,rolling_beta,v3,1,4862,4862,2,market,pass,N,,2026-05-19,1,0.74313,0.74313,high,Y,trade-gated adverse scenario with medium/high evidence,active market context,0.179783,,-0.002754,stagflation_vulnerable,성장 부담이 있는데 유가·원자재·인플레이션 압력이 다시 커지는 장세입니다. 에너지/원자재 수혜와 장기채 부담을 함께 봅니다.
UNH,UNH,us_stock,china_trade_fragmentation_shock,China / Trade Fragmentation Shock,중국·무역분절 충격장,china_asia,0.148093,-0.002754,0.044254,positive,0.148093,low,46.541871,rolling_beta,v3,1,1262,1262,5,market,pass,N,,2026-05-19,1,0.691684,0.0,medium,N,below ACTIVE confidence/coverage trade-gate threshold,active market context,0.023813,0.044254,-0.002754,china_asia_shock_vulnerable,중국 경기·무역갈등·공급망 충격이 한국/아시아와 반도체 자산에 번지는 장세입니다. 한국 반도체 factor와 원화 약세를 함께 확인합니다.
UNH,UNH,us_stock,acute_global_stress_liquidity_crunch,Acute Global Stress / Liquidity Crunch,급성 리스크오프/유동성 경색장,us_global,0.316857,-0.002754,0.912479,positive,0.316857,medium,59.880692,rolling_beta,v3,1,4862,4862,3,market,pass,N,,2026-05-19,1,0.405911,0.0,high,N,context only: WATCH state,context only: WATCH state,0.896259,0.912479,-0.002754,liquidity_stress_vulnerable,변동성이 튀고 위험자산이 동반 약세를 보이는 단기 스트레스 장세입니다. 상관관계 상승과 유동성 악화를 우선 점검합니다.
UNH,UNH,us_stock,geopolitical_escalation_supply_shock,Geopolitical Escalation / Supply Shock,지정학 확전·공급충격장,geopolitical,0.096575,-0.002754,0.896259,positive,0.096575,low,68.226901,rolling_beta,v3,1,4283,4283,3,manual,pass,Y,,2026-05-19,1,0.401425,0.0,medium,N,context only: source_quality=manual,context only: source_quality=manual,0.179783,,-0.002754,geopolitical_supply_shock_vulnerable,"전쟁, 제재, 해상로 차질, 대만·중동·한반도 긴장처럼 유가·금·방산·변동성이 동시에 움직이는 이벤트성 충격 장세입니다. 뉴스 overlay는 가격 신호를 보강하는 용도로만 해석합니다."
UNH,UNH,us_stock,soft_landing_goldilocks,Soft Landing / Goldilocks,우호적 위험선호장,us_global,0.896259,-0.002754,0.912479,positive,0.896259,high,52.393619,rolling_beta,v3,1,4862,4862,3,market,pass,N,,2026-05-19,1,0.385976,0.0,high,N,non-adverse scenario,context only: WATCH state,0.896259,0.912479,-0.002754,risk_on_participation,우호적 위험선호장 참여 민감도
UNH,UNH,us_stock,semiconductor_ai_cycle_shock,Semiconductor / AI Cycle Shock,AI·반도체 사이클 충격장,korea_semiconductor,-0.121142,-0.002754,0.029771,negative,0.121142,low,35.914571,rolling_beta,v3,1,1262,1262,6,market,pass,N,,2026-05-19,0,0.0,0.0,medium,N,scenario inactive,inactive scenario,0.126702,0.029771,-0.002754,semiconductor_ai_shock_hedge,"AI capex 기대와 반도체 모멘텀이 꺾이면서 미국 성장주와 한국 반도체 대형주가 동시에 압박받는 장세입니다. SOXX, AI leader basket, 한국 반도체 basket의 동반 약세와 원화 압력을 함께 봅니다."
UNH,UNH,us_stock,korea_domestic_financial_stress,Korea Domestic Financial Stress,한국 내수 금융스트레스장,korea_market,-0.321888,-0.002754,0.044254,negative,0.321888,medium,24.490447,rolling_beta,v3,1,4283,4283,5,seed,pass,Y,,2026-05-19,0,0.0,0.0,low,N,scenario inactive,inactive scenario,0.023813,0.044254,-0.002754,korea_financial_stress_hedge,"가계부채, 부동산 PF, 비은행권, 금융주와 건설주 스트레스가 한국 자산 전반으로 번지는 장세입니다. 금융/건설 basket, 신용 spread, 단기자금 spread, 원화 약세를 함께 점검합니다."
UNH,UNH,us_stock,slowdown_recession_deflation_risk,Slowdown / Recession / Deflation Risk,경기둔화/침체 우려장,us_global,0.328946,-0.002754,0.912479,positive,0.328946,medium,62.915468,rolling_beta,v3,1,4862,4862,3,market,pass,N,,2026-05-19,0,0.0,0.0,high,N,scenario inactive,inactive scenario,0.896259,0.912479,-0.002754,slowdown_vulnerable,수요 둔화와 침체/디플레이션 압력이 커지는 방어적 장세입니다. 주식 beta와 신용위험을 보수적으로 봅니다.
USO,USO,commodity_etf,higher_for_longer_long_rate_shock,Higher-for-Longer / Long-Rate Shock,장기금리 부담장,us_global,0.30482,-0.004588,0.969535,positive,0.30482,medium,84.792857,rolling_beta,v3,1,4862,4862,3,market,pass,N,,2026-05-19,1,0.957691,0.957691,high,Y,trade-gated adverse scenario with medium/high evidence,active market context,0.736037,0.969535,-0.004588,rate_sensitive,장기금리와 달러 강세 부담이 채권·성장주·신용자산을 압박하는 장세입니다. 고밸류 성장주와 반도체 factor 민감도를 점검합니다.
USO,USO,commodity_etf,usd_strength_krw_weakness,USD Strength / KRW Weakness,달러강세/원화약세장,fx_krw,-0.165991,-0.004588,0.178686,negative,0.165991,low,55.911083,rolling_beta,v3,1,4283,4283,4,market,pass,N,,2026-05-19,1,0.741605,0.0,high,N,below ACTIVE confidence/coverage trade-gate threshold,active market context,0.687895,0.178686,-0.004588,krw_weakness_hedge,달러가 강하고 원화가 약해져 KRW 기준 투자자의 환율 리스크가 커지는 장세입니다. 한국 자산과 USD 노출의 역할을 분리해 봅니다.
USO,USO,commodity_etf,stagflation_reinflation_energy_shock,Stagflation / Reinflation / Energy Shock,물가·에너지 재상승장,us_global,-0.077685,-0.004588,0.736037,negative,0.077685,low,72.569021,rolling_beta,v3,1,4862,4862,2,market,pass,N,,2026-05-19,1,0.74313,0.74313,high,Y,trade-gated adverse scenario with medium/high evidence,active market context,1.0,,-0.004588,inflation_hedge,성장 부담이 있는데 유가·원자재·인플레이션 압력이 다시 커지는 장세입니다. 에너지/원자재 수혜와 장기채 부담을 함께 봅니다.
USO,USO,commodity_etf,china_trade_fragmentation_shock,China / Trade Fragmentation Shock,중국·무역분절 충격장,china_asia,0.161909,-0.004588,0.178686,positive,0.161909,low,46.541871,rolling_beta,v3,1,1262,1262,5,market,pass,N,,2026-05-19,1,0.691684,0.0,medium,N,below ACTIVE confidence/coverage trade-gate threshold,active market context,0.078254,0.178686,-0.004588,china_asia_shock_vulnerable,중국 경기·무역갈등·공급망 충격이 한국/아시아와 반도체 자산에 번지는 장세입니다. 한국 반도체 factor와 원화 약세를 함께 확인합니다.
USO,USO,commodity_etf,acute_global_stress_liquidity_crunch,Acute Global Stress / Liquidity Crunch,급성 리스크오프/유동성 경색장,us_global,0.611284,-0.004588,0.969535,positive,0.611284,medium,59.880692,rolling_beta,v3,1,4862,4862,3,market,pass,N,,2026-05-19,1,0.405911,0.0,high,N,context only: WATCH state,context only: WATCH state,0.736037,0.969535,-0.004588,liquidity_stress_vulnerable,변동성이 튀고 위험자산이 동반 약세를 보이는 단기 스트레스 장세입니다. 상관관계 상승과 유동성 악화를 우선 점검합니다.
USO,USO,commodity_etf,geopolitical_escalation_supply_shock,Geopolitical Escalation / Supply Shock,지정학 확전·공급충격장,geopolitical,-0.121548,-0.004588,0.736037,negative,0.121548,low,68.226901,rolling_beta,v3,1,4283,4283,3,manual,pass,Y,,2026-05-19,1,0.401425,0.0,medium,N,context only: source_quality=manual,context only: source_quality=manual,1.0,,-0.004588,geopolitical_supply_shock_hedge,"전쟁, 제재, 해상로 차질, 대만·중동·한반도 긴장처럼 유가·금·방산·변동성이 동시에 움직이는 이벤트성 충격 장세입니다. 뉴스 overlay는 가격 신호를 보강하는 용도로만 해석합니다."
USO,USO,commodity_etf,soft_landing_goldilocks,Soft Landing / Goldilocks,우호적 위험선호장,us_global,0.736037,-0.004588,0.969535,positive,0.736037,medium,52.393619,rolling_beta,v3,1,4862,4862,3,market,pass,N,,2026-05-19,1,0.385976,0.0,high,N,non-adverse scenario,context only: WATCH state,0.736037,0.969535,-0.004588,risk_on_participation,우호적 위험선호장 참여 민감도
USO,USO,commodity_etf,semiconductor_ai_cycle_shock,Semiconductor / AI Cycle Shock,AI·반도체 사이클 충격장,korea_semiconductor,0.162316,-0.004588,0.167619,positive,0.162316,low,35.914571,rolling_beta,v3,1,1262,1262,6,market,pass,N,,2026-05-19,0,0.0,0.0,medium,N,scenario inactive,inactive scenario,0.097972,0.167619,-0.004588,semiconductor_ai_shock_vulnerable,"AI capex 기대와 반도체 모멘텀이 꺾이면서 미국 성장주와 한국 반도체 대형주가 동시에 압박받는 장세입니다. SOXX, AI leader basket, 한국 반도체 basket의 동반 약세와 원화 압력을 함께 봅니다."
USO,USO,commodity_etf,korea_domestic_financial_stress,Korea Domestic Financial Stress,한국 내수 금융스트레스장,korea_market,0.045275,-0.004588,0.178686,neutral,0.045275,low,24.490447,rolling_beta,v3,1,4283,4283,5,seed,pass,Y,,2026-05-19,0,0.0,0.0,low,N,scenario inactive,inactive scenario,0.078254,0.178686,-0.004588,korea_financial_stress_vulnerable,"가계부채, 부동산 PF, 비은행권, 금융주와 건설주 스트레스가 한국 자산 전반으로 번지는 장세입니다. 금융/건설 basket, 신용 spread, 단기자금 spread, 원화 약세를 함께 점검합니다."
USO,USO,commodity_etf,slowdown_recession_deflation_risk,Slowdown / Recession / Deflation Risk,경기둔화/침체 우려장,us_global,0.639007,-0.004588,0.969535,positive,0.639007,medium,62.915468,rolling_beta,v3,1,4862,4862,3,market,pass,N,,2026-05-19,0,0.0,0.0,high,N,scenario inactive,inactive scenario,0.736037,0.969535,-0.004588,slowdown_vulnerable,수요 둔화와 침체/디플레이션 압력이 커지는 방어적 장세입니다. 주식 beta와 신용위험을 보수적으로 봅니다.
V,V,us_stock,higher_for_longer_long_rate_shock,Higher-for-Longer / Long-Rate Shock,장기금리 부담장,us_global,0.444221,-0.000509,0.952818,positive,0.444221,medium,84.792857,rolling_beta,v3,1,4558,4558,3,market,pass,N,,2026-05-19,1,0.957691,0.957691,high,Y,trade-gated adverse scenario with medium/high evidence,active market context,0.989493,0.952818,-0.000509,rate_sensitive,장기금리와 달러 강세 부담이 채권·성장주·신용자산을 압박하는 장세입니다. 고밸류 성장주와 반도체 factor 민감도를 점검합니다.
V,V,us_stock,usd_strength_krw_weakness,USD Strength / KRW Weakness,달러강세/원화약세장,fx_krw,-0.102627,-0.000509,0.0,negative,0.102627,low,55.911083,rolling_beta,v3,1,4011,4011,4,market,pass,N,,2026-05-19,1,0.741605,0.0,high,N,below ACTIVE confidence/coverage trade-gate threshold,active market context,0.601533,-6.4e-05,-0.000509,krw_weakness_hedge,달러가 강하고 원화가 약해져 KRW 기준 투자자의 환율 리스크가 커지는 장세입니다. 한국 자산과 USD 노출의 역할을 분리해 봅니다.
V,V,us_stock,stagflation_reinflation_energy_shock,Stagflation / Reinflation / Energy Shock,물가·에너지 재상승장,us_global,0.359044,-0.000509,0.989493,positive,0.359044,medium,72.569021,rolling_beta,v3,1,4558,4558,2,market,pass,N,,2026-05-19,1,0.74313,0.74313,high,Y,trade-gated adverse scenario with medium/high evidence,active market context,0.203584,,-0.000509,stagflation_vulnerable,성장 부담이 있는데 유가·원자재·인플레이션 압력이 다시 커지는 장세입니다. 에너지/원자재 수혜와 장기채 부담을 함께 봅니다.
V,V,us_stock,china_trade_fragmentation_shock,China / Trade Fragmentation Shock,중국·무역분절 충격장,china_asia,0.110621,-0.000509,0.0,positive,0.110621,low,46.541871,rolling_beta,v3,1,1262,1262,5,market,pass,N,,2026-05-19,1,0.691684,0.0,medium,N,below ACTIVE confidence/coverage trade-gate threshold,active market context,0.042531,-6.4e-05,-0.000509,china_asia_shock_vulnerable,중국 경기·무역갈등·공급망 충격이 한국/아시아와 반도체 자산에 번지는 장세입니다. 한국 반도체 factor와 원화 약세를 함께 확인합니다.
V,V,us_stock,acute_global_stress_liquidity_crunch,Acute Global Stress / Liquidity Crunch,급성 리스크오프/유동성 경색장,us_global,0.567121,-0.000509,0.952818,positive,0.567121,medium,59.880692,rolling_beta,v3,1,4558,4558,3,market,pass,N,,2026-05-19,1,0.405911,0.0,high,N,context only: WATCH state,context only: WATCH state,0.989493,0.952818,-0.000509,liquidity_stress_vulnerable,변동성이 튀고 위험자산이 동반 약세를 보이는 단기 스트레스 장세입니다. 상관관계 상승과 유동성 악화를 우선 점검합니다.
V,V,us_stock,geopolitical_escalation_supply_shock,Geopolitical Escalation / Supply Shock,지정학 확전·공급충격장,geopolitical,0.311275,-0.000509,0.989493,positive,0.311275,medium,68.226901,rolling_beta,v3,1,4011,4011,3,manual,pass,Y,,2026-05-19,1,0.401425,0.0,medium,N,context only: source_quality=manual,context only: source_quality=manual,0.203584,,-0.000509,geopolitical_supply_shock_vulnerable,"전쟁, 제재, 해상로 차질, 대만·중동·한반도 긴장처럼 유가·금·방산·변동성이 동시에 움직이는 이벤트성 충격 장세입니다. 뉴스 overlay는 가격 신호를 보강하는 용도로만 해석합니다."
V,V,us_stock,soft_landing_goldilocks,Soft Landing / Goldilocks,우호적 위험선호장,us_global,0.989493,-0.000509,0.952818,positive,0.989493,high,52.393619,rolling_beta,v3,1,4558,4558,3,market,pass,N,,2026-05-19,1,0.385976,0.0,high,N,non-adverse scenario,context only: WATCH state,0.989493,0.952818,-0.000509,risk_on_participation,우호적 위험선호장 참여 민감도
V,V,us_stock,semiconductor_ai_cycle_shock,Semiconductor / AI Cycle Shock,AI·반도체 사이클 충격장,korea_semiconductor,0.229841,-0.000509,0.233524,positive,0.229841,low,35.914571,rolling_beta,v3,1,1262,1262,6,market,pass,N,,2026-05-19,0,0.0,0.0,medium,N,scenario inactive,inactive scenario,0.277606,0.233524,-0.000509,semiconductor_ai_shock_vulnerable,"AI capex 기대와 반도체 모멘텀이 꺾이면서 미국 성장주와 한국 반도체 대형주가 동시에 압박받는 장세입니다. SOXX, AI leader basket, 한국 반도체 basket의 동반 약세와 원화 압력을 함께 봅니다."
V,V,us_stock,korea_domestic_financial_stress,Korea Domestic Financial Stress,한국 내수 금융스트레스장,korea_market,0.370153,-0.000509,0.0,positive,0.370153,medium,24.490447,rolling_beta,v3,1,4011,4011,5,seed,pass,Y,,2026-05-19,0,0.0,0.0,low,N,scenario inactive,inactive scenario,0.042531,-6.4e-05,-0.000509,korea_financial_stress_vulnerable,"가계부채, 부동산 PF, 비은행권, 금융주와 건설주 스트레스가 한국 자산 전반으로 번지는 장세입니다. 금융/건설 basket, 신용 spread, 단기자금 spread, 원화 약세를 함께 점검합니다."
V,V,us_stock,slowdown_recession_deflation_risk,Slowdown / Recession / Deflation Risk,경기둔화/침체 우려장,us_global,0.660981,-0.000509,0.952818,positive,0.660981,medium,62.915468,rolling_beta,v3,1,4558,4558,3,market,pass,N,,2026-05-19,0,0.0,0.0,high,N,scenario inactive,inactive scenario,0.989493,0.952818,-0.000509,slowdown_vulnerable,수요 둔화와 침체/디플레이션 압력이 커지는 방어적 장세입니다. 주식 beta와 신용위험을 보수적으로 봅니다.
VNQ,VNQ,etf,higher_for_longer_long_rate_shock,Higher-for-Longer / Long-Rate Shock,장기금리 부담장,us_global,0.490666,-0.001066,1.173857,positive,0.490666,medium,84.792857,rolling_beta,v3,1,4862,4862,3,market,pass,N,,2026-05-19,1,0.957691,0.957691,high,Y,trade-gated adverse scenario with medium/high evidence,active market context,1.073938,1.173857,-0.001066,rate_sensitive,장기금리와 달러 강세 부담이 채권·성장주·신용자산을 압박하는 장세입니다. 고밸류 성장주와 반도체 factor 민감도를 점검합니다.
VNQ,VNQ,etf,usd_strength_krw_weakness,USD Strength / KRW Weakness,달러강세/원화약세장,fx_krw,-0.081516,-0.001066,0.0,negative,0.081516,low,55.911083,rolling_beta,v3,1,4283,4283,4,market,pass,N,,2026-05-19,1,0.741605,0.0,high,N,below ACTIVE confidence/coverage trade-gate threshold,active market context,0.472656,-0.030305,-0.001066,krw_weakness_hedge,달러가 강하고 원화가 약해져 KRW 기준 투자자의 환율 리스크가 커지는 장세입니다. 한국 자산과 USD 노출의 역할을 분리해 봅니다.
VNQ,VNQ,etf,stagflation_reinflation_energy_shock,Stagflation / Reinflation / Energy Shock,물가·에너지 재상승장,us_global,0.40252,-0.001066,1.073938,positive,0.40252,medium,72.569021,rolling_beta,v3,1,4862,4862,2,market,pass,N,,2026-05-19,1,0.74313,0.74313,high,Y,trade-gated adverse scenario with medium/high evidence,active market context,0.203201,,-0.001066,stagflation_vulnerable,성장 부담이 있는데 유가·원자재·인플레이션 압력이 다시 커지는 장세입니다. 에너지/원자재 수혜와 장기채 부담을 함께 봅니다.
VNQ,VNQ,etf,china_trade_fragmentation_shock,China / Trade Fragmentation Shock,중국·무역분절 충격장,china_asia,0.14143,-0.001066,0.0,positive,0.14143,low,46.541871,rolling_beta,v3,1,1262,1262,5,market,pass,N,,2026-05-19,1,0.691684,0.0,medium,N,below ACTIVE confidence/coverage trade-gate threshold,active market context,0.044474,-0.030305,-0.001066,china_asia_shock_vulnerable,중국 경기·무역갈등·공급망 충격이 한국/아시아와 반도체 자산에 번지는 장세입니다. 한국 반도체 factor와 원화 약세를 함께 확인합니다.
VNQ,VNQ,etf,acute_global_stress_liquidity_crunch,Acute Global Stress / Liquidity Crunch,급성 리스크오프/유동성 경색장,us_global,0.638622,-0.001066,1.173857,positive,0.638622,medium,59.880692,rolling_beta,v3,1,4862,4862,3,market,pass,N,,2026-05-19,1,0.405911,0.0,high,N,context only: WATCH state,context only: WATCH state,1.073938,1.173857,-0.001066,liquidity_stress_vulnerable,변동성이 튀고 위험자산이 동반 약세를 보이는 단기 스트레스 장세입니다. 상관관계 상승과 유동성 악화를 우선 점검합니다.
VNQ,VNQ,etf,geopolitical_escalation_supply_shock,Geopolitical Escalation / Supply Shock,지정학 확전·공급충격장,geopolitical,0.330284,-0.001066,1.073938,positive,0.330284,medium,68.226901,rolling_beta,v3,1,4283,4283,3,manual,pass,Y,,2026-05-19,1,0.401425,0.0,medium,N,context only: source_quality=manual,context only: source_quality=manual,0.203201,,-0.001066,geopolitical_supply_shock_vulnerable,"전쟁, 제재, 해상로 차질, 대만·중동·한반도 긴장처럼 유가·금·방산·변동성이 동시에 움직이는 이벤트성 충격 장세입니다. 뉴스 overlay는 가격 신호를 보강하는 용도로만 해석합니다."
VNQ,VNQ,etf,soft_landing_goldilocks,Soft Landing / Goldilocks,우호적 위험선호장,us_global,1.073938,-0.001066,1.173857,positive,1.073938,high,52.393619,rolling_beta,v3,1,4862,4862,3,market,pass,N,,2026-05-19,1,0.385976,0.0,high,N,non-adverse scenario,context only: WATCH state,1.073938,1.173857,-0.001066,risk_on_participation,우호적 위험선호장 참여 민감도
VNQ,VNQ,etf,semiconductor_ai_cycle_shock,Semiconductor / AI Cycle Shock,AI·반도체 사이클 충격장,korea_semiconductor,0.232827,-0.001066,0.240428,positive,0.232827,low,35.914571,rolling_beta,v3,1,1262,1262,6,market,pass,N,,2026-05-19,0,0.0,0.0,medium,N,scenario inactive,inactive scenario,0.244995,0.240428,-0.001066,semiconductor_ai_shock_vulnerable,"AI capex 기대와 반도체 모멘텀이 꺾이면서 미국 성장주와 한국 반도체 대형주가 동시에 압박받는 장세입니다. SOXX, AI leader basket, 한국 반도체 basket의 동반 약세와 원화 압력을 함께 봅니다."
VNQ,VNQ,etf,korea_domestic_financial_stress,Korea Domestic Financial Stress,한국 내수 금융스트레스장,korea_market,-0.086894,-0.001066,0.0,negative,0.086894,low,24.490447,rolling_beta,v3,1,4283,4283,5,seed,pass,Y,,2026-05-19,0,0.0,0.0,low,N,scenario inactive,inactive scenario,0.044474,-0.030305,-0.001066,korea_financial_stress_hedge,"가계부채, 부동산 PF, 비은행권, 금융주와 건설주 스트레스가 한국 자산 전반으로 번지는 장세입니다. 금융/건설 basket, 신용 spread, 단기자금 spread, 원화 약세를 함께 점검합니다."
VNQ,VNQ,etf,slowdown_recession_deflation_risk,Slowdown / Recession / Deflation Risk,경기둔화/침체 우려장,us_global,0.735359,-0.001066,1.173857,positive,0.735359,medium,62.915468,rolling_beta,v3,1,4862,4862,3,market,pass,N,,2026-05-19,0,0.0,0.0,high,N,scenario inactive,inactive scenario,1.073938,1.173857,-0.001066,slowdown_vulnerable,수요 둔화와 침체/디플레이션 압력이 커지는 방어적 장세입니다. 주식 beta와 신용위험을 보수적으로 봅니다.
VTI,VTI,etf,higher_for_longer_long_rate_shock,Higher-for-Longer / Long-Rate Shock,장기금리 부담장,us_global,0.452981,-0.001582,1.005073,positive,0.452981,medium,84.792857,rolling_beta,v3,1,4862,4862,3,market,pass,N,,2026-05-19,1,0.957691,0.957691,high,Y,trade-gated adverse scenario with medium/high evidence,active market context,1.00542,1.005073,-0.001582,rate_sensitive,장기금리와 달러 강세 부담이 채권·성장주·신용자산을 압박하는 장세입니다. 고밸류 성장주와 반도체 factor 민감도를 점검합니다.
VTI,VTI,etf,usd_strength_krw_weakness,USD Strength / KRW Weakness,달러강세/원화약세장,fx_krw,-0.098645,-0.001582,0.041795,negative,0.098645,low,55.911083,rolling_beta,v3,1,4283,4283,4,market,pass,N,,2026-05-19,1,0.741605,0.0,high,N,below ACTIVE confidence/coverage trade-gate threshold,active market context,0.606155,0.041795,-0.001582,krw_weakness_hedge,달러가 강하고 원화가 약해져 KRW 기준 투자자의 환율 리스크가 커지는 장세입니다. 한국 자산과 USD 노출의 역할을 분리해 봅니다.
VTI,VTI,etf,stagflation_reinflation_energy_shock,Stagflation / Reinflation / Energy Shock,물가·에너지 재상승장,us_global,0.391448,-0.001582,1.00542,positive,0.391448,medium,72.569021,rolling_beta,v3,1,4862,4862,2,market,pass,N,,2026-05-19,1,0.74313,0.74313,high,Y,trade-gated adverse scenario with medium/high evidence,active market context,0.216535,,-0.001582,stagflation_vulnerable,성장 부담이 있는데 유가·원자재·인플레이션 압력이 다시 커지는 장세입니다. 에너지/원자재 수혜와 장기채 부담을 함께 봅니다.
VTI,VTI,etf,china_trade_fragmentation_shock,China / Trade Fragmentation Shock,중국·무역분절 충격장,china_asia,0.140635,-0.001582,0.041795,positive,0.140635,low,46.541871,rolling_beta,v3,1,1262,1262,5,market,pass,N,,2026-05-19,1,0.691684,0.0,medium,N,below ACTIVE confidence/coverage trade-gate threshold,active market context,0.057279,0.041795,-0.001582,china_asia_shock_vulnerable,중국 경기·무역갈등·공급망 충격이 한국/아시아와 반도체 자산에 번지는 장세입니다. 한국 반도체 factor와 원화 약세를 함께 확인합니다.
VTI,VTI,etf,acute_global_stress_liquidity_crunch,Acute Global Stress / Liquidity Crunch,급성 리스크오프/유동성 경색장,us_global,0.624173,-0.001582,1.005073,positive,0.624173,medium,59.880692,rolling_beta,v3,1,4862,4862,3,market,pass,N,,2026-05-19,1,0.405911,0.0,high,N,context only: WATCH state,context only: WATCH state,1.00542,1.005073,-0.001582,liquidity_stress_vulnerable,변동성이 튀고 위험자산이 동반 약세를 보이는 단기 스트레스 장세입니다. 상관관계 상승과 유동성 악화를 우선 점검합니다.
VTI,VTI,etf,geopolitical_escalation_supply_shock,Geopolitical Escalation / Supply Shock,지정학 확전·공급충격장,geopolitical,0.335707,-0.001582,1.00542,positive,0.335707,medium,68.226901,rolling_beta,v3,1,4283,4283,3,manual,pass,Y,,2026-05-19,1,0.401425,0.0,medium,N,context only: source_quality=manual,context only: source_quality=manual,0.216535,,-0.001582,geopolitical_supply_shock_vulnerable,"전쟁, 제재, 해상로 차질, 대만·중동·한반도 긴장처럼 유가·금·방산·변동성이 동시에 움직이는 이벤트성 충격 장세입니다. 뉴스 overlay는 가격 신호를 보강하는 용도로만 해석합니다."
VTI,VTI,etf,soft_landing_goldilocks,Soft Landing / Goldilocks,우호적 위험선호장,us_global,1.00542,-0.001582,1.005073,positive,1.00542,high,52.393619,rolling_beta,v3,1,4862,4862,3,market,pass,N,,2026-05-19,1,0.385976,0.0,high,N,non-adverse scenario,context only: WATCH state,1.00542,1.005073,-0.001582,risk_on_participation,우호적 위험선호장 참여 민감도
VTI,VTI,etf,semiconductor_ai_cycle_shock,Semiconductor / AI Cycle Shock,AI·반도체 사이클 충격장,korea_semiconductor,0.350413,-0.001582,0.438566,positive,0.350413,medium,35.914571,rolling_beta,v3,1,1262,1262,6,market,pass,N,,2026-05-19,0,0.0,0.0,medium,N,scenario inactive,inactive scenario,0.414542,0.438566,-0.001582,semiconductor_ai_shock_vulnerable,"AI capex 기대와 반도체 모멘텀이 꺾이면서 미국 성장주와 한국 반도체 대형주가 동시에 압박받는 장세입니다. SOXX, AI leader basket, 한국 반도체 basket의 동반 약세와 원화 압력을 함께 봅니다."
VTI,VTI,etf,korea_domestic_financial_stress,Korea Domestic Financial Stress,한국 내수 금융스트레스장,korea_market,-0.049478,-0.001582,0.041795,neutral,0.049478,low,24.490447,rolling_beta,v3,1,4283,4283,5,seed,pass,Y,,2026-05-19,0,0.0,0.0,low,N,scenario inactive,inactive scenario,0.057279,0.041795,-0.001582,korea_financial_stress_hedge,"가계부채, 부동산 PF, 비은행권, 금융주와 건설주 스트레스가 한국 자산 전반으로 번지는 장세입니다. 금융/건설 basket, 신용 spread, 단기자금 spread, 원화 약세를 함께 점검합니다."
VTI,VTI,etf,slowdown_recession_deflation_risk,Slowdown / Recession / Deflation Risk,경기둔화/침체 우려장,us_global,0.708895,-0.001582,1.005073,positive,0.708895,medium,62.915468,rolling_beta,v3,1,4862,4862,3,market,pass,N,,2026-05-19,0,0.0,0.0,high,N,scenario inactive,inactive scenario,1.00542,1.005073,-0.001582,slowdown_vulnerable,수요 둔화와 침체/디플레이션 압력이 커지는 방어적 장세입니다. 주식 beta와 신용위험을 보수적으로 봅니다.
VXUS,VXUS,etf,higher_for_longer_long_rate_shock,Higher-for-Longer / Long-Rate Shock,장기금리 부담장,us_global,0.379691,-0.001139,0.905659,positive,0.379691,medium,84.792857,rolling_beta,v3,1,3848,3848,3,market,pass,N,,2026-05-19,1,0.957691,0.957691,high,Y,trade-gated adverse scenario with medium/high evidence,active market context,0.872165,0.905659,-0.001139,rate_sensitive,장기금리와 달러 강세 부담이 채권·성장주·신용자산을 압박하는 장세입니다. 고밸류 성장주와 반도체 factor 민감도를 점검합니다.
VXUS,VXUS,etf,usd_strength_krw_weakness,USD Strength / KRW Weakness,달러강세/원화약세장,fx_krw,-0.131959,-0.001139,0.132739,negative,0.131959,low,55.911083,rolling_beta,v3,1,3392,3392,4,market,pass,N,,2026-05-19,1,0.741605,0.0,high,N,below ACTIVE confidence/coverage trade-gate threshold,active market context,0.522215,0.132739,-0.001139,krw_weakness_hedge,달러가 강하고 원화가 약해져 KRW 기준 투자자의 환율 리스크가 커지는 장세입니다. 한국 자산과 USD 노출의 역할을 분리해 봅니다.
VXUS,VXUS,etf,stagflation_reinflation_energy_shock,Stagflation / Reinflation / Energy Shock,물가·에너지 재상승장,us_global,0.333725,-0.001139,0.872165,positive,0.333725,medium,72.569021,rolling_beta,v3,1,3848,3848,2,market,pass,N,,2026-05-19,1,0.74313,0.74313,high,Y,trade-gated adverse scenario with medium/high evidence,active market context,0.182065,,-0.001139,stagflation_vulnerable,성장 부담이 있는데 유가·원자재·인플레이션 압력이 다시 커지는 장세입니다. 에너지/원자재 수혜와 장기채 부담을 함께 봅니다.
VXUS,VXUS,etf,china_trade_fragmentation_shock,China / Trade Fragmentation Shock,중국·무역분절 충격장,china_asia,0.102901,-0.001139,0.132739,positive,0.102901,low,46.541871,rolling_beta,v3,1,1262,1262,5,market,pass,N,,2026-05-19,1,0.691684,0.0,medium,N,below ACTIVE confidence/coverage trade-gate threshold,active market context,0.134805,0.132739,-0.001139,china_asia_shock_vulnerable,중국 경기·무역갈등·공급망 충격이 한국/아시아와 반도체 자산에 번지는 장세입니다. 한국 반도체 factor와 원화 약세를 함께 확인합니다.
VXUS,VXUS,etf,acute_global_stress_liquidity_crunch,Acute Global Stress / Liquidity Crunch,급성 리스크오프/유동성 경색장,us_global,0.530933,-0.001139,0.905659,positive,0.530933,medium,59.880692,rolling_beta,v3,1,3848,3848,3,market,pass,N,,2026-05-19,1,0.405911,0.0,high,N,context only: WATCH state,context only: WATCH state,0.872165,0.905659,-0.001139,liquidity_stress_vulnerable,변동성이 튀고 위험자산이 동반 약세를 보이는 단기 스트레스 장세입니다. 상관관계 상승과 유동성 악화를 우선 점검합니다.
VXUS,VXUS,etf,geopolitical_escalation_supply_shock,Geopolitical Escalation / Supply Shock,지정학 확전·공급충격장,geopolitical,0.264661,-0.001139,0.872165,positive,0.264661,low,68.226901,rolling_beta,v3,1,3392,3392,3,manual,pass,Y,,2026-05-19,1,0.401425,0.0,medium,N,context only: source_quality=manual,context only: source_quality=manual,0.182065,,-0.001139,geopolitical_supply_shock_vulnerable,"전쟁, 제재, 해상로 차질, 대만·중동·한반도 긴장처럼 유가·금·방산·변동성이 동시에 움직이는 이벤트성 충격 장세입니다. 뉴스 overlay는 가격 신호를 보강하는 용도로만 해석합니다."
VXUS,VXUS,etf,soft_landing_goldilocks,Soft Landing / Goldilocks,우호적 위험선호장,us_global,0.872165,-0.001139,0.905659,positive,0.872165,high,52.393619,rolling_beta,v3,1,3848,3848,3,market,pass,N,,2026-05-19,1,0.385976,0.0,high,N,non-adverse scenario,context only: WATCH state,0.872165,0.905659,-0.001139,risk_on_participation,우호적 위험선호장 참여 민감도
VXUS,VXUS,etf,semiconductor_ai_cycle_shock,Semiconductor / AI Cycle Shock,AI·반도체 사이클 충격장,korea_semiconductor,0.278461,-0.001139,0.321703,positive,0.278461,low,35.914571,rolling_beta,v3,1,1262,1262,6,market,pass,N,,2026-05-19,0,0.0,0.0,medium,N,scenario inactive,inactive scenario,0.323027,0.321703,-0.001139,semiconductor_ai_shock_vulnerable,"AI capex 기대와 반도체 모멘텀이 꺾이면서 미국 성장주와 한국 반도체 대형주가 동시에 압박받는 장세입니다. SOXX, AI leader basket, 한국 반도체 basket의 동반 약세와 원화 압력을 함께 봅니다."
VXUS,VXUS,etf,korea_domestic_financial_stress,Korea Domestic Financial Stress,한국 내수 금융스트레스장,korea_market,-0.034991,-0.001139,0.132739,neutral,0.034991,low,24.490447,rolling_beta,v3,1,3392,3392,5,seed,pass,Y,,2026-05-19,0,0.0,0.0,low,N,scenario inactive,inactive scenario,0.134805,0.132739,-0.001139,korea_financial_stress_hedge,"가계부채, 부동산 PF, 비은행권, 금융주와 건설주 스트레스가 한국 자산 전반으로 번지는 장세입니다. 금융/건설 basket, 신용 spread, 단기자금 spread, 원화 약세를 함께 점검합니다."
VXUS,VXUS,etf,slowdown_recession_deflation_risk,Slowdown / Recession / Deflation Risk,경기둔화/침체 우려장,us_global,0.606762,-0.001139,0.905659,positive,0.606762,medium,62.915468,rolling_beta,v3,1,3848,3848,3,market,pass,N,,2026-05-19,0,0.0,0.0,high,N,scenario inactive,inactive scenario,0.872165,0.905659,-0.001139,slowdown_vulnerable,수요 둔화와 침체/디플레이션 압력이 커지는 방어적 장세입니다. 주식 beta와 신용위험을 보수적으로 봅니다.
XLE,XLE,etf,higher_for_longer_long_rate_shock,Higher-for-Longer / Long-Rate Shock,장기금리 부담장,us_global,0.49604,-0.002884,1.199325,positive,0.49604,medium,84.792857,rolling_beta,v3,1,4862,4862,3,market,pass,N,,2026-05-19,1,0.957691,0.957691,high,Y,trade-gated adverse scenario with medium/high evidence,active market context,1.08371,1.199325,-0.002884,rate_sensitive,장기금리와 달러 강세 부담이 채권·성장주·신용자산을 압박하는 장세입니다. 고밸류 성장주와 반도체 factor 민감도를 점검합니다.
XLE,XLE,etf,usd_strength_krw_weakness,USD Strength / KRW Weakness,달러강세/원화약세장,fx_krw,-0.079073,-0.002884,0.147204,negative,0.079073,low,55.911083,rolling_beta,v3,1,4283,4283,4,market,pass,N,,2026-05-19,1,0.741605,0.0,high,N,below ACTIVE confidence/coverage trade-gate threshold,active market context,0.55813,0.147204,-0.002884,krw_weakness_hedge,달러가 강하고 원화가 약해져 KRW 기준 투자자의 환율 리스크가 커지는 장세입니다. 한국 자산과 USD 노출의 역할을 분리해 봅니다.
XLE,XLE,etf,stagflation_reinflation_energy_shock,Stagflation / Reinflation / Energy Shock,물가·에너지 재상승장,us_global,0.001392,-0.002884,1.08371,neutral,0.001392,low,72.569021,rolling_beta,v3,1,4862,4862,2,market,pass,N,,2026-05-19,1,0.74313,0.74313,high,Y,trade-gated adverse scenario with medium/high evidence,active market context,0.515791,,-0.002884,stagflation_vulnerable,성장 부담이 있는데 유가·원자재·인플레이션 압력이 다시 커지는 장세입니다. 에너지/원자재 수혜와 장기채 부담을 함께 봅니다.
XLE,XLE,etf,china_trade_fragmentation_shock,China / Trade Fragmentation Shock,중국·무역분절 충격장,china_asia,0.188835,-0.002884,0.147204,positive,0.188835,low,46.541871,rolling_beta,v3,1,1262,1262,5,market,pass,N,,2026-05-19,1,0.691684,0.0,medium,N,below ACTIVE confidence/coverage trade-gate threshold,active market context,0.144921,0.147204,-0.002884,china_asia_shock_vulnerable,중국 경기·무역갈등·공급망 충격이 한국/아시아와 반도체 자산에 번지는 장세입니다. 한국 반도체 factor와 원화 약세를 함께 확인합니다.
XLE,XLE,etf,acute_global_stress_liquidity_crunch,Acute Global Stress / Liquidity Crunch,급성 리스크오프/유동성 경색장,us_global,0.725809,-0.002884,1.199325,positive,0.725809,medium,59.880692,rolling_beta,v3,1,4862,4862,3,market,pass,N,,2026-05-19,1,0.405911,0.0,high,N,context only: WATCH state,context only: WATCH state,1.08371,1.199325,-0.002884,liquidity_stress_vulnerable,변동성이 튀고 위험자산이 동반 약세를 보이는 단기 스트레스 장세입니다. 상관관계 상승과 유동성 악화를 우선 점검합니다.
XLE,XLE,etf,geopolitical_escalation_supply_shock,Geopolitical Escalation / Supply Shock,지정학 확전·공급충격장,geopolitical,0.000954,-0.002884,1.08371,neutral,0.000954,low,68.226901,rolling_beta,v3,1,4283,4283,3,manual,pass,Y,,2026-05-19,1,0.401425,0.0,medium,N,context only: source_quality=manual,context only: source_quality=manual,0.515791,,-0.002884,geopolitical_supply_shock_vulnerable,"전쟁, 제재, 해상로 차질, 대만·중동·한반도 긴장처럼 유가·금·방산·변동성이 동시에 움직이는 이벤트성 충격 장세입니다. 뉴스 overlay는 가격 신호를 보강하는 용도로만 해석합니다."
XLE,XLE,etf,soft_landing_goldilocks,Soft Landing / Goldilocks,우호적 위험선호장,us_global,1.08371,-0.002884,1.199325,positive,1.08371,high,52.393619,rolling_beta,v3,1,4862,4862,3,market,pass,N,,2026-05-19,1,0.385976,0.0,high,N,non-adverse scenario,context only: WATCH state,1.08371,1.199325,-0.002884,risk_on_participation,우호적 위험선호장 참여 민감도
XLE,XLE,etf,semiconductor_ai_cycle_shock,Semiconductor / AI Cycle Shock,AI·반도체 사이클 충격장,korea_semiconductor,0.273511,-0.002884,0.294031,positive,0.273511,low,35.914571,rolling_beta,v3,1,1262,1262,6,market,pass,N,,2026-05-19,0,0.0,0.0,medium,N,scenario inactive,inactive scenario,0.227642,0.294031,-0.002884,semiconductor_ai_shock_vulnerable,"AI capex 기대와 반도체 모멘텀이 꺾이면서 미국 성장주와 한국 반도체 대형주가 동시에 압박받는 장세입니다. SOXX, AI leader basket, 한국 반도체 basket의 동반 약세와 원화 압력을 함께 봅니다."
XLE,XLE,etf,korea_domestic_financial_stress,Korea Domestic Financial Stress,한국 내수 금융스트레스장,korea_market,0.016211,-0.002884,0.147204,neutral,0.016211,low,24.490447,rolling_beta,v3,1,4283,4283,5,seed,pass,Y,,2026-05-19,0,0.0,0.0,low,N,scenario inactive,inactive scenario,0.144921,0.147204,-0.002884,korea_financial_stress_vulnerable,"가계부채, 부동산 PF, 비은행권, 금융주와 건설주 스트레스가 한국 자산 전반으로 번지는 장세입니다. 금융/건설 basket, 신용 spread, 단기자금 spread, 원화 약세를 함께 점검합니다."
XLE,XLE,etf,slowdown_recession_deflation_risk,Slowdown / Recession / Deflation Risk,경기둔화/침체 우려장,us_global,0.805342,-0.002884,1.199325,positive,0.805342,high,62.915468,rolling_beta,v3,1,4862,4862,3,market,pass,N,,2026-05-19,0,0.0,0.0,high,N,scenario inactive,inactive scenario,1.08371,1.199325,-0.002884,slowdown_vulnerable,수요 둔화와 침체/디플레이션 압력이 커지는 방어적 장세입니다. 주식 beta와 신용위험을 보수적으로 봅니다.
XLP,XLP,etf,higher_for_longer_long_rate_shock,Higher-for-Longer / Long-Rate Shock,장기금리 부담장,us_global,0.268106,-0.00134,0.672628,positive,0.268106,low,84.792857,rolling_beta,v3,1,4862,4862,3,market,pass,N,,2026-05-19,1,0.957691,0.957691,high,Y,trade-gated adverse scenario with medium/high evidence,active market context,0.669283,0.672628,-0.00134,rate_sensitive,장기금리와 달러 강세 부담이 채권·성장주·신용자산을 압박하는 장세입니다. 고밸류 성장주와 반도체 factor 민감도를 점검합니다.
XLP,XLP,etf,usd_strength_krw_weakness,USD Strength / KRW Weakness,달러강세/원화약세장,fx_krw,-0.182679,-0.00134,0.0,negative,0.182679,low,55.911083,rolling_beta,v3,1,4283,4283,4,market,pass,N,,2026-05-19,1,0.741605,0.0,high,N,below ACTIVE confidence/coverage trade-gate threshold,active market context,0.77886,-0.011808,-0.00134,krw_weakness_hedge,달러가 강하고 원화가 약해져 KRW 기준 투자자의 환율 리스크가 커지는 장세입니다. 한국 자산과 USD 노출의 역할을 분리해 봅니다.
XLP,XLP,etf,stagflation_reinflation_energy_shock,Stagflation / Reinflation / Energy Shock,물가·에너지 재상승장,us_global,0.267759,-0.00134,0.669283,positive,0.267759,low,72.569021,rolling_beta,v3,1,4862,4862,2,market,pass,N,,2026-05-19,1,0.74313,0.74313,high,Y,trade-gated adverse scenario with medium/high evidence,active market context,0.14016,,-0.00134,stagflation_vulnerable,성장 부담이 있는데 유가·원자재·인플레이션 압력이 다시 커지는 장세입니다. 에너지/원자재 수혜와 장기채 부담을 함께 봅니다.
XLP,XLP,etf,china_trade_fragmentation_shock,China / Trade Fragmentation Shock,중국·무역분절 충격장,china_asia,0.067366,-0.00134,0.0,positive,0.067366,low,46.541871,rolling_beta,v3,1,1262,1262,5,market,pass,N,,2026-05-19,1,0.691684,0.0,medium,N,below ACTIVE confidence/coverage trade-gate threshold,active market context,-0.045659,-0.011808,-0.00134,china_asia_shock_vulnerable,중국 경기·무역갈등·공급망 충격이 한국/아시아와 반도체 자산에 번지는 장세입니다. 한국 반도체 factor와 원화 약세를 함께 확인합니다.
XLP,XLP,etf,acute_global_stress_liquidity_crunch,Acute Global Stress / Liquidity Crunch,급성 리스크오프/유동성 경색장,us_global,0.128423,-0.00134,0.672628,positive,0.128423,low,59.880692,rolling_beta,v3,1,4862,4862,3,market,pass,N,,2026-05-19,1,0.405911,0.0,high,N,context only: WATCH state,context only: WATCH state,0.669283,0.672628,-0.00134,liquidity_stress_vulnerable,변동성이 튀고 위험자산이 동반 약세를 보이는 단기 스트레스 장세입니다. 상관관계 상승과 유동성 악화를 우선 점검합니다.
XLP,XLP,etf,geopolitical_escalation_supply_shock,Geopolitical Escalation / Supply Shock,지정학 확전·공급충격장,geopolitical,-0.008606,-0.00134,0.669283,neutral,0.008606,low,68.226901,rolling_beta,v3,1,4283,4283,3,manual,pass,Y,,2026-05-19,1,0.401425,0.0,medium,N,context only: source_quality=manual,context only: source_quality=manual,0.14016,,-0.00134,geopolitical_supply_shock_hedge,"전쟁, 제재, 해상로 차질, 대만·중동·한반도 긴장처럼 유가·금·방산·변동성이 동시에 움직이는 이벤트성 충격 장세입니다. 뉴스 overlay는 가격 신호를 보강하는 용도로만 해석합니다."
XLP,XLP,etf,soft_landing_goldilocks,Soft Landing / Goldilocks,우호적 위험선호장,us_global,0.669283,-0.00134,0.672628,positive,0.669283,medium,52.393619,rolling_beta,v3,1,4862,4862,3,market,pass,N,,2026-05-19,1,0.385976,0.0,high,N,non-adverse scenario,context only: WATCH state,0.669283,0.672628,-0.00134,risk_on_participation,우호적 위험선호장 참여 민감도
XLP,XLP,etf,semiconductor_ai_cycle_shock,Semiconductor / AI Cycle Shock,AI·반도체 사이클 충격장,korea_semiconductor,-0.153694,-0.00134,0.084763,negative,0.153694,low,35.914571,rolling_beta,v3,1,1262,1262,6,market,pass,N,,2026-05-19,0,0.0,0.0,medium,N,scenario inactive,inactive scenario,0.111958,0.084763,-0.00134,semiconductor_ai_shock_hedge,"AI capex 기대와 반도체 모멘텀이 꺾이면서 미국 성장주와 한국 반도체 대형주가 동시에 압박받는 장세입니다. SOXX, AI leader basket, 한국 반도체 basket의 동반 약세와 원화 압력을 함께 봅니다."
XLP,XLP,etf,korea_domestic_financial_stress,Korea Domestic Financial Stress,한국 내수 금융스트레스장,korea_market,-0.349661,-0.00134,0.0,negative,0.349661,medium,24.490447,rolling_beta,v3,1,4283,4283,5,seed,pass,Y,,2026-05-19,0,0.0,0.0,low,N,scenario inactive,inactive scenario,-0.045659,-0.011808,-0.00134,korea_financial_stress_hedge,"가계부채, 부동산 PF, 비은행권, 금융주와 건설주 스트레스가 한국 자산 전반으로 번지는 장세입니다. 금융/건설 basket, 신용 spread, 단기자금 spread, 원화 약세를 함께 점검합니다."
XLP,XLP,etf,slowdown_recession_deflation_risk,Slowdown / Recession / Deflation Risk,경기둔화/침체 우려장,us_global,0.131948,-0.00134,0.672628,positive,0.131948,low,62.915468,rolling_beta,v3,1,4862,4862,3,market,pass,N,,2026-05-19,0,0.0,0.0,high,N,scenario inactive,inactive scenario,0.669283,0.672628,-0.00134,slowdown_vulnerable,수요 둔화와 침체/디플레이션 압력이 커지는 방어적 장세입니다. 주식 beta와 신용위험을 보수적으로 봅니다.
XLU,XLU,etf,higher_for_longer_long_rate_shock,Higher-for-Longer / Long-Rate Shock,장기금리 부담장,us_global,0.288945,-0.002025,0.722062,positive,0.288945,low,84.792857,rolling_beta,v3,1,4862,4862,3,market,pass,N,,2026-05-19,1,0.957691,0.957691,high,Y,trade-gated adverse scenario with medium/high evidence,active market context,0.707173,0.722062,-0.002025,rate_sensitive,장기금리와 달러 강세 부담이 채권·성장주·신용자산을 압박하는 장세입니다. 고밸류 성장주와 반도체 factor 민감도를 점검합니다.
XLU,XLU,etf,usd_strength_krw_weakness,USD Strength / KRW Weakness,달러강세/원화약세장,fx_krw,-0.173207,-0.002025,0.043912,negative,0.173207,low,55.911083,rolling_beta,v3,1,4283,4283,4,market,pass,N,,2026-05-19,1,0.741605,0.0,high,N,below ACTIVE confidence/coverage trade-gate threshold,active market context,0.700237,0.043912,-0.002025,krw_weakness_hedge,달러가 강하고 원화가 약해져 KRW 기준 투자자의 환율 리스크가 커지는 장세입니다. 한국 자산과 USD 노출의 역할을 분리해 봅니다.
XLU,XLU,etf,stagflation_reinflation_energy_shock,Stagflation / Reinflation / Energy Shock,물가·에너지 재상승장,us_global,0.298147,-0.002025,0.707173,positive,0.298147,low,72.569021,rolling_beta,v3,1,4862,4862,2,market,pass,N,,2026-05-19,1,0.74313,0.74313,high,Y,trade-gated adverse scenario with medium/high evidence,active market context,0.143405,,-0.002025,stagflation_vulnerable,성장 부담이 있는데 유가·원자재·인플레이션 압력이 다시 커지는 장세입니다. 에너지/원자재 수혜와 장기채 부담을 함께 봅니다.
XLU,XLU,etf,china_trade_fragmentation_shock,China / Trade Fragmentation Shock,중국·무역분절 충격장,china_asia,0.092071,-0.002025,0.043912,positive,0.092071,low,46.541871,rolling_beta,v3,1,1262,1262,5,market,pass,N,,2026-05-19,1,0.691684,0.0,medium,N,below ACTIVE confidence/coverage trade-gate threshold,active market context,-0.003554,0.043912,-0.002025,china_asia_shock_vulnerable,중국 경기·무역갈등·공급망 충격이 한국/아시아와 반도체 자산에 번지는 장세입니다. 한국 반도체 factor와 원화 약세를 함께 확인합니다.
XLU,XLU,etf,acute_global_stress_liquidity_crunch,Acute Global Stress / Liquidity Crunch,급성 리스크오프/유동성 경색장,us_global,0.180091,-0.002025,0.722062,positive,0.180091,low,59.880692,rolling_beta,v3,1,4862,4862,3,market,pass,N,,2026-05-19,1,0.405911,0.0,high,N,context only: WATCH state,context only: WATCH state,0.707173,0.722062,-0.002025,liquidity_stress_vulnerable,변동성이 튀고 위험자산이 동반 약세를 보이는 단기 스트레스 장세입니다. 상관관계 상승과 유동성 악화를 우선 점검합니다.
XLU,XLU,etf,geopolitical_escalation_supply_shock,Geopolitical Escalation / Supply Shock,지정학 확전·공급충격장,geopolitical,0.006039,-0.002025,0.707173,neutral,0.006039,low,68.226901,rolling_beta,v3,1,4283,4283,3,manual,pass,Y,,2026-05-19,1,0.401425,0.0,medium,N,context only: source_quality=manual,context only: source_quality=manual,0.143405,,-0.002025,geopolitical_supply_shock_vulnerable,"전쟁, 제재, 해상로 차질, 대만·중동·한반도 긴장처럼 유가·금·방산·변동성이 동시에 움직이는 이벤트성 충격 장세입니다. 뉴스 overlay는 가격 신호를 보강하는 용도로만 해석합니다."
XLU,XLU,etf,soft_landing_goldilocks,Soft Landing / Goldilocks,우호적 위험선호장,us_global,0.707173,-0.002025,0.722062,positive,0.707173,medium,52.393619,rolling_beta,v3,1,4862,4862,3,market,pass,N,,2026-05-19,1,0.385976,0.0,high,N,non-adverse scenario,context only: WATCH state,0.707173,0.722062,-0.002025,risk_on_participation,우호적 위험선호장 참여 민감도
XLU,XLU,etf,semiconductor_ai_cycle_shock,Semiconductor / AI Cycle Shock,AI·반도체 사이클 충격장,korea_semiconductor,-0.126471,-0.002025,0.127472,negative,0.126471,low,35.914571,rolling_beta,v3,1,1262,1262,6,market,pass,N,,2026-05-19,0,0.0,0.0,medium,N,scenario inactive,inactive scenario,0.126722,0.127472,-0.002025,semiconductor_ai_shock_hedge,"AI capex 기대와 반도체 모멘텀이 꺾이면서 미국 성장주와 한국 반도체 대형주가 동시에 압박받는 장세입니다. SOXX, AI leader basket, 한국 반도체 basket의 동반 약세와 원화 압력을 함께 봅니다."
XLU,XLU,etf,korea_domestic_financial_stress,Korea Domestic Financial Stress,한국 내수 금융스트레스장,korea_market,-0.344328,-0.002025,0.043912,negative,0.344328,medium,24.490447,rolling_beta,v3,1,4283,4283,5,seed,pass,Y,,2026-05-19,0,0.0,0.0,low,N,scenario inactive,inactive scenario,-0.003554,0.043912,-0.002025,korea_financial_stress_hedge,"가계부채, 부동산 PF, 비은행권, 금융주와 건설주 스트레스가 한국 자산 전반으로 번지는 장세입니다. 금융/건설 basket, 신용 spread, 단기자금 spread, 원화 약세를 함께 점검합니다."
XLU,XLU,etf,slowdown_recession_deflation_risk,Slowdown / Recession / Deflation Risk,경기둔화/침체 우려장,us_global,0.180554,-0.002025,0.722062,positive,0.180554,low,62.915468,rolling_beta,v3,1,4862,4862,3,market,pass,N,,2026-05-19,0,0.0,0.0,high,N,scenario inactive,inactive scenario,0.707173,0.722062,-0.002025,slowdown_vulnerable,수요 둔화와 침체/디플레이션 압력이 커지는 방어적 장세입니다. 주식 beta와 신용위험을 보수적으로 봅니다.
XLV,XLV,etf,higher_for_longer_long_rate_shock,Higher-for-Longer / Long-Rate Shock,장기금리 부담장,us_global,0.330198,-0.001158,0.757529,positive,0.330198,medium,84.792857,rolling_beta,v3,1,4862,4862,3,market,pass,N,,2026-05-19,1,0.957691,0.957691,high,Y,trade-gated adverse scenario with medium/high evidence,active market context,0.782178,0.757529,-0.001158,rate_sensitive,장기금리와 달러 강세 부담이 채권·성장주·신용자산을 압박하는 장세입니다. 고밸류 성장주와 반도체 factor 민감도를 점검합니다.
XLV,XLV,etf,usd_strength_krw_weakness,USD Strength / KRW Weakness,달러강세/원화약세장,fx_krw,-0.154456,-0.001158,0.0,negative,0.154456,low,55.911083,rolling_beta,v3,1,4283,4283,4,market,pass,N,,2026-05-19,1,0.741605,0.0,high,N,below ACTIVE confidence/coverage trade-gate threshold,active market context,0.722221,-0.007604,-0.001158,krw_weakness_hedge,달러가 강하고 원화가 약해져 KRW 기준 투자자의 환율 리스크가 커지는 장세입니다. 한국 자산과 USD 노출의 역할을 분리해 봅니다.
XLV,XLV,etf,stagflation_reinflation_energy_shock,Stagflation / Reinflation / Energy Shock,물가·에너지 재상승장,us_global,0.302714,-0.001158,0.782178,positive,0.302714,medium,72.569021,rolling_beta,v3,1,4862,4862,2,market,pass,N,,2026-05-19,1,0.74313,0.74313,high,Y,trade-gated adverse scenario with medium/high evidence,active market context,0.145794,,-0.001158,stagflation_vulnerable,성장 부담이 있는데 유가·원자재·인플레이션 압력이 다시 커지는 장세입니다. 에너지/원자재 수혜와 장기채 부담을 함께 봅니다.
XLV,XLV,etf,china_trade_fragmentation_shock,China / Trade Fragmentation Shock,중국·무역분절 충격장,china_asia,0.085388,-0.001158,0.0,positive,0.085388,low,46.541871,rolling_beta,v3,1,1262,1262,5,market,pass,N,,2026-05-19,1,0.691684,0.0,medium,N,below ACTIVE confidence/coverage trade-gate threshold,active market context,-0.017298,-0.007604,-0.001158,china_asia_shock_vulnerable,중국 경기·무역갈등·공급망 충격이 한국/아시아와 반도체 자산에 번지는 장세입니다. 한국 반도체 factor와 원화 약세를 함께 확인합니다.
XLV,XLV,etf,acute_global_stress_liquidity_crunch,Acute Global Stress / Liquidity Crunch,급성 리스크오프/유동성 경색장,us_global,0.182311,-0.001158,0.757529,positive,0.182311,low,59.880692,rolling_beta,v3,1,4862,4862,3,market,pass,N,,2026-05-19,1,0.405911,0.0,high,N,context only: WATCH state,context only: WATCH state,0.782178,0.757529,-0.001158,liquidity_stress_vulnerable,변동성이 튀고 위험자산이 동반 약세를 보이는 단기 스트레스 장세입니다. 상관관계 상승과 유동성 악화를 우선 점검합니다.
XLV,XLV,etf,geopolitical_escalation_supply_shock,Geopolitical Escalation / Supply Shock,지정학 확전·공급충격장,geopolitical,0.019924,-0.001158,0.782178,neutral,0.019924,low,68.226901,rolling_beta,v3,1,4283,4283,3,manual,pass,Y,,2026-05-19,1,0.401425,0.0,medium,N,context only: source_quality=manual,context only: source_quality=manual,0.145794,,-0.001158,geopolitical_supply_shock_vulnerable,"전쟁, 제재, 해상로 차질, 대만·중동·한반도 긴장처럼 유가·금·방산·변동성이 동시에 움직이는 이벤트성 충격 장세입니다. 뉴스 overlay는 가격 신호를 보강하는 용도로만 해석합니다."
XLV,XLV,etf,soft_landing_goldilocks,Soft Landing / Goldilocks,우호적 위험선호장,us_global,0.782178,-0.001158,0.757529,positive,0.782178,high,52.393619,rolling_beta,v3,1,4862,4862,3,market,pass,N,,2026-05-19,1,0.385976,0.0,high,N,non-adverse scenario,context only: WATCH state,0.782178,0.757529,-0.001158,risk_on_participation,우호적 위험선호장 참여 민감도
XLV,XLV,etf,semiconductor_ai_cycle_shock,Semiconductor / AI Cycle Shock,AI·반도체 사이클 충격장,korea_semiconductor,-0.097993,-0.001158,0.151942,negative,0.097993,low,35.914571,rolling_beta,v3,1,1262,1262,6,market,pass,N,,2026-05-19,0,0.0,0.0,medium,N,scenario inactive,inactive scenario,0.185557,0.151942,-0.001158,semiconductor_ai_shock_hedge,"AI capex 기대와 반도체 모멘텀이 꺾이면서 미국 성장주와 한국 반도체 대형주가 동시에 압박받는 장세입니다. SOXX, AI leader basket, 한국 반도체 basket의 동반 약세와 원화 압력을 함께 봅니다."
XLV,XLV,etf,korea_domestic_financial_stress,Korea Domestic Financial Stress,한국 내수 금융스트레스장,korea_market,-0.362715,-0.001158,0.0,negative,0.362715,medium,24.490447,rolling_beta,v3,1,4283,4283,5,seed,pass,Y,,2026-05-19,0,0.0,0.0,low,N,scenario inactive,inactive scenario,-0.017298,-0.007604,-0.001158,korea_financial_stress_hedge,"가계부채, 부동산 PF, 비은행권, 금융주와 건설주 스트레스가 한국 자산 전반으로 번지는 장세입니다. 금융/건설 basket, 신용 spread, 단기자금 spread, 원화 약세를 함께 점검합니다."
XLV,XLV,etf,slowdown_recession_deflation_risk,Slowdown / Recession / Deflation Risk,경기둔화/침체 우려장,us_global,0.198948,-0.001158,0.757529,positive,0.198948,low,62.915468,rolling_beta,v3,1,4862,4862,3,market,pass,N,,2026-05-19,0,0.0,0.0,high,N,scenario inactive,inactive scenario,0.782178,0.757529,-0.001158,slowdown_vulnerable,수요 둔화와 침체/디플레이션 압력이 커지는 방어적 장세입니다. 주식 beta와 신용위험을 보수적으로 봅니다.
XOM,XOM,us_stock,higher_for_longer_long_rate_shock,Higher-for-Longer / Long-Rate Shock,장기금리 부담장,us_global,0.405082,-0.001613,0.994039,positive,0.405082,medium,84.792857,rolling_beta,v3,1,4862,4862,3,market,pass,N,,2026-05-19,1,0.957691,0.957691,high,Y,trade-gated adverse scenario with medium/high evidence,active market context,0.918331,0.994039,-0.001613,rate_sensitive,장기금리와 달러 강세 부담이 채권·성장주·신용자산을 압박하는 장세입니다. 고밸류 성장주와 반도체 factor 민감도를 점검합니다.
XOM,XOM,us_stock,usd_strength_krw_weakness,USD Strength / KRW Weakness,달러강세/원화약세장,fx_krw,-0.120417,-0.001613,0.010724,negative,0.120417,low,55.911083,rolling_beta,v3,1,4283,4283,4,market,pass,N,,2026-05-19,1,0.741605,0.0,high,N,below ACTIVE confidence/coverage trade-gate threshold,active market context,0.672014,0.010724,-0.001613,krw_weakness_hedge,달러가 강하고 원화가 약해져 KRW 기준 투자자의 환율 리스크가 커지는 장세입니다. 한국 자산과 USD 노출의 역할을 분리해 봅니다.
XOM,XOM,us_stock,stagflation_reinflation_energy_shock,Stagflation / Reinflation / Energy Shock,물가·에너지 재상승장,us_global,0.361736,-0.001613,0.918331,positive,0.361736,medium,72.569021,rolling_beta,v3,1,4862,4862,2,market,pass,N,,2026-05-19,1,0.74313,0.74313,high,Y,trade-gated adverse scenario with medium/high evidence,active market context,0.417595,,-0.001613,stagflation_vulnerable,성장 부담이 있는데 유가·원자재·인플레이션 압력이 다시 커지는 장세입니다. 에너지/원자재 수혜와 장기채 부담을 함께 봅니다.
XOM,XOM,us_stock,china_trade_fragmentation_shock,China / Trade Fragmentation Shock,중국·무역분절 충격장,china_asia,0.123987,-0.001613,0.010724,positive,0.123987,low,46.541871,rolling_beta,v3,1,1262,1262,5,market,pass,N,,2026-05-19,1,0.691684,0.0,medium,N,below ACTIVE confidence/coverage trade-gate threshold,active market context,0.036464,0.010724,-0.001613,china_asia_shock_vulnerable,중국 경기·무역갈등·공급망 충격이 한국/아시아와 반도체 자산에 번지는 장세입니다. 한국 반도체 factor와 원화 약세를 함께 확인합니다.
XOM,XOM,us_stock,acute_global_stress_liquidity_crunch,Acute Global Stress / Liquidity Crunch,급성 리스크오프/유동성 경색장,us_global,0.577659,-0.001613,0.994039,positive,0.577659,medium,59.880692,rolling_beta,v3,1,4862,4862,3,market,pass,N,,2026-05-19,1,0.405911,0.0,high,N,context only: WATCH state,context only: WATCH state,0.918331,0.994039,-0.001613,liquidity_stress_vulnerable,변동성이 튀고 위험자산이 동반 약세를 보이는 단기 스트레스 장세입니다. 상관관계 상승과 유동성 악화를 우선 점검합니다.
XOM,XOM,us_stock,geopolitical_escalation_supply_shock,Geopolitical Escalation / Supply Shock,지정학 확전·공급충격장,geopolitical,0.288626,-0.001613,0.918331,positive,0.288626,low,68.226901,rolling_beta,v3,1,4283,4283,3,manual,pass,Y,,2026-05-19,1,0.401425,0.0,medium,N,context only: source_quality=manual,context only: source_quality=manual,0.417595,,-0.001613,geopolitical_supply_shock_vulnerable,"전쟁, 제재, 해상로 차질, 대만·중동·한반도 긴장처럼 유가·금·방산·변동성이 동시에 움직이는 이벤트성 충격 장세입니다. 뉴스 overlay는 가격 신호를 보강하는 용도로만 해석합니다."
XOM,XOM,us_stock,soft_landing_goldilocks,Soft Landing / Goldilocks,우호적 위험선호장,us_global,0.918331,-0.001613,0.994039,positive,0.918331,high,52.393619,rolling_beta,v3,1,4862,4862,3,market,pass,N,,2026-05-19,1,0.385976,0.0,high,N,non-adverse scenario,context only: WATCH state,0.918331,0.994039,-0.001613,risk_on_participation,우호적 위험선호장 참여 민감도
XOM,XOM,us_stock,semiconductor_ai_cycle_shock,Semiconductor / AI Cycle Shock,AI·반도체 사이클 충격장,korea_semiconductor,0.167294,-0.001613,0.176605,positive,0.167294,low,35.914571,rolling_beta,v3,1,1262,1262,6,market,pass,N,,2026-05-19,0,0.0,0.0,medium,N,scenario inactive,inactive scenario,0.149279,0.176605,-0.001613,semiconductor_ai_shock_vulnerable,"AI capex 기대와 반도체 모멘텀이 꺾이면서 미국 성장주와 한국 반도체 대형주가 동시에 압박받는 장세입니다. SOXX, AI leader basket, 한국 반도체 basket의 동반 약세와 원화 압력을 함께 봅니다."
XOM,XOM,us_stock,korea_domestic_financial_stress,Korea Domestic Financial Stress,한국 내수 금융스트레스장,korea_market,-0.046115,-0.001613,0.010724,neutral,0.046115,low,24.490447,rolling_beta,v3,1,4283,4283,5,seed,pass,Y,,2026-05-19,0,0.0,0.0,low,N,scenario inactive,inactive scenario,0.036464,0.010724,-0.001613,korea_financial_stress_hedge,"가계부채, 부동산 PF, 비은행권, 금융주와 건설주 스트레스가 한국 자산 전반으로 번지는 장세입니다. 금융/건설 basket, 신용 spread, 단기자금 spread, 원화 약세를 함께 점검합니다."
XOM,XOM,us_stock,slowdown_recession_deflation_risk,Slowdown / Recession / Deflation Risk,경기둔화/침체 우려장,us_global,0.653364,-0.001613,0.994039,positive,0.653364,medium,62.915468,rolling_beta,v3,1,4862,4862,3,market,pass,N,,2026-05-19,0,0.0,0.0,high,N,scenario inactive,inactive scenario,0.918331,0.994039,-0.001613,slowdown_vulnerable,수요 둔화와 침체/디플레이션 압력이 커지는 방어적 장세입니다. 주식 beta와 신용위험을 보수적으로 봅니다.
XRP-USD,XRP-USD,crypto,higher_for_longer_long_rate_shock,Higher-for-Longer / Long-Rate Shock,장기금리 부담장,us_global,0.435535,0.004639,1.031101,positive,0.435535,medium,84.792857,rolling_beta,v3,1,2140,2140,3,market,pass,N,,2026-05-19,1,0.957691,0.957691,high,Y,trade-gated adverse scenario with medium/high evidence,active market context,0.9737,1.031101,0.004639,rate_sensitive,장기금리와 달러 강세 부담이 채권·성장주·신용자산을 압박하는 장세입니다. 고밸류 성장주와 반도체 factor 민감도를 점검합니다.
XRP-USD,XRP-USD,crypto,usd_strength_krw_weakness,USD Strength / KRW Weakness,달러강세/원화약세장,fx_krw,-0.106575,0.004639,0.030365,negative,0.106575,low,55.911083,rolling_beta,v3,1,2085,2085,4,market,pass,N,,2026-05-19,1,0.741605,0.0,high,N,below ACTIVE confidence/coverage trade-gate threshold,active market context,0.103891,0.030365,0.004639,krw_weakness_hedge,달러가 강하고 원화가 약해져 KRW 기준 투자자의 환율 리스크가 커지는 장세입니다. 한국 자산과 USD 노출의 역할을 분리해 봅니다.
XRP-USD,XRP-USD,crypto,stagflation_reinflation_energy_shock,Stagflation / Reinflation / Energy Shock,물가·에너지 재상승장,us_global,0.224813,0.004639,0.9737,positive,0.224813,low,72.569021,rolling_beta,v3,1,2140,2140,2,market,pass,N,,2026-05-19,1,0.74313,0.74313,high,Y,trade-gated adverse scenario with medium/high evidence,active market context,0.100076,,0.004639,stagflation_vulnerable,성장 부담이 있는데 유가·원자재·인플레이션 압력이 다시 커지는 장세입니다. 에너지/원자재 수혜와 장기채 부담을 함께 봅니다.
XRP-USD,XRP-USD,crypto,china_trade_fragmentation_shock,China / Trade Fragmentation Shock,중국·무역분절 충격장,china_asia,-0.021242,0.004639,0.030365,neutral,0.021242,low,46.541871,rolling_beta,v3,1,1262,1262,5,market,pass,N,,2026-05-19,1,0.691684,0.0,medium,N,below ACTIVE confidence/coverage trade-gate threshold,active market context,-0.014218,0.030365,0.004639,china_asia_shock_hedge,중국 경기·무역갈등·공급망 충격이 한국/아시아와 반도체 자산에 번지는 장세입니다. 한국 반도체 factor와 원화 약세를 함께 확인합니다.
XRP-USD,XRP-USD,crypto,acute_global_stress_liquidity_crunch,Acute Global Stress / Liquidity Crunch,급성 리스크오프/유동성 경색장,us_global,0.326768,0.004639,1.031101,positive,0.326768,medium,59.880692,rolling_beta,v3,1,2140,2140,3,market,pass,N,,2026-05-19,1,0.405911,0.0,high,N,context only: WATCH state,context only: WATCH state,0.9737,1.031101,0.004639,liquidity_stress_vulnerable,변동성이 튀고 위험자산이 동반 약세를 보이는 단기 스트레스 장세입니다. 상관관계 상승과 유동성 악화를 우선 점검합니다.
XRP-USD,XRP-USD,crypto,geopolitical_escalation_supply_shock,Geopolitical Escalation / Supply Shock,지정학 확전·공급충격장,geopolitical,0.107074,0.004639,0.9737,positive,0.107074,low,68.226901,rolling_beta,v3,1,2140,2140,3,manual,pass,Y,,2026-05-19,1,0.401425,0.0,medium,N,context only: source_quality=manual,context only: source_quality=manual,0.100076,,0.004639,geopolitical_supply_shock_vulnerable,"전쟁, 제재, 해상로 차질, 대만·중동·한반도 긴장처럼 유가·금·방산·변동성이 동시에 움직이는 이벤트성 충격 장세입니다. 뉴스 overlay는 가격 신호를 보강하는 용도로만 해석합니다."
XRP-USD,XRP-USD,crypto,soft_landing_goldilocks,Soft Landing / Goldilocks,우호적 위험선호장,us_global,0.9737,0.004639,1.031101,positive,0.9737,high,52.393619,rolling_beta,v3,1,2140,2140,3,market,pass,N,,2026-05-19,1,0.385976,0.0,high,N,non-adverse scenario,context only: WATCH state,0.9737,1.031101,0.004639,risk_on_participation,우호적 위험선호장 참여 민감도
XRP-USD,XRP-USD,crypto,semiconductor_ai_cycle_shock,Semiconductor / AI Cycle Shock,AI·반도체 사이클 충격장,korea_semiconductor,0.369021,0.004639,0.530694,positive,0.369021,medium,35.914571,rolling_beta,v3,1,1262,1262,6,market,pass,N,,2026-05-19,0,0.0,0.0,medium,N,scenario inactive,inactive scenario,0.588426,0.530694,0.004639,semiconductor_ai_shock_vulnerable,"AI capex 기대와 반도체 모멘텀이 꺾이면서 미국 성장주와 한국 반도체 대형주가 동시에 압박받는 장세입니다. SOXX, AI leader basket, 한국 반도체 basket의 동반 약세와 원화 압력을 함께 봅니다."
XRP-USD,XRP-USD,crypto,korea_domestic_financial_stress,Korea Domestic Financial Stress,한국 내수 금융스트레스장,korea_market,-0.282015,0.004639,0.030365,negative,0.282015,low,24.490447,rolling_beta,v3,1,2084,2084,5,seed,pass,Y,,2026-05-19,0,0.0,0.0,low,N,scenario inactive,inactive scenario,-0.014218,0.030365,0.004639,korea_financial_stress_hedge,"가계부채, 부동산 PF, 비은행권, 금융주와 건설주 스트레스가 한국 자산 전반으로 번지는 장세입니다. 금융/건설 basket, 신용 spread, 단기자금 spread, 원화 약세를 함께 점검합니다."
XRP-USD,XRP-USD,crypto,slowdown_recession_deflation_risk,Slowdown / Recession / Deflation Risk,경기둔화/침체 우려장,us_global,0.47053,0.004639,1.031101,positive,0.47053,medium,62.915468,rolling_beta,v3,1,2140,2140,3,market,pass,N,,2026-05-19,0,0.0,0.0,high,N,scenario inactive,inactive scenario,0.9737,1.031101,0.004639,slowdown_vulnerable,수요 둔화와 침체/디플레이션 압력이 커지는 방어적 장세입니다. 주식 beta와 신용위험을 보수적으로 봅니다.
