timestamp_utc,timestamp_kst,date_kst,hour_kst,ticker,label,asset_class,lens,open,high,low,close,volume,currency,source,ingested_at
2026-04-30T02:00:00+00:00,2026-04-30T11:00:00+09:00,2026-04-30,11:00,000270.KS,Kia,kr_stock,korea_exporter,154500.0,154600.0,153100.0,153200.0,0.0,KRW,yahoo_intraday,2026-05-07T02:33:58.226347+00:00
2026-04-30T03:00:00+00:00,2026-04-30T12:00:00+09:00,2026-04-30,12:00,000270.KS,Kia,kr_stock,korea_exporter,153100.0,153600.0,153100.0,153400.0,67373.0,KRW,yahoo_intraday,2026-05-07T02:33:58.226347+00:00
2026-04-30T04:00:00+00:00,2026-04-30T13:00:00+09:00,2026-04-30,13:00,000270.KS,Kia,kr_stock,korea_exporter,153400.0,153500.0,152200.0,152400.0,142084.0,KRW,yahoo_intraday,2026-05-07T02:33:58.226347+00:00
2026-04-30T05:00:00+00:00,2026-04-30T14:00:00+09:00,2026-04-30,14:00,000270.KS,Kia,kr_stock,korea_exporter,152300.0,152700.0,151700.0,152200.0,181245.0,KRW,yahoo_intraday,2026-05-07T02:33:58.226347+00:00
2026-05-04T00:00:00+00:00,2026-05-04T09:00:00+09:00,2026-05-04,09:00,000270.KS,Kia,kr_stock,korea_exporter,156300.0,156500.0,154200.0,156100.0,0.0,KRW,yahoo_intraday,2026-05-07T02:33:58.226347+00:00
2026-05-04T01:00:00+00:00,2026-05-04T10:00:00+09:00,2026-05-04,10:00,000270.KS,Kia,kr_stock,korea_exporter,156100.0,156400.0,155100.0,155300.0,115679.0,KRW,yahoo_intraday,2026-05-07T02:33:58.226347+00:00
2026-05-04T02:00:00+00:00,2026-05-04T11:00:00+09:00,2026-05-04,11:00,000270.KS,Kia,kr_stock,korea_exporter,155300.0,156000.0,155100.0,155900.0,85541.0,KRW,yahoo_intraday,2026-05-07T02:33:58.226347+00:00
2026-05-04T03:00:00+00:00,2026-05-04T12:00:00+09:00,2026-05-04,12:00,000270.KS,Kia,kr_stock,korea_exporter,155900.0,156200.0,155300.0,155400.0,59618.0,KRW,yahoo_intraday,2026-05-07T02:33:58.226347+00:00
2026-05-04T04:00:00+00:00,2026-05-04T13:00:00+09:00,2026-05-04,13:00,000270.KS,Kia,kr_stock,korea_exporter,155400.0,155800.0,155200.0,155300.0,54888.0,KRW,yahoo_intraday,2026-05-07T02:33:58.226347+00:00
2026-05-04T05:00:00+00:00,2026-05-04T14:00:00+09:00,2026-05-04,14:00,000270.KS,Kia,kr_stock,korea_exporter,155200.0,155300.0,153800.0,154000.0,90665.0,KRW,yahoo_intraday,2026-05-07T02:33:58.226347+00:00
2026-05-06T00:00:00+00:00,2026-05-06T09:00:00+09:00,2026-05-06,09:00,000270.KS,Kia,kr_stock,korea_exporter,154300.0,158800.0,154000.0,156600.0,0.0,KRW,yahoo_intraday,2026-05-07T02:33:58.226347+00:00
2026-05-06T01:00:00+00:00,2026-05-06T10:00:00+09:00,2026-05-06,10:00,000270.KS,Kia,kr_stock,korea_exporter,156600.0,156900.0,155100.0,155700.0,105704.0,KRW,yahoo_intraday,2026-05-07T02:33:58.226347+00:00
2026-05-06T02:00:00+00:00,2026-05-06T11:00:00+09:00,2026-05-06,11:00,000270.KS,Kia,kr_stock,korea_exporter,155700.0,155900.0,155200.0,155450.0,76823.0,KRW,yahoo_intraday,2026-05-07T02:33:58.226347+00:00
2026-05-06T03:00:00+00:00,2026-05-06T12:00:00+09:00,2026-05-06,12:00,000270.KS,Kia,kr_stock,korea_exporter,155400.0,155800.0,155000.0,155100.0,73059.0,KRW,yahoo_intraday,2026-05-07T02:33:58.226347+00:00
2026-05-06T04:00:00+00:00,2026-05-06T13:00:00+09:00,2026-05-06,13:00,000270.KS,Kia,kr_stock,korea_exporter,155100.0,155700.0,155000.0,155000.0,74854.0,KRW,yahoo_intraday,2026-05-07T02:33:58.226347+00:00
2026-05-06T05:00:00+00:00,2026-05-06T14:00:00+09:00,2026-05-06,14:00,000270.KS,Kia,kr_stock,korea_exporter,155100.0,155600.0,154700.0,155100.0,118846.0,KRW,yahoo_intraday,2026-05-07T02:33:58.226347+00:00
2026-05-07T00:00:00+00:00,2026-05-07T09:00:00+09:00,2026-05-07,09:00,000270.KS,Kia,kr_stock,korea_exporter,159000.0,161900.0,157700.0,158600.0,718664.0,KRW,yahoo_intraday,2026-05-07T02:33:58.226347+00:00
2026-05-07T01:00:00+00:00,2026-05-07T10:00:00+09:00,2026-05-07,10:00,000270.KS,Kia,kr_stock,korea_exporter,158650.0,159000.0,157700.0,158500.0,1055300.0,KRW,yahoo_intraday,2026-05-07T02:33:58.226347+00:00
2026-05-07T02:00:00+00:00,2026-05-07T11:00:00+09:00,2026-05-07,11:00,000270.KS,Kia,kr_stock,korea_exporter,158400.0,158900.0,158200.0,158400.0,28912.0,KRW,yahoo_intraday,2026-05-07T02:33:58.226347+00:00
2026-05-07T02:14:03+00:00,2026-05-07T11:14:03+09:00,2026-05-07,11:14,000270.KS,Kia,kr_stock,korea_exporter,158350.0,158350.0,158350.0,158350.0,0.0,KRW,yahoo_intraday,2026-05-07T02:33:58.226347+00:00
2026-04-30T02:00:00+00:00,2026-04-30T11:00:00+09:00,2026-04-30,11:00,000660.KS,SK Hynix,kr_stock,korea_semiconductor,1313000.0,1315000.0,1301000.0,1307000.0,0.0,KRW,yahoo_intraday,2026-05-07T02:33:58.226347+00:00
2026-04-30T03:00:00+00:00,2026-04-30T12:00:00+09:00,2026-04-30,12:00,000660.KS,SK Hynix,kr_stock,korea_semiconductor,1306000.0,1309000.0,1302000.0,1306000.0,180803.0,KRW,yahoo_intraday,2026-05-07T02:33:58.226347+00:00
2026-04-30T04:00:00+00:00,2026-04-30T13:00:00+09:00,2026-04-30,13:00,000660.KS,SK Hynix,kr_stock,korea_semiconductor,1305000.0,1306000.0,1291000.0,1292000.0,418239.0,KRW,yahoo_intraday,2026-05-07T02:33:58.226347+00:00
2026-04-30T05:00:00+00:00,2026-04-30T14:00:00+09:00,2026-04-30,14:00,000660.KS,SK Hynix,kr_stock,korea_semiconductor,1291000.0,1300000.0,1291000.0,1294000.0,315792.0,KRW,yahoo_intraday,2026-05-07T02:33:58.226347+00:00
2026-05-04T00:00:00+00:00,2026-05-04T09:00:00+09:00,2026-05-04,09:00,000660.KS,SK Hynix,kr_stock,korea_semiconductor,1339000.0,1364000.0,1333000.0,1361000.0,0.0,KRW,yahoo_intraday,2026-05-07T02:33:58.226347+00:00
2026-05-04T01:00:00+00:00,2026-05-04T10:00:00+09:00,2026-05-04,10:00,000660.KS,SK Hynix,kr_stock,korea_semiconductor,1362000.0,1404000.0,1359000.0,1404000.0,925838.0,KRW,yahoo_intraday,2026-05-07T02:33:58.226347+00:00
2026-05-04T02:00:00+00:00,2026-05-04T11:00:00+09:00,2026-05-04,11:00,000660.KS,SK Hynix,kr_stock,korea_semiconductor,1404000.0,1444000.0,1393000.0,1426000.0,950653.0,KRW,yahoo_intraday,2026-05-07T02:33:58.226347+00:00
2026-05-04T03:00:00+00:00,2026-05-04T12:00:00+09:00,2026-05-04,12:00,000660.KS,SK Hynix,kr_stock,korea_semiconductor,1426000.0,1440000.0,1419500.0,1439000.0,556399.0,KRW,yahoo_intraday,2026-05-07T02:33:58.226347+00:00
2026-05-04T04:00:00+00:00,2026-05-04T13:00:00+09:00,2026-05-04,13:00,000660.KS,SK Hynix,kr_stock,korea_semiconductor,1439000.0,1440000.0,1427000.0,1428000.0,419076.0,KRW,yahoo_intraday,2026-05-07T02:33:58.226347+00:00
2026-05-04T05:00:00+00:00,2026-05-04T14:00:00+09:00,2026-05-04,14:00,000660.KS,SK Hynix,kr_stock,korea_semiconductor,1428000.0,1444000.0,1424000.0,1442000.0,567770.0,KRW,yahoo_intraday,2026-05-07T02:33:58.226347+00:00
2026-05-06T00:00:00+00:00,2026-05-06T09:00:00+09:00,2026-05-06,09:00,000660.KS,SK Hynix,kr_stock,korea_semiconductor,1590000.0,1601000.0,1557000.0,1587000.0,0.0,KRW,yahoo_intraday,2026-05-07T02:33:58.226347+00:00
2026-05-06T01:00:00+00:00,2026-05-06T10:00:00+09:00,2026-05-06,10:00,000660.KS,SK Hynix,kr_stock,korea_semiconductor,1587000.0,1598000.0,1578000.0,1595500.0,738677.0,KRW,yahoo_intraday,2026-05-07T02:33:58.226347+00:00
2026-05-06T02:00:00+00:00,2026-05-06T11:00:00+09:00,2026-05-06,11:00,000660.KS,SK Hynix,kr_stock,korea_semiconductor,1596000.0,1598000.0,1587000.0,1591000.0,491948.0,KRW,yahoo_intraday,2026-05-07T02:33:58.226347+00:00
2026-05-06T03:00:00+00:00,2026-05-06T12:00:00+09:00,2026-05-06,12:00,000660.KS,SK Hynix,kr_stock,korea_semiconductor,1592000.0,1602000.0,1588000.0,1593000.0,504823.0,KRW,yahoo_intraday,2026-05-07T02:33:58.226347+00:00
2026-05-06T04:00:00+00:00,2026-05-06T13:00:00+09:00,2026-05-06,13:00,000660.KS,SK Hynix,kr_stock,korea_semiconductor,1592000.0,1607000.0,1592000.0,1598000.0,502210.0,KRW,yahoo_intraday,2026-05-07T02:33:58.226347+00:00
2026-05-06T05:00:00+00:00,2026-05-06T14:00:00+09:00,2026-05-06,14:00,000660.KS,SK Hynix,kr_stock,korea_semiconductor,1598000.0,1612000.0,1594000.0,1609000.0,698969.0,KRW,yahoo_intraday,2026-05-07T02:33:58.226347+00:00
2026-05-07T00:00:00+00:00,2026-05-07T09:00:00+09:00,2026-05-07,09:00,000660.KS,SK Hynix,kr_stock,korea_semiconductor,1622000.0,1648000.0,1567000.0,1577000.0,3516159.0,KRW,yahoo_intraday,2026-05-07T02:33:58.226347+00:00
2026-05-07T01:00:00+00:00,2026-05-07T10:00:00+09:00,2026-05-07,10:00,000660.KS,SK Hynix,kr_stock,korea_semiconductor,1576000.0,1605000.0,1567000.0,1604000.0,753616.0,KRW,yahoo_intraday,2026-05-07T02:33:58.226347+00:00
2026-05-07T02:00:00+00:00,2026-05-07T11:00:00+09:00,2026-05-07,11:00,000660.KS,SK Hynix,kr_stock,korea_semiconductor,1604000.0,1615000.0,1604000.0,1612000.0,121242.0,KRW,yahoo_intraday,2026-05-07T02:33:58.226347+00:00
2026-05-07T02:13:59+00:00,2026-05-07T11:13:59+09:00,2026-05-07,11:13,000660.KS,SK Hynix,kr_stock,korea_semiconductor,1612000.0,1612000.0,1612000.0,1612000.0,0.0,KRW,yahoo_intraday,2026-05-07T02:33:58.226347+00:00
2026-04-30T02:00:00+00:00,2026-04-30T11:00:00+09:00,2026-04-30,11:00,005380.KS,Hyundai Motor,kr_stock,korea_exporter,540000.0,544000.0,536000.0,538000.0,0.0,KRW,yahoo_intraday,2026-05-07T02:33:58.226347+00:00
2026-04-30T03:00:00+00:00,2026-04-30T12:00:00+09:00,2026-04-30,12:00,005380.KS,Hyundai Motor,kr_stock,korea_exporter,538000.0,539000.0,537000.0,538000.0,53061.0,KRW,yahoo_intraday,2026-05-07T02:33:58.226347+00:00
2026-04-30T04:00:00+00:00,2026-04-30T13:00:00+09:00,2026-04-30,13:00,005380.KS,Hyundai Motor,kr_stock,korea_exporter,539000.0,539000.0,531000.0,531000.0,176903.0,KRW,yahoo_intraday,2026-05-07T02:33:58.226347+00:00
2026-04-30T05:00:00+00:00,2026-04-30T14:00:00+09:00,2026-04-30,14:00,005380.KS,Hyundai Motor,kr_stock,korea_exporter,532000.0,534000.0,531000.0,532500.0,89844.0,KRW,yahoo_intraday,2026-05-07T02:33:58.226347+00:00
2026-05-04T00:00:00+00:00,2026-05-04T09:00:00+09:00,2026-05-04,09:00,005380.KS,Hyundai Motor,kr_stock,korea_exporter,545000.0,545000.0,532000.0,541500.0,0.0,KRW,yahoo_intraday,2026-05-07T02:33:58.226347+00:00
2026-05-04T01:00:00+00:00,2026-05-04T10:00:00+09:00,2026-05-04,10:00,005380.KS,Hyundai Motor,kr_stock,korea_exporter,541000.0,542000.0,538000.0,538000.0,113880.0,KRW,yahoo_intraday,2026-05-07T02:33:58.226347+00:00
2026-05-04T02:00:00+00:00,2026-05-04T11:00:00+09:00,2026-05-04,11:00,005380.KS,Hyundai Motor,kr_stock,korea_exporter,538000.0,547000.0,538000.0,541500.0,180563.0,KRW,yahoo_intraday,2026-05-07T02:33:58.226347+00:00
2026-05-04T03:00:00+00:00,2026-05-04T12:00:00+09:00,2026-05-04,12:00,005380.KS,Hyundai Motor,kr_stock,korea_exporter,541000.0,542000.0,538000.0,540000.0,64800.0,KRW,yahoo_intraday,2026-05-07T02:33:58.226347+00:00
2026-05-04T04:00:00+00:00,2026-05-04T13:00:00+09:00,2026-05-04,13:00,005380.KS,Hyundai Motor,kr_stock,korea_exporter,539000.0,543000.0,539000.0,539000.0,82602.0,KRW,yahoo_intraday,2026-05-07T02:33:58.226347+00:00
2026-05-04T05:00:00+00:00,2026-05-04T14:00:00+09:00,2026-05-04,14:00,005380.KS,Hyundai Motor,kr_stock,korea_exporter,539000.0,540000.0,538000.0,538000.0,80883.0,KRW,yahoo_intraday,2026-05-07T02:33:58.226347+00:00
2026-05-06T00:00:00+00:00,2026-05-06T09:00:00+09:00,2026-05-06,09:00,005380.KS,Hyundai Motor,kr_stock,korea_exporter,545000.0,564000.0,541000.0,556000.0,0.0,KRW,yahoo_intraday,2026-05-07T02:33:58.226347+00:00
2026-05-06T01:00:00+00:00,2026-05-06T10:00:00+09:00,2026-05-06,10:00,005380.KS,Hyundai Motor,kr_stock,korea_exporter,556000.0,559000.0,548000.0,551000.0,197836.0,KRW,yahoo_intraday,2026-05-07T02:33:58.226347+00:00
2026-05-06T02:00:00+00:00,2026-05-06T11:00:00+09:00,2026-05-06,11:00,005380.KS,Hyundai Motor,kr_stock,korea_exporter,550000.0,553000.0,549000.0,551000.0,122745.0,KRW,yahoo_intraday,2026-05-07T02:33:58.226347+00:00
2026-05-06T03:00:00+00:00,2026-05-06T12:00:00+09:00,2026-05-06,12:00,005380.KS,Hyundai Motor,kr_stock,korea_exporter,552000.0,552000.0,546000.0,547000.0,154903.0,KRW,yahoo_intraday,2026-05-07T02:33:58.226347+00:00
2026-05-06T04:00:00+00:00,2026-05-06T13:00:00+09:00,2026-05-06,13:00,005380.KS,Hyundai Motor,kr_stock,korea_exporter,547000.0,552000.0,547000.0,549000.0,151738.0,KRW,yahoo_intraday,2026-05-07T02:33:58.226347+00:00
2026-05-06T05:00:00+00:00,2026-05-06T14:00:00+09:00,2026-05-06,14:00,005380.KS,Hyundai Motor,kr_stock,korea_exporter,550000.0,552000.0,549000.0,551000.0,143682.0,KRW,yahoo_intraday,2026-05-07T02:33:58.226347+00:00
2026-05-07T00:00:00+00:00,2026-05-07T09:00:00+09:00,2026-05-07,09:00,005380.KS,Hyundai Motor,kr_stock,korea_exporter,579000.0,596000.0,558000.0,566000.0,1131195.0,KRW,yahoo_intraday,2026-05-07T02:33:58.226347+00:00
2026-05-07T01:00:00+00:00,2026-05-07T10:00:00+09:00,2026-05-07,10:00,005380.KS,Hyundai Motor,kr_stock,korea_exporter,567000.0,577000.0,563000.0,574000.0,274477.0,KRW,yahoo_intraday,2026-05-07T02:33:58.226347+00:00
2026-05-07T02:00:00+00:00,2026-05-07T11:00:00+09:00,2026-05-07,11:00,005380.KS,Hyundai Motor,kr_stock,korea_exporter,574000.0,574000.0,567000.0,568000.0,37473.0,KRW,yahoo_intraday,2026-05-07T02:33:58.226347+00:00
2026-05-07T02:14:03+00:00,2026-05-07T11:14:03+09:00,2026-05-07,11:14,005380.KS,Hyundai Motor,kr_stock,korea_exporter,567000.0,567000.0,567000.0,567000.0,0.0,KRW,yahoo_intraday,2026-05-07T02:33:58.226347+00:00
2026-04-30T02:00:00+00:00,2026-04-30T11:00:00+09:00,2026-04-30,11:00,005930.KS,Samsung Electronics,kr_stock,korea_semiconductor,226750.0,227000.0,224000.0,224500.0,0.0,KRW,yahoo_intraday,2026-05-07T02:33:58.226347+00:00
2026-04-30T03:00:00+00:00,2026-04-30T12:00:00+09:00,2026-04-30,12:00,005930.KS,Samsung Electronics,kr_stock,korea_semiconductor,224500.0,225500.0,224000.0,224750.0,1149639.0,KRW,yahoo_intraday,2026-05-07T02:33:58.226347+00:00
2026-04-30T04:00:00+00:00,2026-04-30T13:00:00+09:00,2026-04-30,13:00,005930.KS,Samsung Electronics,kr_stock,korea_semiconductor,225000.0,225000.0,221000.0,222000.0,2836252.0,KRW,yahoo_intraday,2026-05-07T02:33:58.226347+00:00
2026-04-30T05:00:00+00:00,2026-04-30T14:00:00+09:00,2026-04-30,14:00,005930.KS,Samsung Electronics,kr_stock,korea_semiconductor,221750.0,224000.0,221750.0,223000.0,2053040.0,KRW,yahoo_intraday,2026-05-07T02:33:58.226347+00:00
2026-05-04T00:00:00+00:00,2026-05-04T09:00:00+09:00,2026-05-04,09:00,005930.KS,Samsung Electronics,kr_stock,korea_semiconductor,228000.0,228000.0,224000.0,225250.0,0.0,KRW,yahoo_intraday,2026-05-07T02:33:58.226347+00:00
2026-05-04T01:00:00+00:00,2026-05-04T10:00:00+09:00,2026-05-04,10:00,005930.KS,Samsung Electronics,kr_stock,korea_semiconductor,225250.0,229000.0,224500.0,228250.0,5120088.0,KRW,yahoo_intraday,2026-05-07T02:33:58.226347+00:00
2026-05-04T02:00:00+00:00,2026-05-04T11:00:00+09:00,2026-05-04,11:00,005930.KS,Samsung Electronics,kr_stock,korea_semiconductor,228250.0,231000.0,227500.0,228500.0,6155532.0,KRW,yahoo_intraday,2026-05-07T02:33:58.226347+00:00
2026-05-04T03:00:00+00:00,2026-05-04T12:00:00+09:00,2026-05-04,12:00,005930.KS,Samsung Electronics,kr_stock,korea_semiconductor,228750.0,230000.0,227500.0,230000.0,2800965.0,KRW,yahoo_intraday,2026-05-07T02:33:58.226347+00:00
2026-05-04T04:00:00+00:00,2026-05-04T13:00:00+09:00,2026-05-04,13:00,005930.KS,Samsung Electronics,kr_stock,korea_semiconductor,230000.0,230500.0,229000.0,230500.0,3118647.0,KRW,yahoo_intraday,2026-05-07T02:33:58.226347+00:00
2026-05-04T05:00:00+00:00,2026-05-04T14:00:00+09:00,2026-05-04,14:00,005930.KS,Samsung Electronics,kr_stock,korea_semiconductor,230250.0,232000.0,230000.0,231500.0,4762779.0,KRW,yahoo_intraday,2026-05-07T02:33:58.226347+00:00
2026-05-06T00:00:00+00:00,2026-05-06T09:00:00+09:00,2026-05-06,09:00,005930.KS,Samsung Electronics,kr_stock,korea_semiconductor,254000.0,261500.0,251000.0,261000.0,0.0,KRW,yahoo_intraday,2026-05-07T02:33:58.226347+00:00
2026-05-06T01:00:00+00:00,2026-05-06T10:00:00+09:00,2026-05-06,10:00,005930.KS,Samsung Electronics,kr_stock,korea_semiconductor,260750.0,261500.0,257000.0,260500.0,5068300.0,KRW,yahoo_intraday,2026-05-07T02:33:58.226347+00:00
2026-05-06T02:00:00+00:00,2026-05-06T11:00:00+09:00,2026-05-06,11:00,005930.KS,Samsung Electronics,kr_stock,korea_semiconductor,260500.0,263000.0,259500.0,262500.0,4383479.0,KRW,yahoo_intraday,2026-05-07T02:33:58.226347+00:00
2026-05-06T03:00:00+00:00,2026-05-06T12:00:00+09:00,2026-05-06,12:00,005930.KS,Samsung Electronics,kr_stock,korea_semiconductor,262500.0,270000.0,262000.0,266000.0,6388502.0,KRW,yahoo_intraday,2026-05-07T02:33:58.226347+00:00
2026-05-06T04:00:00+00:00,2026-05-06T13:00:00+09:00,2026-05-06,13:00,005930.KS,Samsung Electronics,kr_stock,korea_semiconductor,266250.0,269000.0,265500.0,265500.0,3730312.0,KRW,yahoo_intraday,2026-05-07T02:33:58.226347+00:00
2026-05-06T05:00:00+00:00,2026-05-06T14:00:00+09:00,2026-05-06,14:00,005930.KS,Samsung Electronics,kr_stock,korea_semiconductor,265500.0,268500.0,264000.0,268250.0,4599355.0,KRW,yahoo_intraday,2026-05-07T02:33:58.226347+00:00
2026-05-07T00:00:00+00:00,2026-05-07T09:00:00+09:00,2026-05-07,09:00,005930.KS,Samsung Electronics,kr_stock,korea_semiconductor,272000.0,277000.0,260500.0,263500.0,26976785.0,KRW,yahoo_intraday,2026-05-07T02:33:58.226347+00:00
2026-05-07T01:00:00+00:00,2026-05-07T10:00:00+09:00,2026-05-07,10:00,005930.KS,Samsung Electronics,kr_stock,korea_semiconductor,263500.0,268500.0,260000.0,267250.0,5080179.0,KRW,yahoo_intraday,2026-05-07T02:33:58.226347+00:00
2026-05-07T02:00:00+00:00,2026-05-07T11:00:00+09:00,2026-05-07,11:00,005930.KS,Samsung Electronics,kr_stock,korea_semiconductor,267500.0,269500.0,267000.0,267750.0,851738.0,KRW,yahoo_intraday,2026-05-07T02:33:58.226347+00:00
2026-05-07T02:13:58+00:00,2026-05-07T11:13:58+09:00,2026-05-07,11:13,005930.KS,Samsung Electronics,kr_stock,korea_semiconductor,267750.0,267750.0,267750.0,267750.0,0.0,KRW,yahoo_intraday,2026-05-07T02:33:58.226347+00:00
2026-04-30T02:00:00+00:00,2026-04-30T11:00:00+09:00,2026-04-30,11:00,006400.KS,Samsung SDI,kr_stock,korea_battery,717000.0,717000.0,702000.0,705000.0,0.0,KRW,yahoo_intraday,2026-05-07T02:33:58.226347+00:00
2026-04-30T03:00:00+00:00,2026-04-30T12:00:00+09:00,2026-04-30,12:00,006400.KS,Samsung SDI,kr_stock,korea_battery,705500.0,709000.0,702000.0,707000.0,46757.0,KRW,yahoo_intraday,2026-05-07T02:33:58.226347+00:00
2026-04-30T04:00:00+00:00,2026-04-30T13:00:00+09:00,2026-04-30,13:00,006400.KS,Samsung SDI,kr_stock,korea_battery,707000.0,707000.0,692000.0,694500.0,129551.0,KRW,yahoo_intraday,2026-05-07T02:33:58.226347+00:00
2026-04-30T05:00:00+00:00,2026-04-30T14:00:00+09:00,2026-04-30,14:00,006400.KS,Samsung SDI,kr_stock,korea_battery,694500.0,702000.0,692000.0,698000.0,66352.0,KRW,yahoo_intraday,2026-05-07T02:33:58.226347+00:00
2026-05-04T00:00:00+00:00,2026-05-04T09:00:00+09:00,2026-05-04,09:00,006400.KS,Samsung SDI,kr_stock,korea_battery,715000.0,717000.0,694000.0,705000.0,0.0,KRW,yahoo_intraday,2026-05-07T02:33:58.226347+00:00
2026-05-04T01:00:00+00:00,2026-05-04T10:00:00+09:00,2026-05-04,10:00,006400.KS,Samsung SDI,kr_stock,korea_battery,705000.0,707000.0,698000.0,699000.0,96802.0,KRW,yahoo_intraday,2026-05-07T02:33:58.226347+00:00
2026-05-04T02:00:00+00:00,2026-05-04T11:00:00+09:00,2026-05-04,11:00,006400.KS,Samsung SDI,kr_stock,korea_battery,699000.0,700500.0,694000.0,698000.0,79158.0,KRW,yahoo_intraday,2026-05-07T02:33:58.226347+00:00
2026-05-04T03:00:00+00:00,2026-05-04T12:00:00+09:00,2026-05-04,12:00,006400.KS,Samsung SDI,kr_stock,korea_battery,698000.0,701000.0,698000.0,700000.0,41946.0,KRW,yahoo_intraday,2026-05-07T02:33:58.226347+00:00
2026-05-04T04:00:00+00:00,2026-05-04T13:00:00+09:00,2026-05-04,13:00,006400.KS,Samsung SDI,kr_stock,korea_battery,700500.0,702000.0,698000.0,700000.0,46961.0,KRW,yahoo_intraday,2026-05-07T02:33:58.226347+00:00
2026-05-04T05:00:00+00:00,2026-05-04T14:00:00+09:00,2026-05-04,14:00,006400.KS,Samsung SDI,kr_stock,korea_battery,699000.0,702000.0,696000.0,702000.0,84872.0,KRW,yahoo_intraday,2026-05-07T02:33:58.226347+00:00
2026-05-06T00:00:00+00:00,2026-05-06T09:00:00+09:00,2026-05-06,09:00,006400.KS,Samsung SDI,kr_stock,korea_battery,707000.0,707000.0,677000.0,689000.0,0.0,KRW,yahoo_intraday,2026-05-07T02:33:58.226347+00:00
2026-05-06T01:00:00+00:00,2026-05-06T10:00:00+09:00,2026-05-06,10:00,006400.KS,Samsung SDI,kr_stock,korea_battery,689000.0,703000.0,688000.0,700000.0,108764.0,KRW,yahoo_intraday,2026-05-07T02:33:58.226347+00:00
2026-05-06T02:00:00+00:00,2026-05-06T11:00:00+09:00,2026-05-06,11:00,006400.KS,Samsung SDI,kr_stock,korea_battery,700000.0,707000.0,698000.0,704000.0,78037.0,KRW,yahoo_intraday,2026-05-07T02:33:58.226347+00:00
2026-05-06T03:00:00+00:00,2026-05-06T12:00:00+09:00,2026-05-06,12:00,006400.KS,Samsung SDI,kr_stock,korea_battery,703000.0,704000.0,698000.0,700000.0,64336.0,KRW,yahoo_intraday,2026-05-07T02:33:58.226347+00:00
2026-05-06T04:00:00+00:00,2026-05-06T13:00:00+09:00,2026-05-06,13:00,006400.KS,Samsung SDI,kr_stock,korea_battery,700000.0,702000.0,699000.0,700000.0,51302.0,KRW,yahoo_intraday,2026-05-07T02:33:58.226347+00:00
2026-05-06T05:00:00+00:00,2026-05-06T14:00:00+09:00,2026-05-06,14:00,006400.KS,Samsung SDI,kr_stock,korea_battery,700000.0,701000.0,698000.0,701000.0,74254.0,KRW,yahoo_intraday,2026-05-07T02:33:58.226347+00:00
2026-05-07T00:00:00+00:00,2026-05-07T09:00:00+09:00,2026-05-07,09:00,006400.KS,Samsung SDI,kr_stock,korea_battery,698000.0,698000.0,677000.0,680000.0,242083.0,KRW,yahoo_intraday,2026-05-07T02:33:58.226347+00:00
2026-05-07T01:00:00+00:00,2026-05-07T10:00:00+09:00,2026-05-07,10:00,006400.KS,Samsung SDI,kr_stock,korea_battery,680000.0,689000.0,677000.0,683000.0,77709.0,KRW,yahoo_intraday,2026-05-07T02:33:58.226347+00:00
2026-05-07T02:00:00+00:00,2026-05-07T11:00:00+09:00,2026-05-07,11:00,006400.KS,Samsung SDI,kr_stock,korea_battery,683000.0,686000.0,681000.0,684000.0,13970.0,KRW,yahoo_intraday,2026-05-07T02:33:58.226347+00:00
2026-05-07T02:14:01+00:00,2026-05-07T11:14:01+09:00,2026-05-07,11:14,006400.KS,Samsung SDI,kr_stock,korea_battery,684000.0,684000.0,684000.0,684000.0,0.0,KRW,yahoo_intraday,2026-05-07T02:33:58.226347+00:00
2026-04-30T02:00:00+00:00,2026-04-30T11:00:00+09:00,2026-04-30,11:00,035420.KS,NAVER,kr_stock,korea_growth,213000.0,214000.0,212000.0,212000.0,0.0,KRW,yahoo_intraday,2026-05-07T02:33:58.226347+00:00
2026-04-30T03:00:00+00:00,2026-04-30T12:00:00+09:00,2026-04-30,12:00,035420.KS,NAVER,kr_stock,korea_growth,212000.0,213000.0,211500.0,212000.0,133598.0,KRW,yahoo_intraday,2026-05-07T02:33:58.226347+00:00
2026-04-30T04:00:00+00:00,2026-04-30T13:00:00+09:00,2026-04-30,13:00,035420.KS,NAVER,kr_stock,korea_growth,212000.0,212500.0,210500.0,211000.0,185102.0,KRW,yahoo_intraday,2026-05-07T02:33:58.226347+00:00
2026-04-30T05:00:00+00:00,2026-04-30T14:00:00+09:00,2026-04-30,14:00,035420.KS,NAVER,kr_stock,korea_growth,211000.0,212000.0,211000.0,211250.0,103945.0,KRW,yahoo_intraday,2026-05-07T02:33:58.226347+00:00
2026-05-04T00:00:00+00:00,2026-05-04T09:00:00+09:00,2026-05-04,09:00,035420.KS,NAVER,kr_stock,korea_growth,213500.0,213500.0,209000.0,209500.0,0.0,KRW,yahoo_intraday,2026-05-07T02:33:58.226347+00:00
2026-05-04T01:00:00+00:00,2026-05-04T10:00:00+09:00,2026-05-04,10:00,035420.KS,NAVER,kr_stock,korea_growth,209500.0,210000.0,209000.0,209500.0,90568.0,KRW,yahoo_intraday,2026-05-07T02:33:58.226347+00:00
2026-05-04T02:00:00+00:00,2026-05-04T11:00:00+09:00,2026-05-04,11:00,035420.KS,NAVER,kr_stock,korea_growth,209500.0,210000.0,208000.0,208250.0,118754.0,KRW,yahoo_intraday,2026-05-07T02:33:58.226347+00:00
2026-05-04T03:00:00+00:00,2026-05-04T12:00:00+09:00,2026-05-04,12:00,035420.KS,NAVER,kr_stock,korea_growth,208000.0,210000.0,208000.0,209000.0,92234.0,KRW,yahoo_intraday,2026-05-07T02:33:58.226347+00:00
2026-05-04T04:00:00+00:00,2026-05-04T13:00:00+09:00,2026-05-04,13:00,035420.KS,NAVER,kr_stock,korea_growth,209000.0,209500.0,208500.0,208500.0,64311.0,KRW,yahoo_intraday,2026-05-07T02:33:58.226347+00:00
2026-05-04T05:00:00+00:00,2026-05-04T14:00:00+09:00,2026-05-04,14:00,035420.KS,NAVER,kr_stock,korea_growth,208750.0,211000.0,208000.0,208500.0,159802.0,KRW,yahoo_intraday,2026-05-07T02:33:58.226347+00:00
2026-05-06T00:00:00+00:00,2026-05-06T09:00:00+09:00,2026-05-06,09:00,035420.KS,NAVER,kr_stock,korea_growth,210500.0,213000.0,208000.0,210000.0,0.0,KRW,yahoo_intraday,2026-05-07T02:33:58.226347+00:00
2026-05-06T01:00:00+00:00,2026-05-06T10:00:00+09:00,2026-05-06,10:00,035420.KS,NAVER,kr_stock,korea_growth,209500.0,210500.0,208500.0,208750.0,84967.0,KRW,yahoo_intraday,2026-05-07T02:33:58.226347+00:00
2026-05-06T02:00:00+00:00,2026-05-06T11:00:00+09:00,2026-05-06,11:00,035420.KS,NAVER,kr_stock,korea_growth,208750.0,209000.0,208000.0,208000.0,70581.0,KRW,yahoo_intraday,2026-05-07T02:33:58.226347+00:00
2026-05-06T03:00:00+00:00,2026-05-06T12:00:00+09:00,2026-05-06,12:00,035420.KS,NAVER,kr_stock,korea_growth,208000.0,209000.0,208000.0,208500.0,59628.0,KRW,yahoo_intraday,2026-05-07T02:33:58.226347+00:00
2026-05-06T04:00:00+00:00,2026-05-06T13:00:00+09:00,2026-05-06,13:00,035420.KS,NAVER,kr_stock,korea_growth,208500.0,209000.0,208000.0,208000.0,60209.0,KRW,yahoo_intraday,2026-05-07T02:33:58.226347+00:00
2026-05-06T05:00:00+00:00,2026-05-06T14:00:00+09:00,2026-05-06,14:00,035420.KS,NAVER,kr_stock,korea_growth,208000.0,208500.0,207500.0,208000.0,167600.0,KRW,yahoo_intraday,2026-05-07T02:33:58.226347+00:00
2026-05-07T00:00:00+00:00,2026-05-07T09:00:00+09:00,2026-05-07,09:00,035420.KS,NAVER,kr_stock,korea_growth,209000.0,214000.0,206000.0,206250.0,366110.0,KRW,yahoo_intraday,2026-05-07T02:33:58.226347+00:00
2026-05-07T01:00:00+00:00,2026-05-07T10:00:00+09:00,2026-05-07,10:00,035420.KS,NAVER,kr_stock,korea_growth,206500.0,208500.0,206000.0,208000.0,91858.0,KRW,yahoo_intraday,2026-05-07T02:33:58.226347+00:00
2026-05-07T02:00:00+00:00,2026-05-07T11:00:00+09:00,2026-05-07,11:00,035420.KS,NAVER,kr_stock,korea_growth,207500.0,209000.0,207500.0,208000.0,23925.0,KRW,yahoo_intraday,2026-05-07T02:33:58.226347+00:00
2026-05-07T02:13:58+00:00,2026-05-07T11:13:58+09:00,2026-05-07,11:13,035420.KS,NAVER,kr_stock,korea_growth,208000.0,208000.0,208000.0,208000.0,0.0,KRW,yahoo_intraday,2026-05-07T02:33:58.226347+00:00
2026-04-30T02:00:00+00:00,2026-04-30T11:00:00+09:00,2026-04-30,11:00,035720.KS,Kakao,kr_stock,korea_growth,47650.0,47750.0,47350.0,47350.0,0.0,KRW,yahoo_intraday,2026-05-07T02:33:58.226347+00:00
2026-04-30T03:00:00+00:00,2026-04-30T12:00:00+09:00,2026-04-30,12:00,035720.KS,Kakao,kr_stock,korea_growth,47400.0,47500.0,47350.0,47400.0,66351.0,KRW,yahoo_intraday,2026-05-07T02:33:58.226347+00:00
2026-04-30T04:00:00+00:00,2026-04-30T13:00:00+09:00,2026-04-30,13:00,035720.KS,Kakao,kr_stock,korea_growth,47450.0,47450.0,47150.0,47200.0,232966.0,KRW,yahoo_intraday,2026-05-07T02:33:58.226347+00:00
2026-04-30T05:00:00+00:00,2026-04-30T14:00:00+09:00,2026-04-30,14:00,035720.KS,Kakao,kr_stock,korea_growth,47150.0,47300.0,47050.0,47275.0,171711.0,KRW,yahoo_intraday,2026-05-07T02:33:58.226347+00:00
2026-05-04T00:00:00+00:00,2026-05-04T09:00:00+09:00,2026-05-04,09:00,035720.KS,Kakao,kr_stock,korea_growth,47700.0,47850.0,46900.0,47600.0,0.0,KRW,yahoo_intraday,2026-05-07T02:33:58.226347+00:00
2026-05-04T01:00:00+00:00,2026-05-04T10:00:00+09:00,2026-05-04,10:00,035720.KS,Kakao,kr_stock,korea_growth,47650.0,47700.0,47200.0,47200.0,164933.0,KRW,yahoo_intraday,2026-05-07T02:33:58.226347+00:00
2026-05-04T02:00:00+00:00,2026-05-04T11:00:00+09:00,2026-05-04,11:00,035720.KS,Kakao,kr_stock,korea_growth,47200.0,47250.0,47000.0,47200.0,152027.0,KRW,yahoo_intraday,2026-05-07T02:33:58.226347+00:00
2026-05-04T03:00:00+00:00,2026-05-04T12:00:00+09:00,2026-05-04,12:00,035720.KS,Kakao,kr_stock,korea_growth,47150.0,47250.0,47100.0,47100.0,122156.0,KRW,yahoo_intraday,2026-05-07T02:33:58.226347+00:00
2026-05-04T04:00:00+00:00,2026-05-04T13:00:00+09:00,2026-05-04,13:00,035720.KS,Kakao,kr_stock,korea_growth,47100.0,47150.0,47000.0,47050.0,129631.0,KRW,yahoo_intraday,2026-05-07T02:33:58.226347+00:00
2026-05-04T05:00:00+00:00,2026-05-04T14:00:00+09:00,2026-05-04,14:00,035720.KS,Kakao,kr_stock,korea_growth,47000.0,47100.0,47000.0,47000.0,160905.0,KRW,yahoo_intraday,2026-05-07T02:33:58.226347+00:00
2026-05-06T00:00:00+00:00,2026-05-06T09:00:00+09:00,2026-05-06,09:00,035720.KS,Kakao,kr_stock,korea_growth,47100.0,47900.0,46900.0,47100.0,0.0,KRW,yahoo_intraday,2026-05-07T02:33:58.226347+00:00
2026-05-06T01:00:00+00:00,2026-05-06T10:00:00+09:00,2026-05-06,10:00,035720.KS,Kakao,kr_stock,korea_growth,47150.0,47150.0,46900.0,46950.0,267725.0,KRW,yahoo_intraday,2026-05-07T02:33:58.226347+00:00
2026-05-06T02:00:00+00:00,2026-05-06T11:00:00+09:00,2026-05-06,11:00,035720.KS,Kakao,kr_stock,korea_growth,46950.0,47000.0,46550.0,46600.0,270197.0,KRW,yahoo_intraday,2026-05-07T02:33:58.226347+00:00
2026-05-06T03:00:00+00:00,2026-05-06T12:00:00+09:00,2026-05-06,12:00,035720.KS,Kakao,kr_stock,korea_growth,46650.0,46700.0,46500.0,46600.0,180022.0,KRW,yahoo_intraday,2026-05-07T02:33:58.226347+00:00
2026-05-06T04:00:00+00:00,2026-05-06T13:00:00+09:00,2026-05-06,13:00,035720.KS,Kakao,kr_stock,korea_growth,46600.0,46650.0,46400.0,46400.0,202440.0,KRW,yahoo_intraday,2026-05-07T02:33:58.226347+00:00
2026-05-06T05:00:00+00:00,2026-05-06T14:00:00+09:00,2026-05-06,14:00,035720.KS,Kakao,kr_stock,korea_growth,46400.0,46500.0,46200.0,46400.0,354555.0,KRW,yahoo_intraday,2026-05-07T02:33:58.226347+00:00
2026-05-07T00:00:00+00:00,2026-05-07T09:00:00+09:00,2026-05-07,09:00,035720.KS,Kakao,kr_stock,korea_growth,47250.0,47500.0,45700.0,45800.0,785582.0,KRW,yahoo_intraday,2026-05-07T02:33:58.226347+00:00
2026-05-07T01:00:00+00:00,2026-05-07T10:00:00+09:00,2026-05-07,10:00,035720.KS,Kakao,kr_stock,korea_growth,45750.0,46200.0,45650.0,46100.0,258290.0,KRW,yahoo_intraday,2026-05-07T02:33:58.226347+00:00
2026-05-07T02:00:00+00:00,2026-05-07T11:00:00+09:00,2026-05-07,11:00,035720.KS,Kakao,kr_stock,korea_growth,46075.0,46100.0,45750.0,45750.0,95956.0,KRW,yahoo_intraday,2026-05-07T02:33:58.226347+00:00
2026-05-07T02:14:00+00:00,2026-05-07T11:14:00+09:00,2026-05-07,11:14,035720.KS,Kakao,kr_stock,korea_growth,45800.0,45800.0,45800.0,45800.0,0.0,KRW,yahoo_intraday,2026-05-07T02:33:58.226347+00:00
2026-04-30T02:00:00+00:00,2026-04-30T11:00:00+09:00,2026-04-30,11:00,051910.KS,LG Chem,kr_stock,korea_battery,398000.0,399000.0,394500.0,396000.0,0.0,KRW,yahoo_intraday,2026-05-07T02:33:58.226347+00:00
2026-04-30T03:00:00+00:00,2026-04-30T12:00:00+09:00,2026-04-30,12:00,051910.KS,LG Chem,kr_stock,korea_battery,396000.0,398500.0,395500.0,396500.0,16493.0,KRW,yahoo_intraday,2026-05-07T02:33:58.226347+00:00
2026-04-30T04:00:00+00:00,2026-04-30T13:00:00+09:00,2026-04-30,13:00,051910.KS,LG Chem,kr_stock,korea_battery,396500.0,398500.0,394500.0,395000.0,28123.0,KRW,yahoo_intraday,2026-05-07T02:33:58.226347+00:00
2026-04-30T05:00:00+00:00,2026-04-30T14:00:00+09:00,2026-04-30,14:00,051910.KS,LG Chem,kr_stock,korea_battery,394500.0,397500.0,394500.0,396250.0,25987.0,KRW,yahoo_intraday,2026-05-07T02:33:58.226347+00:00
2026-05-04T00:00:00+00:00,2026-05-04T09:00:00+09:00,2026-05-04,09:00,051910.KS,LG Chem,kr_stock,korea_battery,411500.0,426000.0,408000.0,422000.0,0.0,KRW,yahoo_intraday,2026-05-07T02:33:58.226347+00:00
2026-05-04T01:00:00+00:00,2026-05-04T10:00:00+09:00,2026-05-04,10:00,051910.KS,LG Chem,kr_stock,korea_battery,422000.0,435000.0,422000.0,431500.0,159673.0,KRW,yahoo_intraday,2026-05-07T02:33:58.226347+00:00
2026-05-04T02:00:00+00:00,2026-05-04T11:00:00+09:00,2026-05-04,11:00,051910.KS,LG Chem,kr_stock,korea_battery,432000.0,434500.0,427000.0,429500.0,47401.0,KRW,yahoo_intraday,2026-05-07T02:33:58.226347+00:00
2026-05-04T03:00:00+00:00,2026-05-04T12:00:00+09:00,2026-05-04,12:00,051910.KS,LG Chem,kr_stock,korea_battery,429000.0,431000.0,428500.0,430000.0,29743.0,KRW,yahoo_intraday,2026-05-07T02:33:58.226347+00:00
2026-05-04T04:00:00+00:00,2026-05-04T13:00:00+09:00,2026-05-04,13:00,051910.KS,LG Chem,kr_stock,korea_battery,429500.0,433000.0,429500.0,430500.0,39161.0,KRW,yahoo_intraday,2026-05-07T02:33:58.226347+00:00
2026-05-04T05:00:00+00:00,2026-05-04T14:00:00+09:00,2026-05-04,14:00,051910.KS,LG Chem,kr_stock,korea_battery,430000.0,431500.0,426500.0,430000.0,49471.0,KRW,yahoo_intraday,2026-05-07T02:33:58.226347+00:00
2026-05-06T00:00:00+00:00,2026-05-06T09:00:00+09:00,2026-05-06,09:00,051910.KS,LG Chem,kr_stock,korea_battery,436000.0,436000.0,413000.0,415500.0,0.0,KRW,yahoo_intraday,2026-05-07T02:33:58.226347+00:00
2026-05-06T01:00:00+00:00,2026-05-06T10:00:00+09:00,2026-05-06,10:00,051910.KS,LG Chem,kr_stock,korea_battery,415500.0,422000.0,415500.0,420000.0,45627.0,KRW,yahoo_intraday,2026-05-07T02:33:58.226347+00:00
2026-05-06T02:00:00+00:00,2026-05-06T11:00:00+09:00,2026-05-06,11:00,051910.KS,LG Chem,kr_stock,korea_battery,420000.0,422000.0,419500.0,421000.0,25146.0,KRW,yahoo_intraday,2026-05-07T02:33:58.226347+00:00
2026-05-06T03:00:00+00:00,2026-05-06T12:00:00+09:00,2026-05-06,12:00,051910.KS,LG Chem,kr_stock,korea_battery,421000.0,422500.0,420500.0,421000.0,25057.0,KRW,yahoo_intraday,2026-05-07T02:33:58.226347+00:00
2026-05-06T04:00:00+00:00,2026-05-06T13:00:00+09:00,2026-05-06,13:00,051910.KS,LG Chem,kr_stock,korea_battery,421000.0,426000.0,421000.0,425500.0,33787.0,KRW,yahoo_intraday,2026-05-07T02:33:58.226347+00:00
2026-05-06T05:00:00+00:00,2026-05-06T14:00:00+09:00,2026-05-06,14:00,051910.KS,LG Chem,kr_stock,korea_battery,425500.0,427000.0,424000.0,425500.0,31129.0,KRW,yahoo_intraday,2026-05-07T02:33:58.226347+00:00
2026-05-07T00:00:00+00:00,2026-05-07T09:00:00+09:00,2026-05-07,09:00,051910.KS,LG Chem,kr_stock,korea_battery,424500.0,425500.0,413750.0,419000.0,81166.0,KRW,yahoo_intraday,2026-05-07T02:33:58.226347+00:00
2026-05-07T01:00:00+00:00,2026-05-07T10:00:00+09:00,2026-05-07,10:00,051910.KS,LG Chem,kr_stock,korea_battery,419000.0,426500.0,417500.0,421500.0,44841.0,KRW,yahoo_intraday,2026-05-07T02:33:58.226347+00:00
2026-05-07T02:00:00+00:00,2026-05-07T11:00:00+09:00,2026-05-07,11:00,051910.KS,LG Chem,kr_stock,korea_battery,421250.0,424000.0,421000.0,423500.0,7220.0,KRW,yahoo_intraday,2026-05-07T02:33:58.226347+00:00
2026-05-07T02:14:00+00:00,2026-05-07T11:14:00+09:00,2026-05-07,11:14,051910.KS,LG Chem,kr_stock,korea_battery,423000.0,423000.0,423000.0,423000.0,0.0,KRW,yahoo_intraday,2026-05-07T02:33:58.226347+00:00
2026-04-30T02:00:00+00:00,2026-04-30T11:00:00+09:00,2026-04-30,11:00,068270.KS,Celltrion,kr_stock,korea_defensive,201500.0,202000.0,200000.0,200000.0,0.0,KRW,yahoo_intraday,2026-05-07T02:33:58.226347+00:00
2026-04-30T03:00:00+00:00,2026-04-30T12:00:00+09:00,2026-04-30,12:00,068270.KS,Celltrion,kr_stock,korea_defensive,200500.0,201000.0,200000.0,200500.0,31063.0,KRW,yahoo_intraday,2026-05-07T02:33:58.226347+00:00
2026-04-30T04:00:00+00:00,2026-04-30T13:00:00+09:00,2026-04-30,13:00,068270.KS,Celltrion,kr_stock,korea_defensive,201000.0,201000.0,200000.0,200750.0,50089.0,KRW,yahoo_intraday,2026-05-07T02:33:58.226347+00:00
2026-04-30T05:00:00+00:00,2026-04-30T14:00:00+09:00,2026-04-30,14:00,068270.KS,Celltrion,kr_stock,korea_defensive,200750.0,202000.0,200000.0,201000.0,73575.0,KRW,yahoo_intraday,2026-05-07T02:33:58.226347+00:00
2026-05-04T00:00:00+00:00,2026-05-04T09:00:00+09:00,2026-05-04,09:00,068270.KS,Celltrion,kr_stock,korea_defensive,202500.0,203000.0,200000.0,200500.0,0.0,KRW,yahoo_intraday,2026-05-07T02:33:58.226347+00:00
2026-05-04T01:00:00+00:00,2026-05-04T10:00:00+09:00,2026-05-04,10:00,068270.KS,Celltrion,kr_stock,korea_defensive,201000.0,201000.0,199500.0,199800.0,88577.0,KRW,yahoo_intraday,2026-05-07T02:33:58.226347+00:00
2026-05-04T02:00:00+00:00,2026-05-04T11:00:00+09:00,2026-05-04,11:00,068270.KS,Celltrion,kr_stock,korea_defensive,199900.0,200000.0,198300.0,198500.0,114397.0,KRW,yahoo_intraday,2026-05-07T02:33:58.226347+00:00
2026-05-04T03:00:00+00:00,2026-05-04T12:00:00+09:00,2026-05-04,12:00,068270.KS,Celltrion,kr_stock,korea_defensive,198500.0,199200.0,198300.0,198900.0,69047.0,KRW,yahoo_intraday,2026-05-07T02:33:58.226347+00:00
2026-05-04T04:00:00+00:00,2026-05-04T13:00:00+09:00,2026-05-04,13:00,068270.KS,Celltrion,kr_stock,korea_defensive,198900.0,199500.0,198100.0,198150.0,84966.0,KRW,yahoo_intraday,2026-05-07T02:33:58.226347+00:00
2026-05-04T05:00:00+00:00,2026-05-04T14:00:00+09:00,2026-05-04,14:00,068270.KS,Celltrion,kr_stock,korea_defensive,198150.0,198700.0,198000.0,198100.0,104854.0,KRW,yahoo_intraday,2026-05-07T02:33:58.226347+00:00
2026-05-06T00:00:00+00:00,2026-05-06T09:00:00+09:00,2026-05-06,09:00,068270.KS,Celltrion,kr_stock,korea_defensive,202000.0,202500.0,196500.0,198700.0,0.0,KRW,yahoo_intraday,2026-05-07T02:33:58.226347+00:00
2026-05-06T01:00:00+00:00,2026-05-06T10:00:00+09:00,2026-05-06,10:00,068270.KS,Celltrion,kr_stock,korea_defensive,198700.0,198900.0,197600.0,198100.0,89864.0,KRW,yahoo_intraday,2026-05-07T02:33:58.226347+00:00
2026-05-06T02:00:00+00:00,2026-05-06T11:00:00+09:00,2026-05-06,11:00,068270.KS,Celltrion,kr_stock,korea_defensive,198100.0,198500.0,197800.0,198100.0,65019.0,KRW,yahoo_intraday,2026-05-07T02:33:58.226347+00:00
2026-05-06T03:00:00+00:00,2026-05-06T12:00:00+09:00,2026-05-06,12:00,068270.KS,Celltrion,kr_stock,korea_defensive,198100.0,198100.0,196000.0,196500.0,105233.0,KRW,yahoo_intraday,2026-05-07T02:33:58.226347+00:00
2026-05-06T04:00:00+00:00,2026-05-06T13:00:00+09:00,2026-05-06,13:00,068270.KS,Celltrion,kr_stock,korea_defensive,196400.0,196600.0,196000.0,196100.0,77136.0,KRW,yahoo_intraday,2026-05-07T02:33:58.226347+00:00
2026-05-06T05:00:00+00:00,2026-05-06T14:00:00+09:00,2026-05-06,14:00,068270.KS,Celltrion,kr_stock,korea_defensive,196100.0,196200.0,195500.0,195700.0,135263.0,KRW,yahoo_intraday,2026-05-07T02:33:58.226347+00:00
2026-05-07T00:00:00+00:00,2026-05-07T09:00:00+09:00,2026-05-07,09:00,068270.KS,Celltrion,kr_stock,korea_defensive,199600.0,206500.0,198800.0,202500.0,456792.0,KRW,yahoo_intraday,2026-05-07T02:33:58.226347+00:00
2026-05-07T01:00:00+00:00,2026-05-07T10:00:00+09:00,2026-05-07,10:00,068270.KS,Celltrion,kr_stock,korea_defensive,202500.0,205000.0,201750.0,203000.0,154223.0,KRW,yahoo_intraday,2026-05-07T02:33:58.226347+00:00
2026-05-07T02:00:00+00:00,2026-05-07T11:00:00+09:00,2026-05-07,11:00,068270.KS,Celltrion,kr_stock,korea_defensive,203500.0,203500.0,202500.0,203500.0,17734.0,KRW,yahoo_intraday,2026-05-07T02:33:58.226347+00:00
2026-05-07T02:14:03+00:00,2026-05-07T11:14:03+09:00,2026-05-07,11:14,068270.KS,Celltrion,kr_stock,korea_defensive,203500.0,203500.0,203500.0,203500.0,0.0,KRW,yahoo_intraday,2026-05-07T02:33:58.226347+00:00
2026-04-30T02:00:00+00:00,2026-04-30T11:00:00+09:00,2026-04-30,11:00,069500.KS,KODEX 200 ETF,kr_etf,korea_market,101560.0,101745.0,100535.0,100775.0,0.0,KRW,yahoo_intraday,2026-05-07T02:33:58.226347+00:00
2026-04-30T03:00:00+00:00,2026-04-30T12:00:00+09:00,2026-04-30,12:00,069500.KS,KODEX 200 ETF,kr_etf,korea_market,100775.0,101130.0,100610.0,100880.0,1196403.0,KRW,yahoo_intraday,2026-05-07T02:33:58.226347+00:00
2026-04-30T04:00:00+00:00,2026-04-30T13:00:00+09:00,2026-04-30,13:00,069500.KS,KODEX 200 ETF,kr_etf,korea_market,100880.0,100905.0,99850.0,99900.0,1877956.0,KRW,yahoo_intraday,2026-05-07T02:33:58.226347+00:00
2026-04-30T05:00:00+00:00,2026-04-30T14:00:00+09:00,2026-04-30,14:00,069500.KS,KODEX 200 ETF,kr_etf,korea_market,99900.0,100435.0,99870.0,100195.0,1617307.0,KRW,yahoo_intraday,2026-05-07T02:33:58.226347+00:00
2026-05-04T00:00:00+00:00,2026-05-04T09:00:00+09:00,2026-05-04,09:00,069500.KS,KODEX 200 ETF,kr_etf,korea_market,102530.0,102755.0,101865.0,102670.0,0.0,KRW,yahoo_intraday,2026-05-07T02:33:58.226347+00:00
2026-05-04T01:00:00+00:00,2026-05-04T10:00:00+09:00,2026-05-04,10:00,069500.KS,KODEX 200 ETF,kr_etf,korea_market,102665.0,103905.0,102500.0,103845.0,2736094.0,KRW,yahoo_intraday,2026-05-07T02:33:58.226347+00:00
2026-05-04T02:00:00+00:00,2026-05-04T11:00:00+09:00,2026-05-04,11:00,069500.KS,KODEX 200 ETF,kr_etf,korea_market,103840.0,104845.0,103675.0,104415.0,2352526.0,KRW,yahoo_intraday,2026-05-07T02:33:58.226347+00:00
2026-05-04T03:00:00+00:00,2026-05-04T12:00:00+09:00,2026-05-04,12:00,069500.KS,KODEX 200 ETF,kr_etf,korea_market,104400.0,104900.0,104200.0,104890.0,1904316.0,KRW,yahoo_intraday,2026-05-07T02:33:58.226347+00:00
2026-05-04T04:00:00+00:00,2026-05-04T13:00:00+09:00,2026-05-04,13:00,069500.KS,KODEX 200 ETF,kr_etf,korea_market,104890.0,104955.0,104660.0,104755.0,1792915.0,KRW,yahoo_intraday,2026-05-07T02:33:58.226347+00:00
2026-05-04T05:00:00+00:00,2026-05-04T14:00:00+09:00,2026-05-04,14:00,069500.KS,KODEX 200 ETF,kr_etf,korea_market,104755.0,105145.0,104545.0,105120.0,2073889.0,KRW,yahoo_intraday,2026-05-07T02:33:58.226347+00:00
2026-05-06T00:00:00+00:00,2026-05-06T09:00:00+09:00,2026-05-06,09:00,069500.KS,KODEX 200 ETF,kr_etf,korea_market,111460.0,112705.0,110500.0,112525.0,0.0,KRW,yahoo_intraday,2026-05-07T02:33:58.226347+00:00
2026-05-06T01:00:00+00:00,2026-05-06T10:00:00+09:00,2026-05-06,10:00,069500.KS,KODEX 200 ETF,kr_etf,korea_market,112530.0,112950.0,111725.0,112925.0,3542406.0,KRW,yahoo_intraday,2026-05-07T02:33:58.226347+00:00
2026-05-06T02:00:00+00:00,2026-05-06T11:00:00+09:00,2026-05-06,11:00,069500.KS,KODEX 200 ETF,kr_etf,korea_market,112925.0,113265.0,112470.0,112940.0,2732135.0,KRW,yahoo_intraday,2026-05-07T02:33:58.226347+00:00
2026-05-06T03:00:00+00:00,2026-05-06T12:00:00+09:00,2026-05-06,12:00,069500.KS,KODEX 200 ETF,kr_etf,korea_market,112950.0,114070.0,112935.0,113440.0,3145232.0,KRW,yahoo_intraday,2026-05-07T02:33:58.226347+00:00
2026-05-06T04:00:00+00:00,2026-05-06T13:00:00+09:00,2026-05-06,13:00,069500.KS,KODEX 200 ETF,kr_etf,korea_market,113435.0,114320.0,113410.0,113500.0,2853295.0,KRW,yahoo_intraday,2026-05-07T02:33:58.226347+00:00
2026-05-06T05:00:00+00:00,2026-05-06T14:00:00+09:00,2026-05-06,14:00,069500.KS,KODEX 200 ETF,kr_etf,korea_market,113485.0,114250.0,113115.0,114030.0,3015781.0,KRW,yahoo_intraday,2026-05-07T02:33:58.226347+00:00
2026-05-07T00:00:00+00:00,2026-05-07T09:00:00+09:00,2026-05-07,09:00,069500.KS,KODEX 200 ETF,kr_etf,korea_market,115305.0,116180.0,111635.0,112440.0,8090986.0,KRW,yahoo_intraday,2026-05-07T02:33:58.226347+00:00
2026-05-07T01:00:00+00:00,2026-05-07T10:00:00+09:00,2026-05-07,10:00,069500.KS,KODEX 200 ETF,kr_etf,korea_market,112440.0,113925.0,111815.0,113805.0,3524294.0,KRW,yahoo_intraday,2026-05-07T02:33:58.226347+00:00
2026-05-07T02:00:00+00:00,2026-05-07T11:00:00+09:00,2026-05-07,11:00,069500.KS,KODEX 200 ETF,kr_etf,korea_market,113800.0,114300.0,113730.0,113940.0,746304.0,KRW,yahoo_intraday,2026-05-07T02:33:58.226347+00:00
2026-05-07T02:13:58+00:00,2026-05-07T11:13:58+09:00,2026-05-07,11:13,069500.KS,KODEX 200 ETF,kr_etf,korea_market,113985.0,113985.0,113985.0,113985.0,0.0,KRW,yahoo_intraday,2026-05-07T02:33:58.226347+00:00
2026-04-30T02:00:00+00:00,2026-04-30T11:00:00+09:00,2026-04-30,11:00,105560.KS,KB Financial,kr_stock,korea_financial,162300.0,162700.0,161000.0,161400.0,0.0,KRW,yahoo_intraday,2026-05-07T02:33:58.226347+00:00
2026-04-30T03:00:00+00:00,2026-04-30T12:00:00+09:00,2026-04-30,12:00,105560.KS,KB Financial,kr_stock,korea_financial,161400.0,162000.0,161000.0,161100.0,85478.0,KRW,yahoo_intraday,2026-05-07T02:33:58.226347+00:00
2026-04-30T04:00:00+00:00,2026-04-30T13:00:00+09:00,2026-04-30,13:00,105560.KS,KB Financial,kr_stock,korea_financial,161100.0,161200.0,160100.0,160200.0,92484.0,KRW,yahoo_intraday,2026-05-07T02:33:58.226347+00:00
2026-04-30T05:00:00+00:00,2026-04-30T14:00:00+09:00,2026-04-30,14:00,105560.KS,KB Financial,kr_stock,korea_financial,160100.0,160700.0,159600.0,160650.0,151829.0,KRW,yahoo_intraday,2026-05-07T02:33:58.226347+00:00
2026-05-04T00:00:00+00:00,2026-05-04T09:00:00+09:00,2026-05-04,09:00,105560.KS,KB Financial,kr_stock,korea_financial,161500.0,163000.0,158000.0,158600.0,0.0,KRW,yahoo_intraday,2026-05-07T02:33:58.226347+00:00
2026-05-04T01:00:00+00:00,2026-05-04T10:00:00+09:00,2026-05-04,10:00,105560.KS,KB Financial,kr_stock,korea_financial,158500.0,159700.0,158300.0,159200.0,177571.0,KRW,yahoo_intraday,2026-05-07T02:33:58.226347+00:00
2026-05-04T02:00:00+00:00,2026-05-04T11:00:00+09:00,2026-05-04,11:00,105560.KS,KB Financial,kr_stock,korea_financial,159200.0,160300.0,159000.0,159300.0,106920.0,KRW,yahoo_intraday,2026-05-07T02:33:58.226347+00:00
2026-05-04T03:00:00+00:00,2026-05-04T12:00:00+09:00,2026-05-04,12:00,105560.KS,KB Financial,kr_stock,korea_financial,159300.0,159700.0,158600.0,159200.0,110271.0,KRW,yahoo_intraday,2026-05-07T02:33:58.226347+00:00
2026-05-04T04:00:00+00:00,2026-05-04T13:00:00+09:00,2026-05-04,13:00,105560.KS,KB Financial,kr_stock,korea_financial,159200.0,159300.0,158400.0,158500.0,135043.0,KRW,yahoo_intraday,2026-05-07T02:33:58.226347+00:00
2026-05-04T05:00:00+00:00,2026-05-04T14:00:00+09:00,2026-05-04,14:00,105560.KS,KB Financial,kr_stock,korea_financial,158600.0,158600.0,157700.0,157700.0,197430.0,KRW,yahoo_intraday,2026-05-07T02:33:58.226347+00:00
2026-05-06T00:00:00+00:00,2026-05-06T09:00:00+09:00,2026-05-06,09:00,105560.KS,KB Financial,kr_stock,korea_financial,162100.0,162300.0,158000.0,162100.0,0.0,KRW,yahoo_intraday,2026-05-07T02:33:58.226347+00:00
2026-05-06T01:00:00+00:00,2026-05-06T10:00:00+09:00,2026-05-06,10:00,105560.KS,KB Financial,kr_stock,korea_financial,162100.0,162400.0,160500.0,162000.0,169086.0,KRW,yahoo_intraday,2026-05-07T02:33:58.226347+00:00
2026-05-06T02:00:00+00:00,2026-05-06T11:00:00+09:00,2026-05-06,11:00,105560.KS,KB Financial,kr_stock,korea_financial,162000.0,162100.0,160800.0,161000.0,110058.0,KRW,yahoo_intraday,2026-05-07T02:33:58.226347+00:00
2026-05-06T03:00:00+00:00,2026-05-06T12:00:00+09:00,2026-05-06,12:00,105560.KS,KB Financial,kr_stock,korea_financial,161000.0,161700.0,160800.0,161300.0,123191.0,KRW,yahoo_intraday,2026-05-07T02:33:58.226347+00:00
2026-05-06T04:00:00+00:00,2026-05-06T13:00:00+09:00,2026-05-06,13:00,105560.KS,KB Financial,kr_stock,korea_financial,161200.0,162000.0,160800.0,161200.0,142722.0,KRW,yahoo_intraday,2026-05-07T02:33:58.226347+00:00
2026-05-06T05:00:00+00:00,2026-05-06T14:00:00+09:00,2026-05-06,14:00,105560.KS,KB Financial,kr_stock,korea_financial,161200.0,161500.0,160200.0,160500.0,174194.0,KRW,yahoo_intraday,2026-05-07T02:33:58.226347+00:00
2026-05-07T00:00:00+00:00,2026-05-07T09:00:00+09:00,2026-05-07,09:00,105560.KS,KB Financial,kr_stock,korea_financial,162300.0,162300.0,157900.0,160800.0,369698.0,KRW,yahoo_intraday,2026-05-07T02:33:58.226347+00:00
2026-05-07T01:00:00+00:00,2026-05-07T10:00:00+09:00,2026-05-07,10:00,105560.KS,KB Financial,kr_stock,korea_financial,160800.0,161600.0,159600.0,161000.0,148378.0,KRW,yahoo_intraday,2026-05-07T02:33:58.226347+00:00
2026-05-07T02:00:00+00:00,2026-05-07T11:00:00+09:00,2026-05-07,11:00,105560.KS,KB Financial,kr_stock,korea_financial,161100.0,161200.0,160400.0,160700.0,23046.0,KRW,yahoo_intraday,2026-05-07T02:33:58.226347+00:00
2026-05-07T02:14:03+00:00,2026-05-07T11:14:03+09:00,2026-05-07,11:14,105560.KS,KB Financial,kr_stock,korea_financial,160600.0,160600.0,160600.0,160600.0,0.0,KRW,yahoo_intraday,2026-05-07T02:33:58.226347+00:00
2026-04-30T02:00:00+00:00,2026-04-30T11:00:00+09:00,2026-04-30,11:00,207940.KS,Samsung Biologics,kr_stock,korea_defensive,1482000.0,1484000.0,1473000.0,1473000.0,0.0,KRW,yahoo_intraday,2026-05-07T02:33:58.226347+00:00
2026-04-30T03:00:00+00:00,2026-04-30T12:00:00+09:00,2026-04-30,12:00,207940.KS,Samsung Biologics,kr_stock,korea_defensive,1473000.0,1481000.0,1473000.0,1475000.0,2919.0,KRW,yahoo_intraday,2026-05-07T02:33:58.226347+00:00
2026-04-30T04:00:00+00:00,2026-04-30T13:00:00+09:00,2026-04-30,13:00,207940.KS,Samsung Biologics,kr_stock,korea_defensive,1476000.0,1476000.0,1471000.0,1472000.0,5385.0,KRW,yahoo_intraday,2026-05-07T02:33:58.226347+00:00
2026-04-30T05:00:00+00:00,2026-04-30T14:00:00+09:00,2026-04-30,14:00,207940.KS,Samsung Biologics,kr_stock,korea_defensive,1471000.0,1474000.0,1471000.0,1473000.0,5747.0,KRW,yahoo_intraday,2026-05-07T02:33:58.226347+00:00
2026-05-04T00:00:00+00:00,2026-05-04T09:00:00+09:00,2026-05-04,09:00,207940.KS,Samsung Biologics,kr_stock,korea_defensive,1485000.0,1486000.0,1460000.0,1461000.0,0.0,KRW,yahoo_intraday,2026-05-07T02:33:58.226347+00:00
2026-05-04T01:00:00+00:00,2026-05-04T10:00:00+09:00,2026-05-04,10:00,207940.KS,Samsung Biologics,kr_stock,korea_defensive,1461000.0,1465000.0,1460000.0,1462000.0,14017.0,KRW,yahoo_intraday,2026-05-07T02:33:58.226347+00:00
2026-05-04T02:00:00+00:00,2026-05-04T11:00:00+09:00,2026-05-04,11:00,207940.KS,Samsung Biologics,kr_stock,korea_defensive,1463000.0,1469000.0,1461000.0,1463000.0,11772.0,KRW,yahoo_intraday,2026-05-07T02:33:58.226347+00:00
2026-05-04T03:00:00+00:00,2026-05-04T12:00:00+09:00,2026-05-04,12:00,207940.KS,Samsung Biologics,kr_stock,korea_defensive,1461000.0,1485000.0,1461000.0,1480000.0,10459.0,KRW,yahoo_intraday,2026-05-07T02:33:58.226347+00:00
2026-05-04T04:00:00+00:00,2026-05-04T13:00:00+09:00,2026-05-04,13:00,207940.KS,Samsung Biologics,kr_stock,korea_defensive,1480000.0,1485000.0,1480000.0,1480000.0,8322.0,KRW,yahoo_intraday,2026-05-07T02:33:58.226347+00:00
2026-05-04T05:00:00+00:00,2026-05-04T14:00:00+09:00,2026-05-04,14:00,207940.KS,Samsung Biologics,kr_stock,korea_defensive,1480000.0,1483000.0,1476000.0,1480000.0,12719.0,KRW,yahoo_intraday,2026-05-07T02:33:58.226347+00:00
2026-05-06T00:00:00+00:00,2026-05-06T09:00:00+09:00,2026-05-06,09:00,207940.KS,Samsung Biologics,kr_stock,korea_defensive,1497000.0,1498000.0,1473000.0,1475000.0,0.0,KRW,yahoo_intraday,2026-05-07T02:33:58.226347+00:00
2026-05-06T01:00:00+00:00,2026-05-06T10:00:00+09:00,2026-05-06,10:00,207940.KS,Samsung Biologics,kr_stock,korea_defensive,1475000.0,1487000.0,1469000.0,1481000.0,14987.0,KRW,yahoo_intraday,2026-05-07T02:33:58.226347+00:00
2026-05-06T02:00:00+00:00,2026-05-06T11:00:00+09:00,2026-05-06,11:00,207940.KS,Samsung Biologics,kr_stock,korea_defensive,1481000.0,1489000.0,1479000.0,1482000.0,9871.0,KRW,yahoo_intraday,2026-05-07T02:33:58.226347+00:00
2026-05-06T03:00:00+00:00,2026-05-06T12:00:00+09:00,2026-05-06,12:00,207940.KS,Samsung Biologics,kr_stock,korea_defensive,1482000.0,1484000.0,1480000.0,1481000.0,9600.0,KRW,yahoo_intraday,2026-05-07T02:33:58.226347+00:00
2026-05-06T04:00:00+00:00,2026-05-06T13:00:00+09:00,2026-05-06,13:00,207940.KS,Samsung Biologics,kr_stock,korea_defensive,1481000.0,1483000.0,1480000.0,1480000.0,10710.0,KRW,yahoo_intraday,2026-05-07T02:33:58.226347+00:00
2026-05-06T05:00:00+00:00,2026-05-06T14:00:00+09:00,2026-05-06,14:00,207940.KS,Samsung Biologics,kr_stock,korea_defensive,1480000.0,1484000.0,1480000.0,1480000.0,13799.0,KRW,yahoo_intraday,2026-05-07T02:33:58.226347+00:00
2026-05-07T00:00:00+00:00,2026-05-07T09:00:00+09:00,2026-05-07,09:00,207940.KS,Samsung Biologics,kr_stock,korea_defensive,1482000.0,1484000.0,1470000.0,1478000.0,15756.0,KRW,yahoo_intraday,2026-05-07T02:33:58.226347+00:00
2026-05-07T01:00:00+00:00,2026-05-07T10:00:00+09:00,2026-05-07,10:00,207940.KS,Samsung Biologics,kr_stock,korea_defensive,1479000.0,1486000.0,1476000.0,1480000.0,6146.0,KRW,yahoo_intraday,2026-05-07T02:33:58.226347+00:00
2026-05-07T02:00:00+00:00,2026-05-07T11:00:00+09:00,2026-05-07,11:00,207940.KS,Samsung Biologics,kr_stock,korea_defensive,1481000.0,1481000.0,1479000.0,1480000.0,1076.0,KRW,yahoo_intraday,2026-05-07T02:33:58.226347+00:00
2026-05-07T02:14:04+00:00,2026-05-07T11:14:04+09:00,2026-05-07,11:14,207940.KS,Samsung Biologics,kr_stock,korea_defensive,1480000.0,1480000.0,1480000.0,1480000.0,0.0,KRW,yahoo_intraday,2026-05-07T02:33:58.226347+00:00
2026-04-30T02:00:00+00:00,2026-04-30T11:00:00+09:00,2026-04-30,11:00,373220.KS,LG Energy Solution,kr_stock,korea_battery,468500.0,468500.0,461500.0,463500.0,0.0,KRW,yahoo_intraday,2026-05-07T02:33:58.226347+00:00
2026-04-30T03:00:00+00:00,2026-04-30T12:00:00+09:00,2026-04-30,12:00,373220.KS,LG Energy Solution,kr_stock,korea_battery,463250.0,465500.0,463000.0,464500.0,15135.0,KRW,yahoo_intraday,2026-05-07T02:33:58.226347+00:00
2026-04-30T04:00:00+00:00,2026-04-30T13:00:00+09:00,2026-04-30,13:00,373220.KS,LG Energy Solution,kr_stock,korea_battery,464500.0,466000.0,460500.0,461000.0,40997.0,KRW,yahoo_intraday,2026-05-07T02:33:58.226347+00:00
2026-04-30T05:00:00+00:00,2026-04-30T14:00:00+09:00,2026-04-30,14:00,373220.KS,LG Energy Solution,kr_stock,korea_battery,460500.0,464000.0,459000.0,459000.0,74250.0,KRW,yahoo_intraday,2026-05-07T02:33:58.226347+00:00
2026-05-04T00:00:00+00:00,2026-05-04T09:00:00+09:00,2026-05-04,09:00,373220.KS,LG Energy Solution,kr_stock,korea_battery,469000.0,473000.0,461000.0,467000.0,0.0,KRW,yahoo_intraday,2026-05-07T02:33:58.226347+00:00
2026-05-04T01:00:00+00:00,2026-05-04T10:00:00+09:00,2026-05-04,10:00,373220.KS,LG Energy Solution,kr_stock,korea_battery,467000.0,473000.0,465500.0,471000.0,82321.0,KRW,yahoo_intraday,2026-05-07T02:33:58.226347+00:00
2026-05-04T02:00:00+00:00,2026-05-04T11:00:00+09:00,2026-05-04,11:00,373220.KS,LG Energy Solution,kr_stock,korea_battery,471000.0,471500.0,467000.0,468500.0,30330.0,KRW,yahoo_intraday,2026-05-07T02:33:58.226347+00:00
2026-05-04T03:00:00+00:00,2026-05-04T12:00:00+09:00,2026-05-04,12:00,373220.KS,LG Energy Solution,kr_stock,korea_battery,469000.0,470000.0,468000.0,469000.0,14323.0,KRW,yahoo_intraday,2026-05-07T02:33:58.226347+00:00
2026-05-04T04:00:00+00:00,2026-05-04T13:00:00+09:00,2026-05-04,13:00,373220.KS,LG Energy Solution,kr_stock,korea_battery,468500.0,478000.0,468500.0,472500.0,93955.0,KRW,yahoo_intraday,2026-05-07T02:33:58.226347+00:00
2026-05-04T05:00:00+00:00,2026-05-04T14:00:00+09:00,2026-05-04,14:00,373220.KS,LG Energy Solution,kr_stock,korea_battery,472000.0,472500.0,469000.0,471500.0,43603.0,KRW,yahoo_intraday,2026-05-07T02:33:58.226347+00:00
2026-05-06T00:00:00+00:00,2026-05-06T09:00:00+09:00,2026-05-06,09:00,373220.KS,LG Energy Solution,kr_stock,korea_battery,476000.0,479500.0,466000.0,471000.0,0.0,KRW,yahoo_intraday,2026-05-07T02:33:58.226347+00:00
2026-05-06T01:00:00+00:00,2026-05-06T10:00:00+09:00,2026-05-06,10:00,373220.KS,LG Energy Solution,kr_stock,korea_battery,471250.0,478000.0,470000.0,477500.0,55014.0,KRW,yahoo_intraday,2026-05-07T02:33:58.226347+00:00
2026-05-06T02:00:00+00:00,2026-05-06T11:00:00+09:00,2026-05-06,11:00,373220.KS,LG Energy Solution,kr_stock,korea_battery,477000.0,481000.0,473500.0,476500.0,67626.0,KRW,yahoo_intraday,2026-05-07T02:33:58.226347+00:00
2026-05-06T03:00:00+00:00,2026-05-06T12:00:00+09:00,2026-05-06,12:00,373220.KS,LG Energy Solution,kr_stock,korea_battery,477000.0,480000.0,475000.0,478500.0,50757.0,KRW,yahoo_intraday,2026-05-07T02:33:58.226347+00:00
2026-05-06T04:00:00+00:00,2026-05-06T13:00:00+09:00,2026-05-06,13:00,373220.KS,LG Energy Solution,kr_stock,korea_battery,478500.0,486500.0,478500.0,482500.0,112929.0,KRW,yahoo_intraday,2026-05-07T02:33:58.226347+00:00
2026-05-06T05:00:00+00:00,2026-05-06T14:00:00+09:00,2026-05-06,14:00,373220.KS,LG Energy Solution,kr_stock,korea_battery,482500.0,483500.0,480000.0,482000.0,63390.0,KRW,yahoo_intraday,2026-05-07T02:33:58.226347+00:00
2026-05-07T00:00:00+00:00,2026-05-07T09:00:00+09:00,2026-05-07,09:00,373220.KS,LG Energy Solution,kr_stock,korea_battery,482000.0,482500.0,464000.0,468000.0,127669.0,KRW,yahoo_intraday,2026-05-07T02:33:58.226347+00:00
2026-05-07T01:00:00+00:00,2026-05-07T10:00:00+09:00,2026-05-07,10:00,373220.KS,LG Energy Solution,kr_stock,korea_battery,467500.0,474500.0,465500.0,473000.0,51943.0,KRW,yahoo_intraday,2026-05-07T02:33:58.226347+00:00
2026-05-07T02:00:00+00:00,2026-05-07T11:00:00+09:00,2026-05-07,11:00,373220.KS,LG Energy Solution,kr_stock,korea_battery,472500.0,477000.0,471500.0,475000.0,16568.0,KRW,yahoo_intraday,2026-05-07T02:33:58.226347+00:00
2026-05-07T02:14:00+00:00,2026-05-07T11:14:00+09:00,2026-05-07,11:14,373220.KS,LG Energy Solution,kr_stock,korea_battery,475500.0,475500.0,475500.0,475500.0,0.0,KRW,yahoo_intraday,2026-05-07T02:33:58.226347+00:00
2026-04-30T13:30:00+00:00,2026-04-30T22:30:00+09:00,2026-04-30,22:30,EWY,iShares MSCI South Korea ETF,us_etf,korea_adr_proxy,157.850006,157.889999,155.389999,156.550003,3448452.0,USD,yahoo_intraday,2026-05-07T02:33:58.226347+00:00
2026-04-30T14:30:00+00:00,2026-04-30T23:30:00+09:00,2026-04-30,23:30,EWY,iShares MSCI South Korea ETF,us_etf,korea_adr_proxy,156.550003,157.360001,155.679993,157.210007,1690486.0,USD,yahoo_intraday,2026-05-07T02:33:58.226347+00:00
2026-04-30T15:30:00+00:00,2026-05-01T00:30:00+09:00,2026-05-01,00:30,EWY,iShares MSCI South Korea ETF,us_etf,korea_adr_proxy,157.240005,158.089996,157.240005,157.699997,1140725.0,USD,yahoo_intraday,2026-05-07T02:33:58.226347+00:00
2026-04-30T16:30:00+00:00,2026-05-01T01:30:00+09:00,2026-05-01,01:30,EWY,iShares MSCI South Korea ETF,us_etf,korea_adr_proxy,157.699997,158.119995,157.389999,158.089996,578712.0,USD,yahoo_intraday,2026-05-07T02:33:58.226347+00:00
2026-04-30T17:30:00+00:00,2026-05-01T02:30:00+09:00,2026-05-01,02:30,EWY,iShares MSCI South Korea ETF,us_etf,korea_adr_proxy,158.485001,159.404999,158.059998,159.330002,1872501.0,USD,yahoo_intraday,2026-05-07T02:33:58.226347+00:00
2026-04-30T18:30:00+00:00,2026-05-01T03:30:00+09:00,2026-05-01,03:30,EWY,iShares MSCI South Korea ETF,us_etf,korea_adr_proxy,159.339996,160.050003,159.110001,159.895004,1418135.0,USD,yahoo_intraday,2026-05-07T02:33:58.226347+00:00
2026-04-30T19:30:00+00:00,2026-05-01T04:30:00+09:00,2026-05-01,04:30,EWY,iShares MSCI South Korea ETF,us_etf,korea_adr_proxy,159.889999,161.550003,159.789993,160.570007,2994779.0,USD,yahoo_intraday,2026-05-07T02:33:58.226347+00:00
2026-05-01T13:30:00+00:00,2026-05-01T22:30:00+09:00,2026-05-01,22:30,EWY,iShares MSCI South Korea ETF,us_etf,korea_adr_proxy,159.910004,164.179993,159.660004,163.339996,3816379.0,USD,yahoo_intraday,2026-05-07T02:33:58.226347+00:00
2026-05-01T14:30:00+00:00,2026-05-01T23:30:00+09:00,2026-05-01,23:30,EWY,iShares MSCI South Korea ETF,us_etf,korea_adr_proxy,163.350006,163.350006,161.899994,162.470001,1586473.0,USD,yahoo_intraday,2026-05-07T02:33:58.226347+00:00
2026-05-01T15:30:00+00:00,2026-05-02T00:30:00+09:00,2026-05-02,00:30,EWY,iShares MSCI South Korea ETF,us_etf,korea_adr_proxy,162.490005,163.149994,161.656906,162.020004,1261644.0,USD,yahoo_intraday,2026-05-07T02:33:58.226347+00:00
2026-05-01T16:30:00+00:00,2026-05-02T01:30:00+09:00,2026-05-02,01:30,EWY,iShares MSCI South Korea ETF,us_etf,korea_adr_proxy,162.020004,162.495102,161.774994,162.050003,467848.0,USD,yahoo_intraday,2026-05-07T02:33:58.226347+00:00
2026-05-01T17:30:00+00:00,2026-05-02T02:30:00+09:00,2026-05-02,02:30,EWY,iShares MSCI South Korea ETF,us_etf,korea_adr_proxy,162.100006,162.520004,161.445007,162.110001,497818.0,USD,yahoo_intraday,2026-05-07T02:33:58.226347+00:00
2026-05-01T18:30:00+00:00,2026-05-02T03:30:00+09:00,2026-05-02,03:30,EWY,iShares MSCI South Korea ETF,us_etf,korea_adr_proxy,162.119995,162.264999,161.350006,161.960007,623539.0,USD,yahoo_intraday,2026-05-07T02:33:58.226347+00:00
2026-05-01T19:30:00+00:00,2026-05-02T04:30:00+09:00,2026-05-02,04:30,EWY,iShares MSCI South Korea ETF,us_etf,korea_adr_proxy,161.970001,162.039993,161.309998,161.990005,973324.0,USD,yahoo_intraday,2026-05-07T02:33:58.226347+00:00
2026-05-04T13:30:00+00:00,2026-05-04T22:30:00+09:00,2026-05-04,22:30,EWY,iShares MSCI South Korea ETF,us_etf,korea_adr_proxy,165.169998,167.830002,165.059998,167.279999,3103396.0,USD,yahoo_intraday,2026-05-07T02:33:58.226347+00:00
2026-05-04T14:30:00+00:00,2026-05-04T23:30:00+09:00,2026-05-04,23:30,EWY,iShares MSCI South Korea ETF,us_etf,korea_adr_proxy,167.279999,167.660004,164.150101,165.0,1595039.0,USD,yahoo_intraday,2026-05-07T02:33:58.226347+00:00
2026-05-04T15:30:00+00:00,2026-05-05T00:30:00+09:00,2026-05-05,00:30,EWY,iShares MSCI South Korea ETF,us_etf,korea_adr_proxy,165.009995,165.339996,162.600006,163.490005,2744148.0,USD,yahoo_intraday,2026-05-07T02:33:58.226347+00:00
2026-05-04T16:30:00+00:00,2026-05-05T01:30:00+09:00,2026-05-05,01:30,EWY,iShares MSCI South Korea ETF,us_etf,korea_adr_proxy,163.410004,164.070007,162.240005,164.014999,1867501.0,USD,yahoo_intraday,2026-05-07T02:33:58.226347+00:00
2026-05-04T17:30:00+00:00,2026-05-05T02:30:00+09:00,2026-05-05,02:30,EWY,iShares MSCI South Korea ETF,us_etf,korea_adr_proxy,164.044998,164.052505,162.660995,163.331497,1019010.0,USD,yahoo_intraday,2026-05-07T02:33:58.226347+00:00
2026-05-04T18:30:00+00:00,2026-05-05T03:30:00+09:00,2026-05-05,03:30,EWY,iShares MSCI South Korea ETF,us_etf,korea_adr_proxy,163.369995,163.949997,163.039993,163.839996,793508.0,USD,yahoo_intraday,2026-05-07T02:33:58.226347+00:00
2026-05-04T19:30:00+00:00,2026-05-05T04:30:00+09:00,2026-05-05,04:30,EWY,iShares MSCI South Korea ETF,us_etf,korea_adr_proxy,163.804993,164.0,163.505005,163.550003,1403166.0,USD,yahoo_intraday,2026-05-07T02:33:58.226347+00:00
2026-05-05T13:30:00+00:00,2026-05-05T22:30:00+09:00,2026-05-05,22:30,EWY,iShares MSCI South Korea ETF,us_etf,korea_adr_proxy,168.339996,173.550003,168.270096,173.139999,4574813.0,USD,yahoo_intraday,2026-05-07T02:33:58.226347+00:00
2026-05-05T14:30:00+00:00,2026-05-05T23:30:00+09:00,2026-05-05,23:30,EWY,iShares MSCI South Korea ETF,us_etf,korea_adr_proxy,173.130005,173.949997,172.035004,173.589996,1917420.0,USD,yahoo_intraday,2026-05-07T02:33:58.226347+00:00
2026-05-05T15:30:00+00:00,2026-05-06T00:30:00+09:00,2026-05-06,00:30,EWY,iShares MSCI South Korea ETF,us_etf,korea_adr_proxy,173.610001,174.479996,172.020004,173.660004,2418725.0,USD,yahoo_intraday,2026-05-07T02:33:58.226347+00:00
2026-05-05T16:30:00+00:00,2026-05-06T01:30:00+09:00,2026-05-06,01:30,EWY,iShares MSCI South Korea ETF,us_etf,korea_adr_proxy,173.619995,175.289993,173.050003,174.880005,2580240.0,USD,yahoo_intraday,2026-05-07T02:33:58.226347+00:00
2026-05-05T17:30:00+00:00,2026-05-06T02:30:00+09:00,2026-05-06,02:30,EWY,iShares MSCI South Korea ETF,us_etf,korea_adr_proxy,174.850006,175.139999,174.339996,175.115005,1222516.0,USD,yahoo_intraday,2026-05-07T02:33:58.226347+00:00
2026-05-05T18:30:00+00:00,2026-05-06T03:30:00+09:00,2026-05-06,03:30,EWY,iShares MSCI South Korea ETF,us_etf,korea_adr_proxy,175.110001,175.179993,173.199997,173.600006,1738758.0,USD,yahoo_intraday,2026-05-07T02:33:58.226347+00:00
2026-05-05T19:30:00+00:00,2026-05-06T04:30:00+09:00,2026-05-06,04:30,EWY,iShares MSCI South Korea ETF,us_etf,korea_adr_proxy,173.589996,173.740005,172.839996,173.300003,2438594.0,USD,yahoo_intraday,2026-05-07T02:33:58.226347+00:00
2026-05-06T13:30:00+00:00,2026-05-06T22:30:00+09:00,2026-05-06,22:30,EWY,iShares MSCI South Korea ETF,us_etf,korea_adr_proxy,180.520004,180.570007,176.860001,177.320007,7109275.0,USD,yahoo_intraday,2026-05-07T02:33:58.226347+00:00
2026-05-06T14:30:00+00:00,2026-05-06T23:30:00+09:00,2026-05-06,23:30,EWY,iShares MSCI South Korea ETF,us_etf,korea_adr_proxy,177.320007,181.080002,177.240005,180.989899,2898832.0,USD,yahoo_intraday,2026-05-07T02:33:58.226347+00:00
2026-05-06T15:30:00+00:00,2026-05-07T00:30:00+09:00,2026-05-07,00:30,EWY,iShares MSCI South Korea ETF,us_etf,korea_adr_proxy,181.0,181.770004,179.975006,180.899994,1612588.0,USD,yahoo_intraday,2026-05-07T02:33:58.226347+00:00
2026-05-06T16:30:00+00:00,2026-05-07T01:30:00+09:00,2026-05-07,01:30,EWY,iShares MSCI South Korea ETF,us_etf,korea_adr_proxy,180.919998,181.160004,179.830002,180.940002,1274569.0,USD,yahoo_intraday,2026-05-07T02:33:58.226347+00:00
2026-05-06T17:30:00+00:00,2026-05-07T02:30:00+09:00,2026-05-07,02:30,EWY,iShares MSCI South Korea ETF,us_etf,korea_adr_proxy,180.929993,181.679993,180.440002,181.600006,1052550.0,USD,yahoo_intraday,2026-05-07T02:33:58.226347+00:00
2026-05-06T18:30:00+00:00,2026-05-07T03:30:00+09:00,2026-05-07,03:30,EWY,iShares MSCI South Korea ETF,us_etf,korea_adr_proxy,181.714996,182.205002,181.119995,181.889999,1401172.0,USD,yahoo_intraday,2026-05-07T02:33:58.226347+00:00
2026-05-06T19:30:00+00:00,2026-05-07T04:30:00+09:00,2026-05-07,04:30,EWY,iShares MSCI South Korea ETF,us_etf,korea_adr_proxy,181.860001,182.169998,181.360001,181.539993,2420145.0,USD,yahoo_intraday,2026-05-07T02:33:58.226347+00:00
2026-05-06T20:00:00+00:00,2026-05-07T05:00:00+09:00,2026-05-07,05:00,EWY,iShares MSCI South Korea ETF,us_etf,korea_adr_proxy,181.979996,181.979996,181.979996,181.979996,0.0,USD,yahoo_intraday,2026-05-07T02:33:58.226347+00:00
2026-04-30T02:00:00+00:00,2026-04-30T11:00:00+09:00,2026-04-30,11:00,KRW=X,USD/KRW,fx,fx_krw,1486.079956,1487.579956,1485.410034,1486.380005,0.0,KRW,yahoo_intraday,2026-05-07T02:33:58.226347+00:00
2026-04-30T03:00:00+00:00,2026-04-30T12:00:00+09:00,2026-04-30,12:00,KRW=X,USD/KRW,fx,fx_krw,1486.280029,1486.380005,1483.47998,1484.410034,0.0,KRW,yahoo_intraday,2026-05-07T02:33:58.226347+00:00
2026-04-30T04:00:00+00:00,2026-04-30T13:00:00+09:00,2026-04-30,13:00,KRW=X,USD/KRW,fx,fx_krw,1484.439941,1486.329956,1483.97998,1485.079956,0.0,KRW,yahoo_intraday,2026-05-07T02:33:58.226347+00:00
2026-04-30T05:00:00+00:00,2026-04-30T14:00:00+09:00,2026-04-30,14:00,KRW=X,USD/KRW,fx,fx_krw,1484.97998,1485.48999,1482.209961,1482.680054,0.0,KRW,yahoo_intraday,2026-05-07T02:33:58.226347+00:00
2026-04-30T06:00:00+00:00,2026-04-30T15:00:00+09:00,2026-04-30,15:00,KRW=X,USD/KRW,fx,fx_krw,1482.680054,1485.430054,1481.180054,1484.880005,0.0,KRW,yahoo_intraday,2026-05-07T02:33:58.226347+00:00
2026-04-30T07:00:00+00:00,2026-04-30T16:00:00+09:00,2026-04-30,16:00,KRW=X,USD/KRW,fx,fx_krw,1485.079956,1485.579956,1479.180054,1481.079956,0.0,KRW,yahoo_intraday,2026-05-07T02:33:58.226347+00:00
2026-04-30T08:00:00+00:00,2026-04-30T17:00:00+09:00,2026-04-30,17:00,KRW=X,USD/KRW,fx,fx_krw,1480.380005,1481.219971,1476.880005,1480.209961,0.0,KRW,yahoo_intraday,2026-05-07T02:33:58.226347+00:00
2026-04-30T09:00:00+00:00,2026-04-30T18:00:00+09:00,2026-04-30,18:00,KRW=X,USD/KRW,fx,fx_krw,1479.829956,1481.140015,1473.280029,1476.829956,0.0,KRW,yahoo_intraday,2026-05-07T02:33:58.226347+00:00
2026-04-30T10:00:00+00:00,2026-04-30T19:00:00+09:00,2026-04-30,19:00,KRW=X,USD/KRW,fx,fx_krw,1476.599976,1477.630005,1471.97998,1473.849976,0.0,KRW,yahoo_intraday,2026-05-07T02:33:58.226347+00:00
2026-04-30T11:00:00+00:00,2026-04-30T20:00:00+09:00,2026-04-30,20:00,KRW=X,USD/KRW,fx,fx_krw,1473.930054,1476.77002,1470.680054,1476.77002,0.0,KRW,yahoo_intraday,2026-05-07T02:33:58.226347+00:00
2026-04-30T12:00:00+00:00,2026-04-30T21:00:00+09:00,2026-04-30,21:00,KRW=X,USD/KRW,fx,fx_krw,1476.800049,1477.900024,1474.880005,1476.680054,0.0,KRW,yahoo_intraday,2026-05-07T02:33:58.226347+00:00
2026-04-30T13:00:00+00:00,2026-04-30T22:00:00+09:00,2026-04-30,22:00,KRW=X,USD/KRW,fx,fx_krw,1476.290039,1477.180054,1474.780029,1476.640015,0.0,KRW,yahoo_intraday,2026-05-07T02:33:58.226347+00:00
2026-04-30T14:00:00+00:00,2026-04-30T23:00:00+09:00,2026-04-30,23:00,KRW=X,USD/KRW,fx,fx_krw,1476.630005,1479.02002,1475.939941,1476.910034,0.0,KRW,yahoo_intraday,2026-05-07T02:33:58.226347+00:00
2026-04-30T15:00:00+00:00,2026-05-01T00:00:00+09:00,2026-05-01,00:00,KRW=X,USD/KRW,fx,fx_krw,1478.0,1480.329956,1476.73999,1477.709961,0.0,KRW,yahoo_intraday,2026-05-07T02:33:58.226347+00:00
2026-04-30T16:00:00+00:00,2026-05-01T01:00:00+09:00,2026-05-01,01:00,KRW=X,USD/KRW,fx,fx_krw,1477.709961,1478.050049,1476.22998,1476.76001,0.0,KRW,yahoo_intraday,2026-05-07T02:33:58.226347+00:00
2026-04-30T17:00:00+00:00,2026-05-01T02:00:00+09:00,2026-05-01,02:00,KRW=X,USD/KRW,fx,fx_krw,1476.75,1476.880005,1474.97998,1475.890015,0.0,KRW,yahoo_intraday,2026-05-07T02:33:58.226347+00:00
2026-04-30T18:00:00+00:00,2026-05-01T03:00:00+09:00,2026-05-01,03:00,KRW=X,USD/KRW,fx,fx_krw,1476.699951,1476.73999,1473.800049,1473.959961,0.0,KRW,yahoo_intraday,2026-05-07T02:33:58.226347+00:00
2026-04-30T19:00:00+00:00,2026-05-01T04:00:00+09:00,2026-05-01,04:00,KRW=X,USD/KRW,fx,fx_krw,1473.959961,1474.439941,1472.599976,1472.680054,0.0,KRW,yahoo_intraday,2026-05-07T02:33:58.226347+00:00
2026-04-30T20:00:00+00:00,2026-05-01T05:00:00+09:00,2026-05-01,05:00,KRW=X,USD/KRW,fx,fx_krw,1472.97998,1473.949951,1472.569946,1473.560059,0.0,KRW,yahoo_intraday,2026-05-07T02:33:58.226347+00:00
2026-04-30T21:00:00+00:00,2026-05-01T06:00:00+09:00,2026-05-01,06:00,KRW=X,USD/KRW,fx,fx_krw,1473.550049,1474.469971,1472.640015,1473.290039,0.0,KRW,yahoo_intraday,2026-05-07T02:33:58.226347+00:00
2026-04-30T22:00:00+00:00,2026-05-01T07:00:00+09:00,2026-05-01,07:00,KRW=X,USD/KRW,fx,fx_krw,1473.300049,1476.680054,1472.930054,1474.76001,0.0,KRW,yahoo_intraday,2026-05-07T02:33:58.226347+00:00
2026-04-30T23:00:00+00:00,2026-05-01T08:00:00+09:00,2026-05-01,08:00,KRW=X,USD/KRW,fx,fx_krw,1474.0,1474.0,1474.0,1474.0,0.0,KRW,yahoo_intraday,2026-05-07T02:33:58.226347+00:00
2026-05-01T00:00:00+00:00,2026-05-01T09:00:00+09:00,2026-05-01,09:00,KRW=X,USD/KRW,fx,fx_krw,1473.27002,1473.890015,1472.829956,1473.099976,0.0,KRW,yahoo_intraday,2026-05-07T02:33:58.226347+00:00
2026-05-01T02:00:00+00:00,2026-05-01T11:00:00+09:00,2026-05-01,11:00,KRW=X,USD/KRW,fx,fx_krw,1473.099976,1474.72998,1472.829956,1473.030029,0.0,KRW,yahoo_intraday,2026-05-07T02:33:58.226347+00:00
2026-05-01T03:00:00+00:00,2026-05-01T12:00:00+09:00,2026-05-01,12:00,KRW=X,USD/KRW,fx,fx_krw,1473.050049,1474.459961,1472.920044,1473.72998,0.0,KRW,yahoo_intraday,2026-05-07T02:33:58.226347+00:00
2026-05-01T04:00:00+00:00,2026-05-01T13:00:00+09:00,2026-05-01,13:00,KRW=X,USD/KRW,fx,fx_krw,1473.709961,1475.810059,1473.709961,1475.77002,0.0,KRW,yahoo_intraday,2026-05-07T02:33:58.226347+00:00
2026-05-01T05:00:00+00:00,2026-05-01T14:00:00+09:00,2026-05-01,14:00,KRW=X,USD/KRW,fx,fx_krw,1474.719971,1476.069946,1473.849976,1476.02002,0.0,KRW,yahoo_intraday,2026-05-07T02:33:58.226347+00:00
2026-05-01T06:00:00+00:00,2026-05-01T15:00:00+09:00,2026-05-01,15:00,KRW=X,USD/KRW,fx,fx_krw,1476.050049,1476.050049,1471.839966,1472.439941,0.0,KRW,yahoo_intraday,2026-05-07T02:33:58.226347+00:00
2026-05-01T07:00:00+00:00,2026-05-01T16:00:00+09:00,2026-05-01,16:00,KRW=X,USD/KRW,fx,fx_krw,1472.699951,1473.780029,1472.550049,1472.869995,0.0,KRW,yahoo_intraday,2026-05-07T02:33:58.226347+00:00
2026-05-01T08:00:00+00:00,2026-05-01T17:00:00+09:00,2026-05-01,17:00,KRW=X,USD/KRW,fx,fx_krw,1472.869995,1473.060059,1472.079956,1472.359985,0.0,KRW,yahoo_intraday,2026-05-07T02:33:58.226347+00:00
2026-05-01T09:00:00+00:00,2026-05-01T18:00:00+09:00,2026-05-01,18:00,KRW=X,USD/KRW,fx,fx_krw,1472.660034,1473.130005,1472.079956,1472.849976,0.0,KRW,yahoo_intraday,2026-05-07T02:33:58.226347+00:00
2026-05-01T10:00:00+00:00,2026-05-01T19:00:00+09:00,2026-05-01,19:00,KRW=X,USD/KRW,fx,fx_krw,1473.160034,1473.73999,1472.839966,1472.839966,0.0,KRW,yahoo_intraday,2026-05-07T02:33:58.226347+00:00
2026-05-01T12:00:00+00:00,2026-05-01T21:00:00+09:00,2026-05-01,21:00,KRW=X,USD/KRW,fx,fx_krw,1469.650024,1472.099976,1468.420044,1471.98999,0.0,KRW,yahoo_intraday,2026-05-07T02:33:58.226347+00:00
2026-05-01T13:00:00+00:00,2026-05-01T22:00:00+09:00,2026-05-01,22:00,KRW=X,USD/KRW,fx,fx_krw,1471.97998,1472.51001,1468.829956,1470.030029,0.0,KRW,yahoo_intraday,2026-05-07T02:33:58.226347+00:00
2026-05-01T14:00:00+00:00,2026-05-01T23:00:00+09:00,2026-05-01,23:00,KRW=X,USD/KRW,fx,fx_krw,1470.849976,1471.01001,1467.51001,1469.359985,0.0,KRW,yahoo_intraday,2026-05-07T02:33:58.226347+00:00
2026-05-01T15:00:00+00:00,2026-05-02T00:00:00+09:00,2026-05-02,00:00,KRW=X,USD/KRW,fx,fx_krw,1469.329956,1470.339966,1467.400024,1469.530029,0.0,KRW,yahoo_intraday,2026-05-07T02:33:58.226347+00:00
2026-05-01T16:00:00+00:00,2026-05-02T01:00:00+09:00,2026-05-02,01:00,KRW=X,USD/KRW,fx,fx_krw,1469.26001,1473.97998,1468.459961,1470.48999,0.0,KRW,yahoo_intraday,2026-05-07T02:33:58.226347+00:00
2026-05-01T17:00:00+00:00,2026-05-02T02:00:00+09:00,2026-05-02,02:00,KRW=X,USD/KRW,fx,fx_krw,1470.560059,1472.420044,1470.170044,1471.609985,0.0,KRW,yahoo_intraday,2026-05-07T02:33:58.226347+00:00
2026-05-01T18:00:00+00:00,2026-05-02T03:00:00+09:00,2026-05-02,03:00,KRW=X,USD/KRW,fx,fx_krw,1471.849976,1473.23999,1470.800049,1472.449951,0.0,KRW,yahoo_intraday,2026-05-07T02:33:58.226347+00:00
2026-05-01T19:00:00+00:00,2026-05-02T04:00:00+09:00,2026-05-02,04:00,KRW=X,USD/KRW,fx,fx_krw,1472.469971,1472.97998,1471.329956,1472.5,0.0,KRW,yahoo_intraday,2026-05-07T02:33:58.226347+00:00
2026-05-01T20:00:00+00:00,2026-05-02T05:00:00+09:00,2026-05-02,05:00,KRW=X,USD/KRW,fx,fx_krw,1472.380005,1472.380005,1470.319946,1471.219971,0.0,KRW,yahoo_intraday,2026-05-07T02:33:58.226347+00:00
2026-05-04T04:00:00+00:00,2026-05-04T13:00:00+09:00,2026-05-04,13:00,KRW=X,USD/KRW,fx,fx_krw,1470.709961,1472.079956,1470.180054,1471.579956,0.0,KRW,yahoo_intraday,2026-05-07T02:33:58.226347+00:00
2026-05-04T05:00:00+00:00,2026-05-04T14:00:00+09:00,2026-05-04,14:00,KRW=X,USD/KRW,fx,fx_krw,1471.530029,1471.98999,1467.880005,1469.380005,0.0,KRW,yahoo_intraday,2026-05-07T02:33:58.226347+00:00
2026-05-04T06:00:00+00:00,2026-05-04T15:00:00+09:00,2026-05-04,15:00,KRW=X,USD/KRW,fx,fx_krw,1469.089966,1469.780029,1462.579956,1466.97998,0.0,KRW,yahoo_intraday,2026-05-07T02:33:58.226347+00:00
2026-05-04T07:00:00+00:00,2026-05-04T16:00:00+09:00,2026-05-04,16:00,KRW=X,USD/KRW,fx,fx_krw,1466.97998,1470.72998,1465.780029,1469.98999,0.0,KRW,yahoo_intraday,2026-05-07T02:33:58.226347+00:00
2026-05-04T08:00:00+00:00,2026-05-04T17:00:00+09:00,2026-05-04,17:00,KRW=X,USD/KRW,fx,fx_krw,1470.01001,1471.099976,1468.97998,1469.47998,0.0,KRW,yahoo_intraday,2026-05-07T02:33:58.226347+00:00
2026-05-04T09:00:00+00:00,2026-05-04T18:00:00+09:00,2026-05-04,18:00,KRW=X,USD/KRW,fx,fx_krw,1469.73999,1470.97998,1468.280029,1470.819946,0.0,KRW,yahoo_intraday,2026-05-07T02:33:58.226347+00:00
2026-05-04T10:00:00+00:00,2026-05-04T19:00:00+09:00,2026-05-04,19:00,KRW=X,USD/KRW,fx,fx_krw,1470.829956,1476.26001,1470.180054,1473.199951,0.0,KRW,yahoo_intraday,2026-05-07T02:33:58.226347+00:00
2026-05-04T11:00:00+00:00,2026-05-04T20:00:00+09:00,2026-05-04,20:00,KRW=X,USD/KRW,fx,fx_krw,1473.069946,1473.689941,1471.47998,1472.5,0.0,KRW,yahoo_intraday,2026-05-07T02:33:58.226347+00:00
2026-05-04T12:00:00+00:00,2026-05-04T21:00:00+09:00,2026-05-04,21:00,KRW=X,USD/KRW,fx,fx_krw,1472.530029,1472.72998,1467.969971,1468.630005,0.0,KRW,yahoo_intraday,2026-05-07T02:33:58.226347+00:00
2026-05-04T13:00:00+00:00,2026-05-04T22:00:00+09:00,2026-05-04,22:00,KRW=X,USD/KRW,fx,fx_krw,1469.560059,1471.079956,1466.829956,1468.699951,0.0,KRW,yahoo_intraday,2026-05-07T02:33:58.226347+00:00
2026-05-04T14:00:00+00:00,2026-05-04T23:00:00+09:00,2026-05-04,23:00,KRW=X,USD/KRW,fx,fx_krw,1467.880005,1470.51001,1467.550049,1470.300049,0.0,KRW,yahoo_intraday,2026-05-07T02:33:58.226347+00:00
2026-05-04T15:00:00+00:00,2026-05-05T00:00:00+09:00,2026-05-05,00:00,KRW=X,USD/KRW,fx,fx_krw,1470.810059,1476.160034,1469.680054,1475.72998,0.0,KRW,yahoo_intraday,2026-05-07T02:33:58.226347+00:00
2026-05-04T16:00:00+00:00,2026-05-05T01:00:00+09:00,2026-05-05,01:00,KRW=X,USD/KRW,fx,fx_krw,1476.119995,1478.530029,1473.780029,1478.109985,0.0,KRW,yahoo_intraday,2026-05-07T02:33:58.226347+00:00
2026-05-04T17:00:00+00:00,2026-05-05T02:00:00+09:00,2026-05-05,02:00,KRW=X,USD/KRW,fx,fx_krw,1477.640015,1478.319946,1475.709961,1476.420044,0.0,KRW,yahoo_intraday,2026-05-07T02:33:58.226347+00:00
2026-05-04T18:00:00+00:00,2026-05-05T03:00:00+09:00,2026-05-05,03:00,KRW=X,USD/KRW,fx,fx_krw,1476.560059,1477.699951,1474.640015,1474.640015,0.0,KRW,yahoo_intraday,2026-05-07T02:33:58.226347+00:00
2026-05-04T19:00:00+00:00,2026-05-05T04:00:00+09:00,2026-05-05,04:00,KRW=X,USD/KRW,fx,fx_krw,1474.810059,1475.280029,1473.949951,1475.119995,0.0,KRW,yahoo_intraday,2026-05-07T02:33:58.226347+00:00
2026-05-04T20:00:00+00:00,2026-05-05T05:00:00+09:00,2026-05-05,05:00,KRW=X,USD/KRW,fx,fx_krw,1475.48999,1475.930054,1475.01001,1475.459961,0.0,KRW,yahoo_intraday,2026-05-07T02:33:58.226347+00:00
2026-05-04T21:00:00+00:00,2026-05-05T06:00:00+09:00,2026-05-05,06:00,KRW=X,USD/KRW,fx,fx_krw,1475.459961,1477.810059,1475.069946,1475.319946,0.0,KRW,yahoo_intraday,2026-05-07T02:33:58.226347+00:00
2026-05-04T22:00:00+00:00,2026-05-05T07:00:00+09:00,2026-05-05,07:00,KRW=X,USD/KRW,fx,fx_krw,1475.089966,1477.640015,1475.050049,1476.150024,0.0,KRW,yahoo_intraday,2026-05-07T02:33:58.226347+00:00
2026-05-05T00:00:00+00:00,2026-05-05T09:00:00+09:00,2026-05-05,09:00,KRW=X,USD/KRW,fx,fx_krw,1477.699951,1477.699951,1474.939941,1476.180054,0.0,KRW,yahoo_intraday,2026-05-07T02:33:58.226347+00:00
2026-05-05T01:00:00+00:00,2026-05-05T10:00:00+09:00,2026-05-05,10:00,KRW=X,USD/KRW,fx,fx_krw,1476.180054,1476.640015,1474.51001,1474.599976,0.0,KRW,yahoo_intraday,2026-05-07T02:33:58.226347+00:00
2026-05-05T02:00:00+00:00,2026-05-05T11:00:00+09:00,2026-05-05,11:00,KRW=X,USD/KRW,fx,fx_krw,1475.22998,1475.530029,1472.390015,1473.689941,0.0,KRW,yahoo_intraday,2026-05-07T02:33:58.226347+00:00
2026-05-05T03:00:00+00:00,2026-05-05T12:00:00+09:00,2026-05-05,12:00,KRW=X,USD/KRW,fx,fx_krw,1473.420044,1475.51001,1473.27002,1474.849976,0.0,KRW,yahoo_intraday,2026-05-07T02:33:58.226347+00:00
2026-05-05T04:00:00+00:00,2026-05-05T13:00:00+09:00,2026-05-05,13:00,KRW=X,USD/KRW,fx,fx_krw,1474.849976,1476.640015,1474.430054,1476.160034,0.0,KRW,yahoo_intraday,2026-05-07T02:33:58.226347+00:00
2026-05-05T05:00:00+00:00,2026-05-05T14:00:00+09:00,2026-05-05,14:00,KRW=X,USD/KRW,fx,fx_krw,1476.030029,1476.829956,1474.880005,1475.51001,0.0,KRW,yahoo_intraday,2026-05-07T02:33:58.226347+00:00
2026-05-05T06:00:00+00:00,2026-05-05T15:00:00+09:00,2026-05-05,15:00,KRW=X,USD/KRW,fx,fx_krw,1475.619995,1475.910034,1473.969971,1475.01001,0.0,KRW,yahoo_intraday,2026-05-07T02:33:58.226347+00:00
2026-05-05T07:00:00+00:00,2026-05-05T16:00:00+09:00,2026-05-05,16:00,KRW=X,USD/KRW,fx,fx_krw,1474.640015,1474.640015,1472.73999,1473.890015,0.0,KRW,yahoo_intraday,2026-05-07T02:33:58.226347+00:00
2026-05-05T08:00:00+00:00,2026-05-05T17:00:00+09:00,2026-05-05,17:00,KRW=X,USD/KRW,fx,fx_krw,1473.890015,1474.099976,1471.369995,1472.98999,0.0,KRW,yahoo_intraday,2026-05-07T02:33:58.226347+00:00
2026-05-05T09:00:00+00:00,2026-05-05T18:00:00+09:00,2026-05-05,18:00,KRW=X,USD/KRW,fx,fx_krw,1473.130005,1475.189941,1472.349976,1472.359985,0.0,KRW,yahoo_intraday,2026-05-07T02:33:58.226347+00:00
2026-05-05T10:00:00+00:00,2026-05-05T19:00:00+09:00,2026-05-05,19:00,KRW=X,USD/KRW,fx,fx_krw,1472.359985,1474.069946,1470.459961,1472.51001,0.0,KRW,yahoo_intraday,2026-05-07T02:33:58.226347+00:00
2026-05-05T11:00:00+00:00,2026-05-05T20:00:00+09:00,2026-05-05,20:00,KRW=X,USD/KRW,fx,fx_krw,1472.51001,1474.209961,1472.109985,1472.469971,0.0,KRW,yahoo_intraday,2026-05-07T02:33:58.226347+00:00
2026-05-05T12:00:00+00:00,2026-05-05T21:00:00+09:00,2026-05-05,21:00,KRW=X,USD/KRW,fx,fx_krw,1472.469971,1474.01001,1469.709961,1469.819946,0.0,KRW,yahoo_intraday,2026-05-07T02:33:58.226347+00:00
2026-05-05T13:00:00+00:00,2026-05-05T22:00:00+09:00,2026-05-05,22:00,KRW=X,USD/KRW,fx,fx_krw,1470.459961,1472.109985,1468.640015,1471.329956,0.0,KRW,yahoo_intraday,2026-05-07T02:33:58.226347+00:00
2026-05-05T14:00:00+00:00,2026-05-05T23:00:00+09:00,2026-05-05,23:00,KRW=X,USD/KRW,fx,fx_krw,1471.329956,1472.380005,1468.180054,1470.459961,0.0,KRW,yahoo_intraday,2026-05-07T02:33:58.226347+00:00
2026-05-05T15:00:00+00:00,2026-05-06T00:00:00+09:00,2026-05-06,00:00,KRW=X,USD/KRW,fx,fx_krw,1470.459961,1472.099976,1466.800049,1469.459961,0.0,KRW,yahoo_intraday,2026-05-07T02:33:58.226347+00:00
2026-05-05T16:00:00+00:00,2026-05-06T01:00:00+09:00,2026-05-06,01:00,KRW=X,USD/KRW,fx,fx_krw,1468.380005,1471.77002,1466.400024,1466.609985,0.0,KRW,yahoo_intraday,2026-05-07T02:33:58.226347+00:00
2026-05-05T17:00:00+00:00,2026-05-06T02:00:00+09:00,2026-05-06,02:00,KRW=X,USD/KRW,fx,fx_krw,1467.109985,1472.219971,1466.170044,1467.189941,0.0,KRW,yahoo_intraday,2026-05-07T02:33:58.226347+00:00
2026-05-05T18:00:00+00:00,2026-05-06T03:00:00+09:00,2026-05-06,03:00,KRW=X,USD/KRW,fx,fx_krw,1466.829956,1471.72998,1466.290039,1466.839966,0.0,KRW,yahoo_intraday,2026-05-07T02:33:58.226347+00:00
2026-05-05T19:00:00+00:00,2026-05-06T04:00:00+09:00,2026-05-06,04:00,KRW=X,USD/KRW,fx,fx_krw,1466.689941,1472.069946,1466.319946,1466.890015,0.0,KRW,yahoo_intraday,2026-05-07T02:33:58.226347+00:00
2026-05-05T20:00:00+00:00,2026-05-06T05:00:00+09:00,2026-05-06,05:00,KRW=X,USD/KRW,fx,fx_krw,1466.869995,1471.810059,1466.430054,1468.560059,0.0,KRW,yahoo_intraday,2026-05-07T02:33:58.226347+00:00
2026-05-05T21:00:00+00:00,2026-05-06T06:00:00+09:00,2026-05-06,06:00,KRW=X,USD/KRW,fx,fx_krw,1468.560059,1474.73999,1467.97998,1474.459961,0.0,KRW,yahoo_intraday,2026-05-07T02:33:58.226347+00:00
2026-05-05T22:00:00+00:00,2026-05-06T07:00:00+09:00,2026-05-06,07:00,KRW=X,USD/KRW,fx,fx_krw,1474.449951,1474.880005,1474.390015,1474.880005,0.0,KRW,yahoo_intraday,2026-05-07T02:33:58.226347+00:00
2026-05-05T23:00:00+00:00,2026-05-06T08:00:00+09:00,2026-05-06,08:00,KRW=X,USD/KRW,fx,fx_krw,1474.880005,1474.880005,1474.880005,1474.880005,0.0,KRW,yahoo_intraday,2026-05-07T02:33:58.226347+00:00
2026-05-06T00:00:00+00:00,2026-05-06T09:00:00+09:00,2026-05-06,09:00,KRW=X,USD/KRW,fx,fx_krw,1474.869995,1474.869995,1456.719971,1457.390015,0.0,KRW,yahoo_intraday,2026-05-07T02:33:58.226347+00:00
2026-05-06T01:00:00+00:00,2026-05-06T10:00:00+09:00,2026-05-06,10:00,KRW=X,USD/KRW,fx,fx_krw,1457.780029,1458.97998,1454.839966,1455.780029,0.0,KRW,yahoo_intraday,2026-05-07T02:33:58.226347+00:00
2026-05-06T02:00:00+00:00,2026-05-06T11:00:00+09:00,2026-05-06,11:00,KRW=X,USD/KRW,fx,fx_krw,1455.699951,1458.329956,1455.349976,1456.77002,0.0,KRW,yahoo_intraday,2026-05-07T02:33:58.226347+00:00
2026-05-06T03:00:00+00:00,2026-05-06T12:00:00+09:00,2026-05-06,12:00,KRW=X,USD/KRW,fx,fx_krw,1456.410034,1458.400024,1456.369995,1458.369995,0.0,KRW,yahoo_intraday,2026-05-07T02:33:58.226347+00:00
2026-05-06T04:00:00+00:00,2026-05-06T13:00:00+09:00,2026-05-06,13:00,KRW=X,USD/KRW,fx,fx_krw,1458.390015,1458.5,1453.079956,1455.780029,0.0,KRW,yahoo_intraday,2026-05-07T02:33:58.226347+00:00
2026-05-06T05:00:00+00:00,2026-05-06T14:00:00+09:00,2026-05-06,14:00,KRW=X,USD/KRW,fx,fx_krw,1455.780029,1456.640015,1454.77002,1455.380005,0.0,KRW,yahoo_intraday,2026-05-07T02:33:58.226347+00:00
2026-05-06T06:00:00+00:00,2026-05-06T15:00:00+09:00,2026-05-06,15:00,KRW=X,USD/KRW,fx,fx_krw,1455.380005,1455.880005,1451.180054,1454.079956,0.0,KRW,yahoo_intraday,2026-05-07T02:33:58.226347+00:00
2026-05-06T07:00:00+00:00,2026-05-06T16:00:00+09:00,2026-05-06,16:00,KRW=X,USD/KRW,fx,fx_krw,1454.47998,1457.22998,1449.579956,1449.579956,0.0,KRW,yahoo_intraday,2026-05-07T02:33:58.226347+00:00
2026-05-06T08:00:00+00:00,2026-05-06T17:00:00+09:00,2026-05-06,17:00,KRW=X,USD/KRW,fx,fx_krw,1449.880005,1452.969971,1444.97998,1447.859985,0.0,KRW,yahoo_intraday,2026-05-07T02:33:58.226347+00:00
2026-05-06T09:00:00+00:00,2026-05-06T18:00:00+09:00,2026-05-06,18:00,KRW=X,USD/KRW,fx,fx_krw,1447.880005,1452.900024,1443.380005,1447.050049,0.0,KRW,yahoo_intraday,2026-05-07T02:33:58.226347+00:00
2026-05-06T10:00:00+00:00,2026-05-06T19:00:00+09:00,2026-05-06,19:00,KRW=X,USD/KRW,fx,fx_krw,1447.069946,1447.650024,1438.079956,1439.449951,0.0,KRW,yahoo_intraday,2026-05-07T02:33:58.226347+00:00
2026-05-06T11:00:00+00:00,2026-05-06T20:00:00+09:00,2026-05-06,20:00,KRW=X,USD/KRW,fx,fx_krw,1440.0,1445.880005,1439.380005,1444.869995,0.0,KRW,yahoo_intraday,2026-05-07T02:33:58.226347+00:00
2026-05-06T12:00:00+00:00,2026-05-06T21:00:00+09:00,2026-05-06,21:00,KRW=X,USD/KRW,fx,fx_krw,1444.949951,1449.780029,1444.380005,1449.310059,0.0,KRW,yahoo_intraday,2026-05-07T02:33:58.226347+00:00
2026-05-06T13:00:00+00:00,2026-05-06T22:00:00+09:00,2026-05-06,22:00,KRW=X,USD/KRW,fx,fx_krw,1449.319946,1451.579956,1447.079956,1447.680054,0.0,KRW,yahoo_intraday,2026-05-07T02:33:58.226347+00:00
2026-05-06T14:00:00+00:00,2026-05-06T23:00:00+09:00,2026-05-06,23:00,KRW=X,USD/KRW,fx,fx_krw,1447.719971,1450.180054,1444.780029,1447.0,0.0,KRW,yahoo_intraday,2026-05-07T02:33:58.226347+00:00
2026-05-06T15:00:00+00:00,2026-05-07T00:00:00+09:00,2026-05-07,00:00,KRW=X,USD/KRW,fx,fx_krw,1446.790039,1448.47998,1444.880005,1447.300049,0.0,KRW,yahoo_intraday,2026-05-07T02:33:58.226347+00:00
2026-05-06T16:00:00+00:00,2026-05-07T01:00:00+09:00,2026-05-07,01:00,KRW=X,USD/KRW,fx,fx_krw,1446.380005,1450.140015,1445.079956,1447.390015,0.0,KRW,yahoo_intraday,2026-05-07T02:33:58.226347+00:00
2026-05-06T17:00:00+00:00,2026-05-07T02:00:00+09:00,2026-05-07,02:00,KRW=X,USD/KRW,fx,fx_krw,1447.949951,1448.02002,1444.449951,1445.449951,0.0,KRW,yahoo_intraday,2026-05-07T02:33:58.226347+00:00
2026-05-06T18:00:00+00:00,2026-05-07T03:00:00+09:00,2026-05-07,03:00,KRW=X,USD/KRW,fx,fx_krw,1445.359985,1445.880005,1443.689941,1444.26001,0.0,KRW,yahoo_intraday,2026-05-07T02:33:58.226347+00:00
2026-05-06T19:00:00+00:00,2026-05-07T04:00:00+09:00,2026-05-07,04:00,KRW=X,USD/KRW,fx,fx_krw,1444.319946,1444.73999,1443.400024,1444.48999,0.0,KRW,yahoo_intraday,2026-05-07T02:33:58.226347+00:00
2026-05-06T20:00:00+00:00,2026-05-07T05:00:00+09:00,2026-05-07,05:00,KRW=X,USD/KRW,fx,fx_krw,1444.369995,1445.609985,1444.369995,1444.900024,0.0,KRW,yahoo_intraday,2026-05-07T02:33:58.226347+00:00
2026-05-06T21:00:00+00:00,2026-05-07T06:00:00+09:00,2026-05-07,06:00,KRW=X,USD/KRW,fx,fx_krw,1444.910034,1448.540039,1444.709961,1445.589966,0.0,KRW,yahoo_intraday,2026-05-07T02:33:58.226347+00:00
2026-05-06T22:00:00+00:00,2026-05-07T07:00:00+09:00,2026-05-07,07:00,KRW=X,USD/KRW,fx,fx_krw,1445.579956,1446.219971,1445.01001,1445.300049,0.0,KRW,yahoo_intraday,2026-05-07T02:33:58.226347+00:00
2026-05-07T00:00:00+00:00,2026-05-07T09:00:00+09:00,2026-05-07,09:00,KRW=X,USD/KRW,fx,fx_krw,1445.310059,1450.680054,1445.310059,1449.97998,0.0,KRW,yahoo_intraday,2026-05-07T02:33:58.226347+00:00
2026-05-07T01:00:00+00:00,2026-05-07T10:00:00+09:00,2026-05-07,10:00,KRW=X,USD/KRW,fx,fx_krw,1450.47998,1451.900024,1447.579956,1449.180054,0.0,KRW,yahoo_intraday,2026-05-07T02:33:58.226347+00:00
2026-05-07T02:00:00+00:00,2026-05-07T11:00:00+09:00,2026-05-07,11:00,KRW=X,USD/KRW,fx,fx_krw,1449.280029,1450.410034,1447.97998,1448.810059,0.0,KRW,yahoo_intraday,2026-05-07T02:33:58.226347+00:00
2026-05-07T02:34:05+00:00,2026-05-07T11:34:05+09:00,2026-05-07,11:34,KRW=X,USD/KRW,fx,fx_krw,1448.47998,1448.47998,1448.47998,1448.47998,0.0,KRW,yahoo_intraday,2026-05-07T02:33:58.226347+00:00
2026-04-30T13:30:00+00:00,2026-04-30T22:30:00+09:00,2026-04-30,22:30,QQQ,Nasdaq 100 ETF,us_etf,global_growth,665.309998,665.312012,657.559998,659.129883,12183330.0,USD,yahoo_intraday,2026-05-07T02:33:58.226347+00:00
2026-04-30T14:30:00+00:00,2026-04-30T23:30:00+09:00,2026-04-30,23:30,QQQ,Nasdaq 100 ETF,us_etf,global_growth,659.5,663.640015,657.77002,663.375,5221667.0,USD,yahoo_intraday,2026-05-07T02:33:58.226347+00:00
2026-04-30T15:30:00+00:00,2026-05-01T00:30:00+09:00,2026-05-01,00:30,QQQ,Nasdaq 100 ETF,us_etf,global_growth,663.390015,664.190002,661.640015,663.650024,2780012.0,USD,yahoo_intraday,2026-05-07T02:33:58.226347+00:00
2026-04-30T16:30:00+00:00,2026-05-01T01:30:00+09:00,2026-05-01,01:30,QQQ,Nasdaq 100 ETF,us_etf,global_growth,663.669983,664.789978,662.030029,664.780029,3912044.0,USD,yahoo_intraday,2026-05-07T02:33:58.226347+00:00
2026-04-30T17:30:00+00:00,2026-05-01T02:30:00+09:00,2026-05-01,02:30,QQQ,Nasdaq 100 ETF,us_etf,global_growth,664.775024,667.710022,664.76001,667.179626,4193157.0,USD,yahoo_intraday,2026-05-07T02:33:58.226347+00:00
2026-04-30T18:30:00+00:00,2026-05-01T03:30:00+09:00,2026-05-01,03:30,QQQ,Nasdaq 100 ETF,us_etf,global_growth,667.169983,668.26001,666.690002,667.890015,4232738.0,USD,yahoo_intraday,2026-05-07T02:33:58.226347+00:00
2026-04-30T19:30:00+00:00,2026-05-01T04:30:00+09:00,2026-05-01,04:30,QQQ,Nasdaq 100 ETF,us_etf,global_growth,667.719971,668.75,667.400024,667.570007,5135043.0,USD,yahoo_intraday,2026-05-07T02:33:58.226347+00:00
2026-05-01T13:30:00+00:00,2026-05-01T22:30:00+09:00,2026-05-01,22:30,QQQ,Nasdaq 100 ETF,us_etf,global_growth,669.159973,675.76001,668.799988,674.86499,11736144.0,USD,yahoo_intraday,2026-05-07T02:33:58.226347+00:00
2026-05-01T14:30:00+00:00,2026-05-01T23:30:00+09:00,2026-05-01,23:30,QQQ,Nasdaq 100 ETF,us_etf,global_growth,674.900024,674.900024,672.01001,674.700012,5947353.0,USD,yahoo_intraday,2026-05-07T02:33:58.226347+00:00
2026-05-01T15:30:00+00:00,2026-05-02T00:30:00+09:00,2026-05-02,00:30,QQQ,Nasdaq 100 ETF,us_etf,global_growth,674.710022,675.969971,673.630005,674.01001,5923565.0,USD,yahoo_intraday,2026-05-07T02:33:58.226347+00:00
2026-05-01T16:30:00+00:00,2026-05-02T01:30:00+09:00,2026-05-02,01:30,QQQ,Nasdaq 100 ETF,us_etf,global_growth,673.969971,675.284973,673.330017,675.23999,2609357.0,USD,yahoo_intraday,2026-05-07T02:33:58.226347+00:00
2026-05-01T17:30:00+00:00,2026-05-02T02:30:00+09:00,2026-05-02,02:30,QQQ,Nasdaq 100 ETF,us_etf,global_growth,675.25,675.52002,674.070007,674.870117,2387010.0,USD,yahoo_intraday,2026-05-07T02:33:58.226347+00:00
2026-05-01T18:30:00+00:00,2026-05-02T03:30:00+09:00,2026-05-02,03:30,QQQ,Nasdaq 100 ETF,us_etf,global_growth,674.837097,675.640015,673.090088,675.549988,3581744.0,USD,yahoo_intraday,2026-05-07T02:33:58.226347+00:00
2026-05-01T19:30:00+00:00,2026-05-02T04:30:00+09:00,2026-05-02,04:30,QQQ,Nasdaq 100 ETF,us_etf,global_growth,675.550476,675.659973,673.840027,674.159973,3780084.0,USD,yahoo_intraday,2026-05-07T02:33:58.226347+00:00
2026-05-04T13:30:00+00:00,2026-05-04T22:30:00+09:00,2026-05-04,22:30,QQQ,Nasdaq 100 ETF,us_etf,global_growth,674.640015,676.059998,673.559998,675.030029,7095753.0,USD,yahoo_intraday,2026-05-07T02:33:58.226347+00:00
2026-05-04T14:30:00+00:00,2026-05-04T23:30:00+09:00,2026-05-04,23:30,QQQ,Nasdaq 100 ETF,us_etf,global_growth,675.030029,676.72998,671.320007,672.784973,6183611.0,USD,yahoo_intraday,2026-05-07T02:33:58.226347+00:00
2026-05-04T15:30:00+00:00,2026-05-05T00:30:00+09:00,2026-05-05,00:30,QQQ,Nasdaq 100 ETF,us_etf,global_growth,672.780029,672.969971,668.900024,671.27002,5638528.0,USD,yahoo_intraday,2026-05-07T02:33:58.226347+00:00
2026-05-04T16:30:00+00:00,2026-05-05T01:30:00+09:00,2026-05-05,01:30,QQQ,Nasdaq 100 ETF,us_etf,global_growth,671.284973,673.450012,670.669983,673.222412,3690852.0,USD,yahoo_intraday,2026-05-07T02:33:58.226347+00:00
2026-05-04T17:30:00+00:00,2026-05-05T02:30:00+09:00,2026-05-05,02:30,QQQ,Nasdaq 100 ETF,us_etf,global_growth,673.23999,673.789917,671.719971,672.650024,2462185.0,USD,yahoo_intraday,2026-05-07T02:33:58.226347+00:00
2026-05-04T18:30:00+00:00,2026-05-05T03:30:00+09:00,2026-05-05,03:30,QQQ,Nasdaq 100 ETF,us_etf,global_growth,672.640015,673.080017,671.390015,672.830017,3624361.0,USD,yahoo_intraday,2026-05-07T02:33:58.226347+00:00
2026-05-04T19:30:00+00:00,2026-05-05T04:30:00+09:00,2026-05-05,04:30,QQQ,Nasdaq 100 ETF,us_etf,global_growth,672.835022,673.195007,672.070007,672.880005,3082755.0,USD,yahoo_intraday,2026-05-07T02:33:58.226347+00:00
2026-05-05T13:30:00+00:00,2026-05-05T22:30:00+09:00,2026-05-05,22:30,QQQ,Nasdaq 100 ETF,us_etf,global_growth,677.950012,681.460022,677.51001,681.119995,9677563.0,USD,yahoo_intraday,2026-05-07T02:33:58.226347+00:00
2026-05-05T14:30:00+00:00,2026-05-05T23:30:00+09:00,2026-05-05,23:30,QQQ,Nasdaq 100 ETF,us_etf,global_growth,681.130005,681.609985,680.030029,681.340027,5598323.0,USD,yahoo_intraday,2026-05-07T02:33:58.226347+00:00
2026-05-05T15:30:00+00:00,2026-05-06T00:30:00+09:00,2026-05-06,00:30,QQQ,Nasdaq 100 ETF,us_etf,global_growth,681.400024,681.940002,680.419983,681.025024,3360491.0,USD,yahoo_intraday,2026-05-07T02:33:58.226347+00:00
2026-05-05T16:30:00+00:00,2026-05-06T01:30:00+09:00,2026-05-06,01:30,QQQ,Nasdaq 100 ETF,us_etf,global_growth,681.030029,681.76001,680.47998,681.744995,3916528.0,USD,yahoo_intraday,2026-05-07T02:33:58.226347+00:00
2026-05-05T17:30:00+00:00,2026-05-06T02:30:00+09:00,2026-05-06,02:30,QQQ,Nasdaq 100 ETF,us_etf,global_growth,681.75,682.719971,681.52002,682.539978,3399126.0,USD,yahoo_intraday,2026-05-07T02:33:58.226347+00:00
2026-05-05T18:30:00+00:00,2026-05-06T03:30:00+09:00,2026-05-06,03:30,QQQ,Nasdaq 100 ETF,us_etf,global_growth,682.530029,682.773376,681.955017,682.275024,4044988.0,USD,yahoo_intraday,2026-05-07T02:33:58.226347+00:00
2026-05-05T19:30:00+00:00,2026-05-06T04:30:00+09:00,2026-05-06,04:30,QQQ,Nasdaq 100 ETF,us_etf,global_growth,682.26001,682.349915,680.868286,681.51001,3390819.0,USD,yahoo_intraday,2026-05-07T02:33:58.226347+00:00
2026-05-06T13:30:00+00:00,2026-05-06T22:30:00+09:00,2026-05-06,22:30,QQQ,Nasdaq 100 ETF,us_etf,global_growth,687.809998,690.52002,686.47998,688.419983,11599098.0,USD,yahoo_intraday,2026-05-07T02:33:58.226347+00:00
2026-05-06T14:30:00+00:00,2026-05-06T23:30:00+09:00,2026-05-06,23:30,QQQ,Nasdaq 100 ETF,us_etf,global_growth,688.440002,692.400024,688.440002,692.289978,4970780.0,USD,yahoo_intraday,2026-05-07T02:33:58.226347+00:00
2026-05-06T15:30:00+00:00,2026-05-07T00:30:00+09:00,2026-05-07,00:30,QQQ,Nasdaq 100 ETF,us_etf,global_growth,692.289978,692.849976,691.150024,692.190002,3183941.0,USD,yahoo_intraday,2026-05-07T02:33:58.226347+00:00
2026-05-06T16:30:00+00:00,2026-05-07T01:30:00+09:00,2026-05-07,01:30,QQQ,Nasdaq 100 ETF,us_etf,global_growth,692.224976,692.628296,690.74353,692.419983,2480982.0,USD,yahoo_intraday,2026-05-07T02:33:58.226347+00:00
2026-05-06T17:30:00+00:00,2026-05-07T02:30:00+09:00,2026-05-07,02:30,QQQ,Nasdaq 100 ETF,us_etf,global_growth,692.409973,693.76001,692.369995,693.640015,2776136.0,USD,yahoo_intraday,2026-05-07T02:33:58.226347+00:00
2026-05-06T18:30:00+00:00,2026-05-07T03:30:00+09:00,2026-05-07,03:30,QQQ,Nasdaq 100 ETF,us_etf,global_growth,693.73999,695.21228,693.419983,695.05011,3871511.0,USD,yahoo_intraday,2026-05-07T02:33:58.226347+00:00
2026-05-06T19:30:00+00:00,2026-05-07T04:30:00+09:00,2026-05-07,04:30,QQQ,Nasdaq 100 ETF,us_etf,global_growth,695.049988,695.929993,694.419983,695.590027,6268228.0,USD,yahoo_intraday,2026-05-07T02:33:58.226347+00:00
2026-05-06T20:00:00+00:00,2026-05-07T05:00:00+09:00,2026-05-07,05:00,QQQ,Nasdaq 100 ETF,us_etf,global_growth,695.77002,695.77002,695.77002,695.77002,0.0,USD,yahoo_intraday,2026-05-07T02:33:58.226347+00:00
2026-04-30T13:30:00+00:00,2026-04-30T22:30:00+09:00,2026-04-30,22:30,SOXX,US Semiconductor ETF,us_etf,global_semiconductor,456.579987,456.795013,450.609985,451.5,1632243.0,USD,yahoo_intraday,2026-05-07T02:33:58.226347+00:00
2026-04-30T14:30:00+00:00,2026-04-30T23:30:00+09:00,2026-04-30,23:30,SOXX,US Semiconductor ETF,us_etf,global_semiconductor,451.399994,458.660004,449.350006,458.300507,830871.0,USD,yahoo_intraday,2026-05-07T02:33:58.226347+00:00
2026-04-30T15:30:00+00:00,2026-05-01T00:30:00+09:00,2026-05-01,00:30,SOXX,US Semiconductor ETF,us_etf,global_semiconductor,458.265015,459.639893,455.799988,458.690002,568878.0,USD,yahoo_intraday,2026-05-07T02:33:58.226347+00:00
2026-04-30T16:30:00+00:00,2026-05-01T01:30:00+09:00,2026-05-01,01:30,SOXX,US Semiconductor ETF,us_etf,global_semiconductor,458.769989,459.299988,456.890015,459.179993,396797.0,USD,yahoo_intraday,2026-05-07T02:33:58.226347+00:00
2026-04-30T17:30:00+00:00,2026-05-01T02:30:00+09:00,2026-05-01,02:30,SOXX,US Semiconductor ETF,us_etf,global_semiconductor,459.26001,461.709991,459.220001,460.350006,389230.0,USD,yahoo_intraday,2026-05-07T02:33:58.226347+00:00
2026-04-30T18:30:00+00:00,2026-05-01T03:30:00+09:00,2026-05-01,03:30,SOXX,US Semiconductor ETF,us_etf,global_semiconductor,460.369995,461.109985,458.839996,460.190002,399738.0,USD,yahoo_intraday,2026-05-07T02:33:58.226347+00:00
2026-04-30T19:30:00+00:00,2026-05-01T04:30:00+09:00,2026-05-01,04:30,SOXX,US Semiconductor ETF,us_etf,global_semiconductor,460.059998,462.140015,459.070007,461.549988,712908.0,USD,yahoo_intraday,2026-05-07T02:33:58.226347+00:00
2026-05-01T13:30:00+00:00,2026-05-01T22:30:00+09:00,2026-05-01,22:30,SOXX,US Semiconductor ETF,us_etf,global_semiconductor,458.470001,464.829987,455.119995,462.649994,1579943.0,USD,yahoo_intraday,2026-05-07T02:33:58.226347+00:00
2026-05-01T14:30:00+00:00,2026-05-01T23:30:00+09:00,2026-05-01,23:30,SOXX,US Semiconductor ETF,us_etf,global_semiconductor,462.540009,463.600006,459.200012,462.869995,528119.0,USD,yahoo_intraday,2026-05-07T02:33:58.226347+00:00
2026-05-01T15:30:00+00:00,2026-05-02T00:30:00+09:00,2026-05-02,00:30,SOXX,US Semiconductor ETF,us_etf,global_semiconductor,463.100006,464.160004,461.200012,462.860107,440738.0,USD,yahoo_intraday,2026-05-07T02:33:58.226347+00:00
2026-05-01T16:30:00+00:00,2026-05-02T01:30:00+09:00,2026-05-02,01:30,SOXX,US Semiconductor ETF,us_etf,global_semiconductor,462.809998,464.640015,462.76001,464.320007,249798.0,USD,yahoo_intraday,2026-05-07T02:33:58.226347+00:00
2026-05-01T17:30:00+00:00,2026-05-02T02:30:00+09:00,2026-05-02,02:30,SOXX,US Semiconductor ETF,us_etf,global_semiconductor,464.350006,465.290009,464.015015,465.170013,283476.0,USD,yahoo_intraday,2026-05-07T02:33:58.226347+00:00
2026-05-01T18:30:00+00:00,2026-05-02T03:30:00+09:00,2026-05-02,03:30,SOXX,US Semiconductor ETF,us_etf,global_semiconductor,465.130005,466.839996,463.390015,466.618195,346195.0,USD,yahoo_intraday,2026-05-07T02:33:58.226347+00:00
2026-05-01T19:30:00+00:00,2026-05-02T04:30:00+09:00,2026-05-02,04:30,SOXX,US Semiconductor ETF,us_etf,global_semiconductor,466.709991,466.709991,465.279999,465.570007,560694.0,USD,yahoo_intraday,2026-05-07T02:33:58.226347+00:00
2026-05-04T13:30:00+00:00,2026-05-04T22:30:00+09:00,2026-05-04,22:30,SOXX,US Semiconductor ETF,us_etf,global_semiconductor,467.94751,469.609985,464.894989,464.981415,1553260.0,USD,yahoo_intraday,2026-05-07T02:33:58.226347+00:00
2026-05-04T14:30:00+00:00,2026-05-04T23:30:00+09:00,2026-05-04,23:30,SOXX,US Semiconductor ETF,us_etf,global_semiconductor,464.980011,467.519989,460.279999,462.470001,795995.0,USD,yahoo_intraday,2026-05-07T02:33:58.226347+00:00
2026-05-04T15:30:00+00:00,2026-05-05T00:30:00+09:00,2026-05-05,00:30,SOXX,US Semiconductor ETF,us_etf,global_semiconductor,462.51001,462.929993,457.809998,461.029999,908699.0,USD,yahoo_intraday,2026-05-07T02:33:58.226347+00:00
2026-05-04T16:30:00+00:00,2026-05-05T01:30:00+09:00,2026-05-05,01:30,SOXX,US Semiconductor ETF,us_etf,global_semiconductor,461.040009,463.869995,460.0,463.549988,458585.0,USD,yahoo_intraday,2026-05-07T02:33:58.226347+00:00
2026-05-04T17:30:00+00:00,2026-05-05T02:30:00+09:00,2026-05-05,02:30,SOXX,US Semiconductor ETF,us_etf,global_semiconductor,463.5,463.684998,461.36499,462.679993,255233.0,USD,yahoo_intraday,2026-05-07T02:33:58.226347+00:00
2026-05-04T18:30:00+00:00,2026-05-05T03:30:00+09:00,2026-05-05,03:30,SOXX,US Semiconductor ETF,us_etf,global_semiconductor,462.660004,463.5,461.029999,462.529999,402533.0,USD,yahoo_intraday,2026-05-07T02:33:58.226347+00:00
2026-05-04T19:30:00+00:00,2026-05-05T04:30:00+09:00,2026-05-05,04:30,SOXX,US Semiconductor ETF,us_etf,global_semiconductor,462.470001,463.950012,461.790009,462.160004,718482.0,USD,yahoo_intraday,2026-05-07T02:33:58.226347+00:00
2026-05-05T13:30:00+00:00,2026-05-05T22:30:00+09:00,2026-05-05,22:30,SOXX,US Semiconductor ETF,us_etf,global_semiconductor,471.36499,480.325012,470.23999,479.709991,1739107.0,USD,yahoo_intraday,2026-05-07T02:33:58.226347+00:00
2026-05-05T14:30:00+00:00,2026-05-05T23:30:00+09:00,2026-05-05,23:30,SOXX,US Semiconductor ETF,us_etf,global_semiconductor,479.679993,482.380005,477.929993,481.589996,944120.0,USD,yahoo_intraday,2026-05-07T02:33:58.226347+00:00
2026-05-05T15:30:00+00:00,2026-05-06T00:30:00+09:00,2026-05-06,00:30,SOXX,US Semiconductor ETF,us_etf,global_semiconductor,481.545013,485.630005,481.279999,483.404999,962607.0,USD,yahoo_intraday,2026-05-07T02:33:58.226347+00:00
2026-05-05T16:30:00+00:00,2026-05-06T01:30:00+09:00,2026-05-06,01:30,SOXX,US Semiconductor ETF,us_etf,global_semiconductor,483.38501,485.769989,481.600006,485.640015,636332.0,USD,yahoo_intraday,2026-05-07T02:33:58.226347+00:00
2026-05-05T17:30:00+00:00,2026-05-06T02:30:00+09:00,2026-05-06,02:30,SOXX,US Semiconductor ETF,us_etf,global_semiconductor,485.640015,486.160004,484.769989,485.375,488561.0,USD,yahoo_intraday,2026-05-07T02:33:58.226347+00:00
2026-05-05T18:30:00+00:00,2026-05-06T03:30:00+09:00,2026-05-06,03:30,SOXX,US Semiconductor ETF,us_etf,global_semiconductor,485.440002,486.180786,482.045013,482.375,731092.0,USD,yahoo_intraday,2026-05-07T02:33:58.226347+00:00
2026-05-05T19:30:00+00:00,2026-05-06T04:30:00+09:00,2026-05-06,04:30,SOXX,US Semiconductor ETF,us_etf,global_semiconductor,482.26001,483.079987,480.795013,482.654999,1103953.0,USD,yahoo_intraday,2026-05-07T02:33:58.226347+00:00
2026-05-06T13:30:00+00:00,2026-05-06T22:30:00+09:00,2026-05-06,22:30,SOXX,US Semiconductor ETF,us_etf,global_semiconductor,497.890015,502.640015,487.859985,489.670013,3243133.0,USD,yahoo_intraday,2026-05-07T02:33:58.226347+00:00
2026-05-06T14:30:00+00:00,2026-05-06T23:30:00+09:00,2026-05-06,23:30,SOXX,US Semiconductor ETF,us_etf,global_semiconductor,489.73999,502.609985,489.48999,502.28009,1072224.0,USD,yahoo_intraday,2026-05-07T02:33:58.226347+00:00
2026-05-06T15:30:00+00:00,2026-05-07T00:30:00+09:00,2026-05-07,00:30,SOXX,US Semiconductor ETF,us_etf,global_semiconductor,502.269989,502.570007,499.869995,500.730011,703096.0,USD,yahoo_intraday,2026-05-07T02:33:58.226347+00:00
2026-05-06T16:30:00+00:00,2026-05-07T01:30:00+09:00,2026-05-07,01:30,SOXX,US Semiconductor ETF,us_etf,global_semiconductor,501.095001,502.070007,499.450012,501.76001,765007.0,USD,yahoo_intraday,2026-05-07T02:33:58.226347+00:00
2026-05-06T17:30:00+00:00,2026-05-07T02:30:00+09:00,2026-05-07,02:30,SOXX,US Semiconductor ETF,us_etf,global_semiconductor,501.720001,503.169006,501.100098,502.329895,852886.0,USD,yahoo_intraday,2026-05-07T02:33:58.226347+00:00
2026-05-06T18:30:00+00:00,2026-05-07T03:30:00+09:00,2026-05-07,03:30,SOXX,US Semiconductor ETF,us_etf,global_semiconductor,502.289886,505.559998,501.709991,505.095001,1011059.0,USD,yahoo_intraday,2026-05-07T02:33:58.226347+00:00
2026-05-06T19:30:00+00:00,2026-05-07T04:30:00+09:00,2026-05-07,04:30,SOXX,US Semiconductor ETF,us_etf,global_semiconductor,504.991302,506.940002,503.390015,506.570007,1560086.0,USD,yahoo_intraday,2026-05-07T02:33:58.226347+00:00
2026-05-06T20:00:00+00:00,2026-05-07T05:00:00+09:00,2026-05-07,05:00,SOXX,US Semiconductor ETF,us_etf,global_semiconductor,506.869995,506.869995,506.869995,506.869995,0.0,USD,yahoo_intraday,2026-05-07T02:33:58.226347+00:00
2026-04-30T13:30:00+00:00,2026-04-30T22:30:00+09:00,2026-04-30,22:30,SPY,S&P 500 ETF,us_etf,global_risk,714.630005,714.72998,710.445007,712.01001,11913605.0,USD,yahoo_intraday,2026-05-07T02:33:58.226347+00:00
2026-04-30T14:30:00+00:00,2026-04-30T23:30:00+09:00,2026-04-30,23:30,SPY,S&P 500 ETF,us_etf,global_risk,712.01001,714.590027,711.179993,714.429993,5945326.0,USD,yahoo_intraday,2026-05-07T02:33:58.226347+00:00
2026-04-30T15:30:00+00:00,2026-05-01T00:30:00+09:00,2026-05-01,00:30,SPY,S&P 500 ETF,us_etf,global_risk,714.409973,715.390015,713.469971,715.179993,3889701.0,USD,yahoo_intraday,2026-05-07T02:33:58.226347+00:00
2026-04-30T16:30:00+00:00,2026-05-01T01:30:00+09:00,2026-05-01,01:30,SPY,S&P 500 ETF,us_etf,global_risk,715.179993,715.890015,713.900024,715.809998,3036045.0,USD,yahoo_intraday,2026-05-07T02:33:58.226347+00:00
2026-04-30T17:30:00+00:00,2026-05-01T02:30:00+09:00,2026-05-01,02:30,SPY,S&P 500 ETF,us_etf,global_risk,715.820007,718.109985,715.820007,717.880005,5140135.0,USD,yahoo_intraday,2026-05-07T02:33:58.226347+00:00
2026-04-30T18:30:00+00:00,2026-05-01T03:30:00+09:00,2026-05-01,03:30,SPY,S&P 500 ETF,us_etf,global_risk,718.099976,719.429993,717.869995,719.119995,9397872.0,USD,yahoo_intraday,2026-05-07T02:33:58.226347+00:00
2026-04-30T19:30:00+00:00,2026-05-01T04:30:00+09:00,2026-05-01,04:30,SPY,S&P 500 ETF,us_etf,global_risk,719.109985,719.789978,718.349976,718.390015,14690801.0,USD,yahoo_intraday,2026-05-07T02:33:58.226347+00:00
2026-05-01T13:30:00+00:00,2026-05-01T22:30:00+09:00,2026-05-01,22:30,SPY,S&P 500 ETF,us_etf,global_risk,721.25,724.869995,720.73999,724.258789,8946599.0,USD,yahoo_intraday,2026-05-07T02:33:58.226347+00:00
2026-05-01T14:30:00+00:00,2026-05-01T23:30:00+09:00,2026-05-01,23:30,SPY,S&P 500 ETF,us_etf,global_risk,724.27002,724.27002,722.039978,723.289978,4763258.0,USD,yahoo_intraday,2026-05-07T02:33:58.226347+00:00
2026-05-01T15:30:00+00:00,2026-05-02T00:30:00+09:00,2026-05-02,00:30,SPY,S&P 500 ETF,us_etf,global_risk,723.340027,724.380005,721.869995,722.140015,5460013.0,USD,yahoo_intraday,2026-05-07T02:33:58.226347+00:00
2026-05-01T16:30:00+00:00,2026-05-02T01:30:00+09:00,2026-05-02,01:30,SPY,S&P 500 ETF,us_etf,global_risk,722.120117,722.97998,721.48999,722.97998,3849822.0,USD,yahoo_intraday,2026-05-07T02:33:58.226347+00:00
2026-05-01T17:30:00+00:00,2026-05-02T02:30:00+09:00,2026-05-02,02:30,SPY,S&P 500 ETF,us_etf,global_risk,722.960022,723.219971,721.5,722.179993,3544604.0,USD,yahoo_intraday,2026-05-07T02:33:58.226347+00:00
2026-05-01T18:30:00+00:00,2026-05-02T03:30:00+09:00,2026-05-02,03:30,SPY,S&P 500 ETF,us_etf,global_risk,722.140015,722.590027,720.780029,722.419983,4367001.0,USD,yahoo_intraday,2026-05-07T02:33:58.226347+00:00
2026-05-01T19:30:00+00:00,2026-05-02T04:30:00+09:00,2026-05-02,04:30,SPY,S&P 500 ETF,us_etf,global_risk,722.429993,722.5,720.469971,720.669983,5673742.0,USD,yahoo_intraday,2026-05-07T02:33:58.226347+00:00
2026-05-04T13:30:00+00:00,2026-05-04T22:30:00+09:00,2026-05-04,22:30,SPY,S&P 500 ETF,us_etf,global_risk,719.719971,721.718994,719.25,721.23999,8887426.0,USD,yahoo_intraday,2026-05-07T02:33:58.226347+00:00
2026-05-04T14:30:00+00:00,2026-05-04T23:30:00+09:00,2026-05-04,23:30,SPY,S&P 500 ETF,us_etf,global_risk,721.219971,722.119995,717.450012,718.440002,8566235.0,USD,yahoo_intraday,2026-05-07T02:33:58.226347+00:00
2026-05-04T15:30:00+00:00,2026-05-05T00:30:00+09:00,2026-05-05,00:30,SPY,S&P 500 ETF,us_etf,global_risk,718.450012,718.73999,715.0,717.0,9000465.0,USD,yahoo_intraday,2026-05-07T02:33:58.226347+00:00
2026-05-04T16:30:00+00:00,2026-05-05T01:30:00+09:00,2026-05-05,01:30,SPY,S&P 500 ETF,us_etf,global_risk,716.98999,718.640015,716.299988,718.570007,3799740.0,USD,yahoo_intraday,2026-05-07T02:33:58.226347+00:00
2026-05-04T17:30:00+00:00,2026-05-05T02:30:00+09:00,2026-05-05,02:30,SPY,S&P 500 ETF,us_etf,global_risk,718.559998,718.994995,717.169983,717.76001,3700911.0,USD,yahoo_intraday,2026-05-07T02:33:58.226347+00:00
2026-05-04T18:30:00+00:00,2026-05-05T03:30:00+09:00,2026-05-05,03:30,SPY,S&P 500 ETF,us_etf,global_risk,717.76001,718.219971,716.830017,717.73999,5888031.0,USD,yahoo_intraday,2026-05-07T02:33:58.226347+00:00
2026-05-04T19:30:00+00:00,2026-05-05T04:30:00+09:00,2026-05-05,04:30,SPY,S&P 500 ETF,us_etf,global_risk,717.75,718.26001,717.349976,718.070007,7103245.0,USD,yahoo_intraday,2026-05-07T02:33:58.226347+00:00
2026-05-05T13:30:00+00:00,2026-05-05T22:30:00+09:00,2026-05-05,22:30,SPY,S&P 500 ETF,us_etf,global_risk,721.77002,723.669983,721.494995,723.289978,8255148.0,USD,yahoo_intraday,2026-05-07T02:33:58.226347+00:00
2026-05-05T14:30:00+00:00,2026-05-05T23:30:00+09:00,2026-05-05,23:30,SPY,S&P 500 ETF,us_etf,global_risk,723.297974,723.650024,722.380005,723.47998,4765199.0,USD,yahoo_intraday,2026-05-07T02:33:58.226347+00:00
2026-05-05T15:30:00+00:00,2026-05-06T00:30:00+09:00,2026-05-06,00:30,SPY,S&P 500 ETF,us_etf,global_risk,723.47998,723.869995,722.909973,723.580017,2317269.0,USD,yahoo_intraday,2026-05-07T02:33:58.226347+00:00
2026-05-05T16:30:00+00:00,2026-05-06T01:30:00+09:00,2026-05-06,01:30,SPY,S&P 500 ETF,us_etf,global_risk,723.559998,723.859985,723.119995,723.85498,2082805.0,USD,yahoo_intraday,2026-05-07T02:33:58.226347+00:00
2026-05-05T17:30:00+00:00,2026-05-06T02:30:00+09:00,2026-05-06,02:30,SPY,S&P 500 ETF,us_etf,global_risk,723.859985,724.700012,723.719971,724.474976,2991133.0,USD,yahoo_intraday,2026-05-07T02:33:58.226347+00:00
2026-05-05T18:30:00+00:00,2026-05-06T03:30:00+09:00,2026-05-06,03:30,SPY,S&P 500 ETF,us_etf,global_risk,724.474976,725.039978,724.099976,724.719971,3368327.0,USD,yahoo_intraday,2026-05-07T02:33:58.226347+00:00
2026-05-05T19:30:00+00:00,2026-05-06T04:30:00+09:00,2026-05-06,04:30,SPY,S&P 500 ETF,us_etf,global_risk,724.719971,724.869995,723.27002,723.73999,6966437.0,USD,yahoo_intraday,2026-05-07T02:33:58.226347+00:00
2026-05-06T13:30:00+00:00,2026-05-06T22:30:00+09:00,2026-05-06,22:30,SPY,S&P 500 ETF,us_etf,global_risk,728.159973,730.679993,727.820007,730.02002,9452082.0,USD,yahoo_intraday,2026-05-07T02:33:58.226347+00:00
2026-05-06T14:30:00+00:00,2026-05-06T23:30:00+09:00,2026-05-06,23:30,SPY,S&P 500 ETF,us_etf,global_risk,730.039978,732.559998,730.01001,732.059998,5578291.0,USD,yahoo_intraday,2026-05-07T02:33:58.226347+00:00
2026-05-06T15:30:00+00:00,2026-05-07T00:30:00+09:00,2026-05-07,00:30,SPY,S&P 500 ETF,us_etf,global_risk,732.054993,732.141479,730.940002,731.77002,3343304.0,USD,yahoo_intraday,2026-05-07T02:33:58.226347+00:00
2026-05-06T16:30:00+00:00,2026-05-07T01:30:00+09:00,2026-05-07,01:30,SPY,S&P 500 ETF,us_etf,global_risk,731.770081,731.840027,730.52887,731.679993,2929425.0,USD,yahoo_intraday,2026-05-07T02:33:58.226347+00:00
2026-05-06T17:30:00+00:00,2026-05-07T02:30:00+09:00,2026-05-07,02:30,SPY,S&P 500 ETF,us_etf,global_risk,731.679993,733.179993,731.544983,733.044983,3719450.0,USD,yahoo_intraday,2026-05-07T02:33:58.226347+00:00
2026-05-06T18:30:00+00:00,2026-05-07T03:30:00+09:00,2026-05-07,03:30,SPY,S&P 500 ETF,us_etf,global_risk,733.039978,733.98999,732.719971,733.859985,8118340.0,USD,yahoo_intraday,2026-05-07T02:33:58.226347+00:00
2026-05-06T19:30:00+00:00,2026-05-07T04:30:00+09:00,2026-05-07,04:30,SPY,S&P 500 ETF,us_etf,global_risk,733.849976,734.590027,733.549988,733.77002,9450549.0,USD,yahoo_intraday,2026-05-07T02:33:58.226347+00:00
2026-05-06T20:00:00+00:00,2026-05-07T05:00:00+09:00,2026-05-07,05:00,SPY,S&P 500 ETF,us_etf,global_risk,733.830017,733.830017,733.830017,733.830017,0.0,USD,yahoo_intraday,2026-05-07T02:33:58.226347+00:00
2026-04-30T13:30:00+00:00,2026-04-30T22:30:00+09:00,2026-04-30,22:30,TLT,US Long Treasury ETF,us_etf,global_rates,85.885002,85.900002,85.675102,85.779999,4438973.0,USD,yahoo_intraday,2026-05-07T02:33:58.226347+00:00
2026-04-30T14:30:00+00:00,2026-04-30T23:30:00+09:00,2026-04-30,23:30,TLT,US Long Treasury ETF,us_etf,global_rates,85.775002,85.860001,85.665001,85.830002,2074670.0,USD,yahoo_intraday,2026-05-07T02:33:58.226347+00:00
2026-04-30T15:30:00+00:00,2026-05-01T00:30:00+09:00,2026-05-01,00:30,TLT,US Long Treasury ETF,us_etf,global_rates,85.824997,85.855003,85.720001,85.775002,1189148.0,USD,yahoo_intraday,2026-05-07T02:33:58.226347+00:00
2026-04-30T16:30:00+00:00,2026-05-01T01:30:00+09:00,2026-05-01,01:30,TLT,US Long Treasury ETF,us_etf,global_rates,85.778297,85.779999,85.68,85.709999,1510006.0,USD,yahoo_intraday,2026-05-07T02:33:58.226347+00:00
2026-04-30T17:30:00+00:00,2026-05-01T02:30:00+09:00,2026-05-01,02:30,TLT,US Long Treasury ETF,us_etf,global_rates,85.714996,85.860001,85.690002,85.809998,4064385.0,USD,yahoo_intraday,2026-05-07T02:33:58.226347+00:00
2026-04-30T18:30:00+00:00,2026-05-01T03:30:00+09:00,2026-05-01,03:30,TLT,US Long Treasury ETF,us_etf,global_rates,85.805,85.82,85.639999,85.730003,4587145.0,USD,yahoo_intraday,2026-05-07T02:33:58.226347+00:00
2026-04-30T19:30:00+00:00,2026-05-01T04:30:00+09:00,2026-05-01,04:30,TLT,US Long Treasury ETF,us_etf,global_rates,85.729897,85.779999,85.385002,85.607498,6845272.0,USD,yahoo_intraday,2026-05-07T02:33:58.226347+00:00
2026-05-01T13:30:00+00:00,2026-05-01T22:30:00+09:00,2026-05-01,22:30,TLT,US Long Treasury ETF,us_etf,global_rates,85.491997,85.995003,85.339996,85.910004,5756007.0,USD,yahoo_intraday,2026-05-07T02:33:58.226347+00:00
2026-05-01T14:30:00+00:00,2026-05-01T23:30:00+09:00,2026-05-01,23:30,TLT,US Long Treasury ETF,us_etf,global_rates,85.900002,85.904999,85.580002,85.665001,3055654.0,USD,yahoo_intraday,2026-05-07T02:33:58.226347+00:00
2026-05-01T15:30:00+00:00,2026-05-02T00:30:00+09:00,2026-05-02,00:30,TLT,US Long Treasury ETF,us_etf,global_rates,85.669998,85.764999,85.555,85.654999,2252589.0,USD,yahoo_intraday,2026-05-07T02:33:58.226347+00:00
2026-05-01T16:30:00+00:00,2026-05-02T01:30:00+09:00,2026-05-02,01:30,TLT,US Long Treasury ETF,us_etf,global_rates,85.650002,85.739998,85.559998,85.620003,1602491.0,USD,yahoo_intraday,2026-05-07T02:33:58.226347+00:00
2026-05-01T17:30:00+00:00,2026-05-02T02:30:00+09:00,2026-05-02,02:30,TLT,US Long Treasury ETF,us_etf,global_rates,85.614998,85.709999,85.595001,85.669998,1029170.0,USD,yahoo_intraday,2026-05-07T02:33:58.226347+00:00
2026-05-01T18:30:00+00:00,2026-05-02T03:30:00+09:00,2026-05-02,03:30,TLT,US Long Treasury ETF,us_etf,global_rates,85.665001,85.730003,85.644997,85.644997,2125041.0,USD,yahoo_intraday,2026-05-07T02:33:58.226347+00:00
2026-05-01T19:30:00+00:00,2026-05-02T04:30:00+09:00,2026-05-02,04:30,TLT,US Long Treasury ETF,us_etf,global_rates,85.644997,85.650002,85.540001,85.599998,3171551.0,USD,yahoo_intraday,2026-05-07T02:33:58.226347+00:00
2026-05-04T13:30:00+00:00,2026-05-04T22:30:00+09:00,2026-05-04,22:30,TLT,US Long Treasury ETF,us_etf,global_rates,85.355003,85.360001,85.125,85.279999,4368849.0,USD,yahoo_intraday,2026-05-07T02:33:58.226347+00:00
2026-05-04T14:30:00+00:00,2026-05-04T23:30:00+09:00,2026-05-04,23:30,TLT,US Long Treasury ETF,us_etf,global_rates,85.270699,85.315002,84.949997,85.055,3629288.0,USD,yahoo_intraday,2026-05-07T02:33:58.226347+00:00
2026-05-04T15:30:00+00:00,2026-05-05T00:30:00+09:00,2026-05-05,00:30,TLT,US Long Treasury ETF,us_etf,global_rates,85.055,85.059998,84.760002,84.845001,5284658.0,USD,yahoo_intraday,2026-05-07T02:33:58.226347+00:00
2026-05-04T16:30:00+00:00,2026-05-05T01:30:00+09:00,2026-05-05,01:30,TLT,US Long Treasury ETF,us_etf,global_rates,84.848701,84.989998,84.769997,84.9785,2823062.0,USD,yahoo_intraday,2026-05-07T02:33:58.226347+00:00
2026-05-04T17:30:00+00:00,2026-05-05T02:30:00+09:00,2026-05-05,02:30,TLT,US Long Treasury ETF,us_etf,global_rates,84.974998,85.0,84.870003,84.894997,1347478.0,USD,yahoo_intraday,2026-05-07T02:33:58.226347+00:00
2026-05-04T18:30:00+00:00,2026-05-05T03:30:00+09:00,2026-05-05,03:30,TLT,US Long Treasury ETF,us_etf,global_rates,84.900002,85.019997,84.839996,84.955002,2441308.0,USD,yahoo_intraday,2026-05-07T02:33:58.226347+00:00
2026-05-04T19:30:00+00:00,2026-05-05T04:30:00+09:00,2026-05-05,04:30,TLT,US Long Treasury ETF,us_etf,global_rates,84.955002,85.004997,84.949997,84.970001,2560066.0,USD,yahoo_intraday,2026-05-07T02:33:58.226347+00:00
2026-05-05T13:30:00+00:00,2026-05-05T22:30:00+09:00,2026-05-05,22:30,TLT,US Long Treasury ETF,us_etf,global_rates,85.144997,85.400002,85.089996,85.269997,5086395.0,USD,yahoo_intraday,2026-05-07T02:33:58.226347+00:00
2026-05-05T14:30:00+00:00,2026-05-05T23:30:00+09:00,2026-05-05,23:30,TLT,US Long Treasury ETF,us_etf,global_rates,85.264999,85.309998,85.190002,85.309998,1623338.0,USD,yahoo_intraday,2026-05-07T02:33:58.226347+00:00
2026-05-05T15:30:00+00:00,2026-05-06T00:30:00+09:00,2026-05-06,00:30,TLT,US Long Treasury ETF,us_etf,global_rates,85.309998,85.410004,85.292801,85.355003,1755237.0,USD,yahoo_intraday,2026-05-07T02:33:58.226347+00:00
2026-05-05T16:30:00+00:00,2026-05-06T01:30:00+09:00,2026-05-06,01:30,TLT,US Long Treasury ETF,us_etf,global_rates,85.355003,85.394997,85.300102,85.385002,1261328.0,USD,yahoo_intraday,2026-05-07T02:33:58.226347+00:00
2026-05-05T17:30:00+00:00,2026-05-06T02:30:00+09:00,2026-05-06,02:30,TLT,US Long Treasury ETF,us_etf,global_rates,85.385002,85.445099,85.370102,85.400002,1202568.0,USD,yahoo_intraday,2026-05-07T02:33:58.226347+00:00
2026-05-05T18:30:00+00:00,2026-05-06T03:30:00+09:00,2026-05-06,03:30,TLT,US Long Treasury ETF,us_etf,global_rates,85.400101,85.489998,85.3545,85.455002,2096314.0,USD,yahoo_intraday,2026-05-07T02:33:58.226347+00:00
2026-05-05T19:30:00+00:00,2026-05-06T04:30:00+09:00,2026-05-06,04:30,TLT,US Long Treasury ETF,us_etf,global_rates,85.4599,85.470001,85.389999,85.43,2635149.0,USD,yahoo_intraday,2026-05-07T02:33:58.226347+00:00
2026-05-06T13:30:00+00:00,2026-05-06T22:30:00+09:00,2026-05-06,22:30,TLT,US Long Treasury ETF,us_etf,global_rates,86.049004,86.115097,85.919998,85.960297,4858161.0,USD,yahoo_intraday,2026-05-07T02:33:58.226347+00:00
2026-05-06T14:30:00+00:00,2026-05-06T23:30:00+09:00,2026-05-06,23:30,TLT,US Long Treasury ETF,us_etf,global_rates,85.959999,86.150002,85.959999,86.114998,2267516.0,USD,yahoo_intraday,2026-05-07T02:33:58.226347+00:00
2026-05-06T15:30:00+00:00,2026-05-07T00:30:00+09:00,2026-05-07,00:30,TLT,US Long Treasury ETF,us_etf,global_rates,86.120003,86.135002,86.014999,86.080002,1534577.0,USD,yahoo_intraday,2026-05-07T02:33:58.226347+00:00
2026-05-06T16:30:00+00:00,2026-05-07T01:30:00+09:00,2026-05-07,01:30,TLT,US Long Treasury ETF,us_etf,global_rates,86.07,86.135002,85.964996,86.129997,1111246.0,USD,yahoo_intraday,2026-05-07T02:33:58.226347+00:00
2026-05-06T17:30:00+00:00,2026-05-07T02:30:00+09:00,2026-05-07,02:30,TLT,US Long Treasury ETF,us_etf,global_rates,86.129997,86.165001,86.029999,86.029999,2102757.0,USD,yahoo_intraday,2026-05-07T02:33:58.226347+00:00
2026-05-06T18:30:00+00:00,2026-05-07T03:30:00+09:00,2026-05-07,03:30,TLT,US Long Treasury ETF,us_etf,global_rates,86.040001,86.1399,86.029999,86.095001,2989573.0,USD,yahoo_intraday,2026-05-07T02:33:58.226347+00:00
2026-05-06T19:30:00+00:00,2026-05-07T04:30:00+09:00,2026-05-07,04:30,TLT,US Long Treasury ETF,us_etf,global_rates,86.089996,86.165001,86.07,86.080002,3659385.0,USD,yahoo_intraday,2026-05-07T02:33:58.226347+00:00
2026-05-06T20:00:00+00:00,2026-05-07T05:00:00+09:00,2026-05-07,05:00,TLT,US Long Treasury ETF,us_etf,global_rates,86.080002,86.080002,86.080002,86.080002,0.0,USD,yahoo_intraday,2026-05-07T02:33:58.226347+00:00
2026-04-30T02:00:00+00:00,2026-04-30T11:00:00+09:00,2026-04-30,11:00,^KS200,KOSPI 200,kr_index,korea_market,1010.809998,1012.869995,1001.52002,1004.570007,0.0,KRW,yahoo_intraday,2026-05-07T02:33:58.226347+00:00
2026-04-30T03:00:00+00:00,2026-04-30T12:00:00+09:00,2026-04-30,12:00,^KS200,KOSPI 200,kr_index,korea_market,1003.900024,1006.669983,1001.830017,1004.880005,15915.0,KRW,yahoo_intraday,2026-05-07T02:33:58.226347+00:00
2026-04-30T04:00:00+00:00,2026-04-30T13:00:00+09:00,2026-04-30,13:00,^KS200,KOSPI 200,kr_index,korea_market,1004.52002,1004.789978,993.640015,994.179993,26783.0,KRW,yahoo_intraday,2026-05-07T02:33:58.226347+00:00
2026-04-30T05:00:00+00:00,2026-04-30T14:00:00+09:00,2026-04-30,14:00,^KS200,KOSPI 200,kr_index,korea_market,994.099976,999.919983,993.900024,996.969971,21645.0,KRW,yahoo_intraday,2026-05-07T02:33:58.226347+00:00
2026-05-04T00:00:00+00:00,2026-05-04T09:00:00+09:00,2026-05-04,09:00,^KS200,KOSPI 200,kr_index,korea_market,1022.409973,1023.690002,1014.849976,1021.72998,0.0,KRW,yahoo_intraday,2026-05-07T02:33:58.226347+00:00
2026-05-04T01:00:00+00:00,2026-05-04T10:00:00+09:00,2026-05-04,10:00,^KS200,KOSPI 200,kr_index,korea_market,1021.719971,1034.27002,1020.789978,1034.050049,56425.0,KRW,yahoo_intraday,2026-05-07T02:33:58.226347+00:00
2026-05-04T02:00:00+00:00,2026-05-04T11:00:00+09:00,2026-05-04,11:00,^KS200,KOSPI 200,kr_index,korea_market,1033.5,1043.930054,1031.630005,1038.290039,38436.0,KRW,yahoo_intraday,2026-05-07T02:33:58.226347+00:00
2026-05-04T03:00:00+00:00,2026-05-04T12:00:00+09:00,2026-05-04,12:00,^KS200,KOSPI 200,kr_index,korea_market,1038.630005,1043.880005,1036.01001,1042.920044,28742.0,KRW,yahoo_intraday,2026-05-07T02:33:58.226347+00:00
2026-05-04T04:00:00+00:00,2026-05-04T13:00:00+09:00,2026-05-04,13:00,^KS200,KOSPI 200,kr_index,korea_market,1043.75,1045.310059,1041.650024,1043.180054,41331.0,KRW,yahoo_intraday,2026-05-07T02:33:58.226347+00:00
2026-05-04T05:00:00+00:00,2026-05-04T14:00:00+09:00,2026-05-04,14:00,^KS200,KOSPI 200,kr_index,korea_market,1042.97998,1047.339966,1041.030029,1046.890015,35209.0,KRW,yahoo_intraday,2026-05-07T02:33:58.226347+00:00
2026-05-06T00:00:00+00:00,2026-05-06T09:00:00+09:00,2026-05-06,09:00,^KS200,KOSPI 200,kr_index,korea_market,1076.72998,1122.0,1076.72998,1119.920044,0.0,KRW,yahoo_intraday,2026-05-07T02:33:58.226347+00:00
2026-05-06T01:00:00+00:00,2026-05-06T10:00:00+09:00,2026-05-06,10:00,^KS200,KOSPI 200,kr_index,korea_market,1120.660034,1124.369995,1112.640015,1123.910034,60467.0,KRW,yahoo_intraday,2026-05-07T02:33:58.226347+00:00
2026-05-06T02:00:00+00:00,2026-05-06T11:00:00+09:00,2026-05-06,11:00,^KS200,KOSPI 200,kr_index,korea_market,1123.290039,1127.430054,1120.22998,1125.300049,40481.0,KRW,yahoo_intraday,2026-05-07T02:33:58.226347+00:00
2026-05-06T03:00:00+00:00,2026-05-06T12:00:00+09:00,2026-05-06,12:00,^KS200,KOSPI 200,kr_index,korea_market,1125.390015,1136.180054,1124.699951,1129.530029,51728.0,KRW,yahoo_intraday,2026-05-07T02:33:58.226347+00:00
2026-05-06T04:00:00+00:00,2026-05-06T13:00:00+09:00,2026-05-06,13:00,^KS200,KOSPI 200,kr_index,korea_market,1129.5,1137.219971,1129.01001,1129.890015,33566.0,KRW,yahoo_intraday,2026-05-07T02:33:58.226347+00:00
2026-05-06T05:00:00+00:00,2026-05-06T14:00:00+09:00,2026-05-06,14:00,^KS200,KOSPI 200,kr_index,korea_market,1129.660034,1136.800049,1126.329956,1135.77002,40794.0,KRW,yahoo_intraday,2026-05-07T02:33:58.226347+00:00
2026-05-07T00:00:00+00:00,2026-05-07T09:00:00+09:00,2026-05-07,09:00,^KS200,KOSPI 200,kr_index,korea_market,1150.180054,1156.719971,1110.369995,1119.109985,118965.0,KRW,yahoo_intraday,2026-05-07T02:33:58.226347+00:00
2026-05-07T01:00:00+00:00,2026-05-07T10:00:00+09:00,2026-05-07,10:00,^KS200,KOSPI 200,kr_index,korea_market,1118.949951,1133.949951,1112.939941,1133.349976,43386.0,KRW,yahoo_intraday,2026-05-07T02:33:58.226347+00:00
2026-05-07T02:00:00+00:00,2026-05-07T11:00:00+09:00,2026-05-07,11:00,^KS200,KOSPI 200,kr_index,korea_market,1133.180054,1138.310059,1132.359985,1135.300049,6572.0,KRW,yahoo_intraday,2026-05-07T02:33:58.226347+00:00
2026-05-07T02:13:57+00:00,2026-05-07T11:13:57+09:00,2026-05-07,11:13,^KS200,KOSPI 200,kr_index,korea_market,1135.319946,1135.319946,1135.319946,1135.319946,0.0,KRW,yahoo_intraday,2026-05-07T02:33:58.226347+00:00
